2026-07-13 19:05:48,233 [INFO ]  Logging file is ./pretrained_uf/DCVCUFIntra/2/20260713_190548.log
2026-07-13 19:05:48,233 [INFO ]  ======================= 2026-07-13_19_05_47 =======================
2026-07-13 19:05:48,233 [INFO ]  model: DCVCUFIntra
2026-07-13 19:05:48,233 [INFO ]  train_root: None
2026-07-13 19:05:48,233 [INFO ]  train_filelist: /home/admin1/Data/data/vimeo_septuplet/train_filelist.txt
2026-07-13 19:05:48,233 [INFO ]  test_dataset: None
2026-07-13 19:05:48,233 [INFO ]  test_filelist: None
2026-07-13 19:05:48,233 [INFO ]  epochs: 120
2026-07-13 19:05:48,234 [INFO ]  learning_rate: 0.0001
2026-07-13 19:05:48,234 [INFO ]  num_workers: 4
2026-07-13 19:05:48,234 [INFO ]  quality_level: 2
2026-07-13 19:05:48,234 [INFO ]  batch_size: 4
2026-07-13 19:05:48,234 [INFO ]  test_batch_size: 1
2026-07-13 19:05:48,234 [INFO ]  patch_size: (256, 256)
2026-07-13 19:05:48,234 [INFO ]  chunk_size: 8
2026-07-13 19:05:48,234 [INFO ]  gop: 8
2026-07-13 19:05:48,234 [INFO ]  test_gop: 8
2026-07-13 19:05:48,234 [INFO ]  q_num: 64
2026-07-13 19:05:48,234 [INFO ]  test_qp: 63
2026-07-13 19:05:48,234 [INFO ]  warmup_epochs: 20
2026-07-13 19:05:48,234 [INFO ]  qp_warmup_epochs: 48
2026-07-13 19:05:48,234 [INFO ]  cuda: True
2026-07-13 19:05:48,234 [INFO ]  save: True
2026-07-13 19:05:48,234 [INFO ]  save_interval: 10
2026-07-13 19:05:48,234 [INFO ]  seed: 7
2026-07-13 19:05:48,234 [INFO ]  clip_max_norm: 1.0
2026-07-13 19:05:48,234 [INFO ]  local_rank: 0
2026-07-13 19:05:48,234 [INFO ]  checkpoint: None
2026-07-13 19:05:48,234 [INFO ]  output_dir: ./pretrained_uf
2026-07-13 19:05:48,234 [INFO ]  name: 2026-07-13_19_05_47
2026-07-13 19:05:48,234 [INFO ]  log_interval: 500
2026-07-13 19:05:48,234 [INFO ]  check_exists: False
2026-07-13 19:05:48,234 [INFO ]  max_samples: None
2026-07-13 19:05:48,234 [INFO ]  pad_last: True
2026-07-13 19:05:48,234 [INFO ]  drop_last: False
2026-07-13 19:05:48,235 [INFO ]  distributed: True
2026-07-13 19:05:48,235 [INFO ]  ========================================
2026-07-13 19:05:54,339 [INFO ]  ====== Current epoch 0 ======
2026-07-13 19:05:54,339 [INFO ]  Learning rate: 0.0001
2026-07-13 19:05:56,019 [INFO ]  [0/5732] | Loss: 876.697 | PSNR: 7.561 | MSE: 0.17533877 | BPP: 0.2950 | QP: 63
2026-07-13 19:07:03,544 [INFO ]  [500/5732] | Loss: 203.038 | PSNR: 13.914 | MSE: 0.04060737 | BPP: 0.0811 | QP: 63
2026-07-13 19:08:11,742 [INFO ]  [1000/5732] | Loss: 173.419 | PSNR: 14.599 | MSE: 0.03468367 | BPP: 0.0768 | QP: 63
2026-07-13 19:09:19,405 [INFO ]  [1500/5732] | Loss: 151.185 | PSNR: 15.195 | MSE: 0.03023686 | BPP: 0.0768 | QP: 63
2026-07-13 19:10:27,413 [INFO ]  [2000/5732] | Loss: 132.544 | PSNR: 15.766 | MSE: 0.02650869 | BPP: 0.0757 | QP: 63
2026-07-13 19:11:35,261 [INFO ]  [2500/5732] | Loss: 116.941 | PSNR: 16.310 | MSE: 0.02338803 | BPP: 0.0748 | QP: 63
2026-07-13 19:12:43,266 [INFO ]  [3000/5732] | Loss: 104.768 | PSNR: 16.787 | MSE: 0.02095346 | BPP: 0.0742 | QP: 63
2026-07-13 19:13:50,402 [INFO ]  [3500/5732] | Loss: 95.027 | PSNR: 17.211 | MSE: 0.01900531 | BPP: 0.0755 | QP: 63
2026-07-13 19:14:59,516 [INFO ]  [4000/5732] | Loss: 86.869 | PSNR: 17.601 | MSE: 0.01737363 | BPP: 0.0760 | QP: 63
2026-07-13 19:16:07,573 [INFO ]  [4500/5732] | Loss: 79.930 | PSNR: 17.963 | MSE: 0.01598576 | BPP: 0.0763 | QP: 63
2026-07-13 19:17:15,743 [INFO ]  [5000/5732] | Loss: 73.901 | PSNR: 18.303 | MSE: 0.01478006 | BPP: 0.0765 | QP: 63
2026-07-13 19:18:24,681 [INFO ]  [5500/5732] | Loss: 68.891 | PSNR: 18.608 | MSE: 0.01377805 | BPP: 0.0771 | QP: 63
2026-07-13 19:18:56,294 [INFO ]  Train epoch 0: Loss: 66.819 | PSNR: 18.741 | MSE: 0.01336372 | BPP: 0.0773
2026-07-13 19:18:56,294 [INFO ]  No test_filelist is set; using train loss for checkpoint selection.
2026-07-13 19:18:57,039 [INFO ]  Checkpoint epoch 0: best model saved: yes | current loss: 66.819385 | best loss: 66.819385
2026-07-13 19:18:57,039 [INFO ]  Global step updated to: 5732
2026-07-13 19:18:57,039 [INFO ]  ====== Current epoch 1 ======
2026-07-13 19:18:57,039 [INFO ]  Learning rate: 0.0001
2026-07-13 19:18:57,471 [INFO ]  [0/5732] | Loss: 16.445 | PSNR: 24.830 | MSE: 0.00328877 | BPP: 0.0798 | QP: 63
2026-07-13 19:20:05,819 [INFO ]  [500/5732] | Loss: 17.327 | PSNR: 24.603 | MSE: 0.00346518 | BPP: 0.0867 | QP: 63
2026-07-13 19:21:14,675 [INFO ]  [1000/5732] | Loss: 17.071 | PSNR: 24.667 | MSE: 0.00341408 | BPP: 0.0865 | QP: 63
2026-07-13 19:22:22,728 [INFO ]  [1500/5732] | Loss: 16.122 | PSNR: 24.916 | MSE: 0.00322427 | BPP: 0.0880 | QP: 63
2026-07-13 19:23:30,265 [INFO ]  [2000/5732] | Loss: 15.073 | PSNR: 25.208 | MSE: 0.00301439 | BPP: 0.0893 | QP: 63
2026-07-13 19:24:39,125 [INFO ]  [2500/5732] | Loss: 14.183 | PSNR: 25.472 | MSE: 0.00283642 | BPP: 0.0905 | QP: 63
2026-07-13 19:25:45,893 [INFO ]  [3000/5732] | Loss: 13.560 | PSNR: 25.667 | MSE: 0.00271192 | BPP: 0.0920 | QP: 63
2026-07-13 19:26:54,502 [INFO ]  [3500/5732] | Loss: 13.000 | PSNR: 25.851 | MSE: 0.00259977 | BPP: 0.0933 | QP: 63
2026-07-13 19:28:02,624 [INFO ]  [4000/5732] | Loss: 12.579 | PSNR: 25.994 | MSE: 0.00251558 | BPP: 0.0944 | QP: 63
2026-07-13 19:29:11,356 [INFO ]  [4500/5732] | Loss: 12.232 | PSNR: 26.115 | MSE: 0.00244628 | BPP: 0.0955 | QP: 63
2026-07-13 19:30:19,382 [INFO ]  [5000/5732] | Loss: 11.869 | PSNR: 26.246 | MSE: 0.00237365 | BPP: 0.0966 | QP: 63
2026-07-13 19:31:28,198 [INFO ]  [5500/5732] | Loss: 11.428 | PSNR: 26.411 | MSE: 0.00228532 | BPP: 0.0975 | QP: 63
2026-07-13 19:31:59,484 [INFO ]  Train epoch 1: Loss: 11.246 | PSNR: 26.480 | MSE: 0.00224899 | BPP: 0.0981
2026-07-13 19:31:59,485 [INFO ]  No test_filelist is set; using train loss for checkpoint selection.
2026-07-13 19:32:00,704 [INFO ]  Checkpoint epoch 1: best model saved: yes | current loss: 11.245909 | best loss: 11.245909
2026-07-13 19:32:00,704 [INFO ]  Global step updated to: 11464
2026-07-13 19:32:00,704 [INFO ]  ====== Current epoch 2 ======
2026-07-13 19:32:00,704 [INFO ]  Learning rate: 0.0001
2026-07-13 19:32:01,149 [INFO ]  [0/5732] | Loss: 7.052 | PSNR: 28.507 | MSE: 0.00141013 | BPP: 0.1220 | QP: 63
2026-07-13 19:33:09,755 [INFO ]  [500/5732] | Loss: 6.317 | PSNR: 28.986 | MSE: 0.00126309 | BPP: 0.1089 | QP: 63
2026-07-13 19:34:18,483 [INFO ]  [1000/5732] | Loss: 6.295 | PSNR: 29.001 | MSE: 0.00125875 | BPP: 0.1098 | QP: 63
2026-07-13 19:35:27,531 [INFO ]  [1500/5732] | Loss: 6.165 | PSNR: 29.091 | MSE: 0.00123274 | BPP: 0.1100 | QP: 63
2026-07-13 19:36:35,187 [INFO ]  [2000/5732] | Loss: 5.859 | PSNR: 29.312 | MSE: 0.00117162 | BPP: 0.1102 | QP: 63
2026-07-13 19:37:44,291 [INFO ]  [2500/5732] | Loss: 5.596 | PSNR: 29.512 | MSE: 0.00111898 | BPP: 0.1104 | QP: 63
2026-07-13 19:38:52,871 [INFO ]  [3000/5732] | Loss: 5.404 | PSNR: 29.664 | MSE: 0.00108053 | BPP: 0.1108 | QP: 63
2026-07-13 19:40:02,019 [INFO ]  [3500/5732] | Loss: 5.184 | PSNR: 29.844 | MSE: 0.00103660 | BPP: 0.1108 | QP: 63
2026-07-13 19:41:10,358 [INFO ]  [4000/5732] | Loss: 5.008 | PSNR: 29.994 | MSE: 0.00100134 | BPP: 0.1109 | QP: 63
2026-07-13 19:42:19,043 [INFO ]  [4500/5732] | Loss: 4.862 | PSNR: 30.123 | MSE: 0.00097209 | BPP: 0.1110 | QP: 63
2026-07-13 19:43:26,516 [INFO ]  [5000/5732] | Loss: 4.747 | PSNR: 30.226 | MSE: 0.00094924 | BPP: 0.1114 | QP: 63
2026-07-13 19:44:34,491 [INFO ]  [5500/5732] | Loss: 4.642 | PSNR: 30.324 | MSE: 0.00092821 | BPP: 0.1118 | QP: 63
2026-07-13 19:45:05,353 [INFO ]  Train epoch 2: Loss: 4.622 | PSNR: 30.343 | MSE: 0.00092411 | BPP: 0.1122
2026-07-13 19:45:05,354 [INFO ]  No test_filelist is set; using train loss for checkpoint selection.
2026-07-13 19:45:06,506 [INFO ]  Checkpoint epoch 2: best model saved: yes | current loss: 4.621665 | best loss: 4.621665
2026-07-13 19:45:06,507 [INFO ]  Global step updated to: 17196
2026-07-13 19:45:06,507 [INFO ]  ====== Current epoch 3 ======
2026-07-13 19:45:06,507 [INFO ]  Learning rate: 0.0001
2026-07-13 19:45:06,971 [INFO ]  [0/5732] | Loss: 2.959 | PSNR: 32.279 | MSE: 0.00059165 | BPP: 0.1103 | QP: 63
2026-07-13 19:46:15,998 [INFO ]  [500/5732] | Loss: 3.531 | PSNR: 31.512 | MSE: 0.00070596 | BPP: 0.1194 | QP: 63
2026-07-13 19:47:24,390 [INFO ]  [1000/5732] | Loss: 3.533 | PSNR: 31.510 | MSE: 0.00070631 | BPP: 0.1201 | QP: 63
2026-07-13 19:48:32,608 [INFO ]  [1500/5732] | Loss: 3.492 | PSNR: 31.561 | MSE: 0.00069813 | BPP: 0.1205 | QP: 63
2026-07-13 19:49:41,105 [INFO ]  [2000/5732] | Loss: 3.457 | PSNR: 31.604 | MSE: 0.00069119 | BPP: 0.1208 | QP: 63
2026-07-13 19:50:49,536 [INFO ]  [2500/5732] | Loss: 3.414 | PSNR: 31.659 | MSE: 0.00068247 | BPP: 0.1211 | QP: 63
2026-07-13 19:51:58,886 [INFO ]  [3000/5732] | Loss: 3.390 | PSNR: 31.690 | MSE: 0.00067766 | BPP: 0.1214 | QP: 63
2026-07-13 19:53:08,225 [INFO ]  [3500/5732] | Loss: 3.382 | PSNR: 31.700 | MSE: 0.00067606 | BPP: 0.1219 | QP: 63
2026-07-13 19:54:15,432 [INFO ]  [4000/5732] | Loss: 3.362 | PSNR: 31.725 | MSE: 0.00067222 | BPP: 0.1225 | QP: 63
2026-07-13 19:55:22,959 [INFO ]  [4500/5732] | Loss: 3.277 | PSNR: 31.837 | MSE: 0.00065508 | BPP: 0.1229 | QP: 63
2026-07-13 19:56:32,141 [INFO ]  [5000/5732] | Loss: 3.209 | PSNR: 31.928 | MSE: 0.00064154 | BPP: 0.1233 | QP: 63
2026-07-13 19:57:40,128 [INFO ]  [5500/5732] | Loss: 3.149 | PSNR: 32.010 | MSE: 0.00062958 | BPP: 0.1237 | QP: 63
2026-07-13 19:58:11,426 [INFO ]  Train epoch 3: Loss: 3.146 | PSNR: 32.014 | MSE: 0.00062887 | BPP: 0.1239
2026-07-13 19:58:11,426 [INFO ]  No test_filelist is set; using train loss for checkpoint selection.
2026-07-13 19:58:12,664 [INFO ]  Checkpoint epoch 3: best model saved: yes | current loss: 3.145595 | best loss: 3.145595
2026-07-13 19:58:12,664 [INFO ]  Global step updated to: 22928
2026-07-13 19:58:12,664 [INFO ]  ====== Current epoch 4 ======
2026-07-13 19:58:12,664 [INFO ]  Learning rate: 0.0001
2026-07-13 19:58:13,150 [INFO ]  [0/5732] | Loss: 1.324 | PSNR: 35.774 | MSE: 0.00026460 | BPP: 0.1020 | QP: 63
2026-07-13 19:59:21,588 [INFO ]  [500/5732] | Loss: 2.537 | PSNR: 32.949 | MSE: 0.00050709 | BPP: 0.1286 | QP: 63
2026-07-13 20:00:30,233 [INFO ]  [1000/5732] | Loss: 2.435 | PSNR: 33.127 | MSE: 0.00048680 | BPP: 0.1278 | QP: 63
2026-07-13 20:01:38,980 [INFO ]  [1500/5732] | Loss: 2.454 | PSNR: 33.094 | MSE: 0.00049045 | BPP: 0.1279 | QP: 63
2026-07-13 20:02:47,874 [INFO ]  [2000/5732] | Loss: 2.465 | PSNR: 33.074 | MSE: 0.00049277 | BPP: 0.1283 | QP: 63
2026-07-13 20:03:57,066 [INFO ]  [2500/5732] | Loss: 2.444 | PSNR: 33.111 | MSE: 0.00048856 | BPP: 0.1284 | QP: 63
2026-07-13 20:05:05,983 [INFO ]  [3000/5732] | Loss: 2.425 | PSNR: 33.145 | MSE: 0.00048471 | BPP: 0.1286 | QP: 63
2026-07-13 20:06:14,190 [INFO ]  [3500/5732] | Loss: 2.419 | PSNR: 33.155 | MSE: 0.00048362 | BPP: 0.1289 | QP: 63
2026-07-13 20:07:22,053 [INFO ]  [4000/5732] | Loss: 2.409 | PSNR: 33.173 | MSE: 0.00048163 | BPP: 0.1292 | QP: 63
2026-07-13 20:08:29,640 [INFO ]  [4500/5732] | Loss: 2.396 | PSNR: 33.197 | MSE: 0.00047891 | BPP: 0.1296 | QP: 63
2026-07-13 20:09:37,136 [INFO ]  [5000/5732] | Loss: 2.384 | PSNR: 33.219 | MSE: 0.00047649 | BPP: 0.1300 | QP: 63
2026-07-13 20:10:45,762 [INFO ]  [5500/5732] | Loss: 2.370 | PSNR: 33.245 | MSE: 0.00047365 | BPP: 0.1303 | QP: 63
2026-07-13 20:11:16,765 [INFO ]  Train epoch 4: Loss: 2.371 | PSNR: 33.242 | MSE: 0.00047402 | BPP: 0.1305
2026-07-13 20:11:16,766 [INFO ]  No test_filelist is set; using train loss for checkpoint selection.
2026-07-13 20:11:17,928 [INFO ]  Checkpoint epoch 4: best model saved: yes | current loss: 2.371398 | best loss: 2.371398
2026-07-13 20:11:17,928 [INFO ]  Global step updated to: 28660
2026-07-13 20:11:17,928 [INFO ]  ====== Current epoch 5 ======
2026-07-13 20:11:17,928 [INFO ]  Learning rate: 0.0001
2026-07-13 20:11:18,328 [INFO ]  [0/5732] | Loss: 2.382 | PSNR: 33.223 | MSE: 0.00047609 | BPP: 0.1190 | QP: 63
2026-07-13 20:12:26,438 [INFO ]  [500/5732] | Loss: 2.135 | PSNR: 33.699 | MSE: 0.00042672 | BPP: 0.1338 | QP: 63
2026-07-13 20:13:34,347 [INFO ]  [1000/5732] | Loss: 2.182 | PSNR: 33.603 | MSE: 0.00043618 | BPP: 0.1338 | QP: 63
2026-07-13 20:14:40,757 [INFO ]  [1500/5732] | Loss: 2.168 | PSNR: 33.631 | MSE: 0.00043339 | BPP: 0.1338 | QP: 63
2026-07-13 20:15:47,621 [INFO ]  [2000/5732] | Loss: 2.189 | PSNR: 33.589 | MSE: 0.00043761 | BPP: 0.1344 | QP: 63
2026-07-13 20:16:55,353 [INFO ]  [2500/5732] | Loss: 2.197 | PSNR: 33.574 | MSE: 0.00043918 | BPP: 0.1347 | QP: 63
2026-07-13 20:18:03,968 [INFO ]  [3000/5732] | Loss: 2.195 | PSNR: 33.578 | MSE: 0.00043874 | BPP: 0.1349 | QP: 63
2026-07-13 20:19:11,260 [INFO ]  [3500/5732] | Loss: 2.190 | PSNR: 33.589 | MSE: 0.00043764 | BPP: 0.1350 | QP: 63
2026-07-13 20:20:19,517 [INFO ]  [4000/5732] | Loss: 2.187 | PSNR: 33.593 | MSE: 0.00043720 | BPP: 0.1352 | QP: 63
2026-07-13 20:21:27,701 [INFO ]  [4500/5732] | Loss: 2.173 | PSNR: 33.622 | MSE: 0.00043429 | BPP: 0.1354 | QP: 63
2026-07-13 20:22:36,057 [INFO ]  [5000/5732] | Loss: 2.163 | PSNR: 33.642 | MSE: 0.00043229 | BPP: 0.1356 | QP: 63
2026-07-13 20:23:43,759 [INFO ]  [5500/5732] | Loss: 2.157 | PSNR: 33.653 | MSE: 0.00043122 | BPP: 0.1360 | QP: 63
2026-07-13 20:24:14,465 [INFO ]  Train epoch 5: Loss: 2.148 | PSNR: 33.672 | MSE: 0.00042930 | BPP: 0.1363
2026-07-13 20:24:14,466 [INFO ]  No test_filelist is set; using train loss for checkpoint selection.
2026-07-13 20:24:15,600 [INFO ]  Checkpoint epoch 5: best model saved: yes | current loss: 2.147855 | best loss: 2.147855
2026-07-13 20:24:15,600 [INFO ]  Global step updated to: 34392
2026-07-13 20:24:15,600 [INFO ]  ====== Current epoch 6 ======
2026-07-13 20:24:15,601 [INFO ]  Learning rate: 0.0001
2026-07-13 20:24:16,079 [INFO ]  [0/5732] | Loss: 1.128 | PSNR: 36.471 | MSE: 0.00022540 | BPP: 0.1307 | QP: 63
2026-07-13 20:25:23,622 [INFO ]  [500/5732] | Loss: 1.995 | PSNR: 33.992 | MSE: 0.00039880 | BPP: 0.1398 | QP: 63
2026-07-13 20:26:32,188 [INFO ]  [1000/5732] | Loss: 2.033 | PSNR: 33.912 | MSE: 0.00040630 | BPP: 0.1402 | QP: 63
2026-07-13 20:27:40,021 [INFO ]  [1500/5732] | Loss: 2.016 | PSNR: 33.948 | MSE: 0.00040287 | BPP: 0.1401 | QP: 63
2026-07-13 20:28:48,227 [INFO ]  [2000/5732] | Loss: 2.029 | PSNR: 33.919 | MSE: 0.00040560 | BPP: 0.1405 | QP: 63
2026-07-13 20:29:56,402 [INFO ]  [2500/5732] | Loss: 2.026 | PSNR: 33.926 | MSE: 0.00040496 | BPP: 0.1408 | QP: 63
2026-07-13 20:31:04,953 [INFO ]  [3000/5732] | Loss: 2.006 | PSNR: 33.969 | MSE: 0.00040100 | BPP: 0.1408 | QP: 63
2026-07-13 20:32:12,932 [INFO ]  [3500/5732] | Loss: 2.000 | PSNR: 33.982 | MSE: 0.00039978 | BPP: 0.1409 | QP: 63
2026-07-13 20:33:22,032 [INFO ]  [4000/5732] | Loss: 1.999 | PSNR: 33.985 | MSE: 0.00039951 | BPP: 0.1412 | QP: 63
2026-07-13 20:34:30,641 [INFO ]  [4500/5732] | Loss: 1.995 | PSNR: 33.994 | MSE: 0.00039864 | BPP: 0.1414 | QP: 63
2026-07-13 20:35:39,320 [INFO ]  [5000/5732] | Loss: 1.992 | PSNR: 34.000 | MSE: 0.00039808 | BPP: 0.1417 | QP: 63
2026-07-13 20:36:48,585 [INFO ]  [5500/5732] | Loss: 1.979 | PSNR: 34.029 | MSE: 0.00039545 | BPP: 0.1420 | QP: 63
2026-07-13 20:37:20,423 [INFO ]  Train epoch 6: Loss: 1.970 | PSNR: 34.048 | MSE: 0.00039369 | BPP: 0.1422
2026-07-13 20:37:20,424 [INFO ]  No test_filelist is set; using train loss for checkpoint selection.
2026-07-13 20:37:21,619 [INFO ]  Checkpoint epoch 6: best model saved: yes | current loss: 1.969869 | best loss: 1.969869
2026-07-13 20:37:21,619 [INFO ]  Global step updated to: 40124
2026-07-13 20:37:21,619 [INFO ]  ====== Current epoch 7 ======
2026-07-13 20:37:21,619 [INFO ]  Learning rate: 0.0001
2026-07-13 20:37:22,102 [INFO ]  [0/5732] | Loss: 3.538 | PSNR: 31.504 | MSE: 0.00070723 | BPP: 0.1611 | QP: 63
2026-07-13 20:38:30,762 [INFO ]  [500/5732] | Loss: 1.842 | PSNR: 34.341 | MSE: 0.00036805 | BPP: 0.1452 | QP: 63
2026-07-13 20:39:39,439 [INFO ]  [1000/5732] | Loss: 1.874 | PSNR: 34.266 | MSE: 0.00037443 | BPP: 0.1469 | QP: 63
2026-07-13 20:40:47,818 [INFO ]  [1500/5732] | Loss: 1.862 | PSNR: 34.293 | MSE: 0.00037214 | BPP: 0.1476 | QP: 63
2026-07-13 20:41:56,360 [INFO ]  [2000/5732] | Loss: 1.857 | PSNR: 34.305 | MSE: 0.00037109 | BPP: 0.1480 | QP: 63
2026-07-13 20:43:05,247 [INFO ]  [2500/5732] | Loss: 1.852 | PSNR: 34.316 | MSE: 0.00037013 | BPP: 0.1483 | QP: 63
2026-07-13 20:44:13,344 [INFO ]  [3000/5732] | Loss: 1.862 | PSNR: 34.294 | MSE: 0.00037205 | BPP: 0.1487 | QP: 63
2026-07-13 20:45:22,184 [INFO ]  [3500/5732] | Loss: 1.846 | PSNR: 34.330 | MSE: 0.00036898 | BPP: 0.1489 | QP: 63
2026-07-13 20:46:31,215 [INFO ]  [4000/5732] | Loss: 1.838 | PSNR: 34.350 | MSE: 0.00036732 | BPP: 0.1491 | QP: 63
2026-07-13 20:47:39,546 [INFO ]  [4500/5732] | Loss: 1.830 | PSNR: 34.370 | MSE: 0.00036562 | BPP: 0.1493 | QP: 63
2026-07-13 20:48:48,054 [INFO ]  [5000/5732] | Loss: 1.824 | PSNR: 34.382 | MSE: 0.00036460 | BPP: 0.1495 | QP: 63
2026-07-13 20:49:56,737 [INFO ]  [5500/5732] | Loss: 1.822 | PSNR: 34.389 | MSE: 0.00036403 | BPP: 0.1499 | QP: 63
2026-07-13 20:50:29,336 [INFO ]  Train epoch 7: Loss: 1.811 | PSNR: 34.414 | MSE: 0.00036193 | BPP: 0.1500
2026-07-13 20:50:29,337 [INFO ]  No test_filelist is set; using train loss for checkpoint selection.
2026-07-13 20:50:30,623 [INFO ]  Checkpoint epoch 7: best model saved: yes | current loss: 1.811168 | best loss: 1.811168
2026-07-13 20:50:30,623 [INFO ]  Global step updated to: 45856
2026-07-13 20:50:30,623 [INFO ]  ====== Current epoch 8 ======
2026-07-13 20:50:30,623 [INFO ]  Learning rate: 0.0001
2026-07-13 20:50:31,123 [INFO ]  [0/5732] | Loss: 3.743 | PSNR: 31.259 | MSE: 0.00074833 | BPP: 0.1656 | QP: 63
2026-07-13 20:51:40,733 [INFO ]  [500/5732] | Loss: 1.754 | PSNR: 34.554 | MSE: 0.00035046 | BPP: 0.1534 | QP: 63
2026-07-13 20:52:48,991 [INFO ]  [1000/5732] | Loss: 1.746 | PSNR: 34.573 | MSE: 0.00034887 | BPP: 0.1546 | QP: 63
2026-07-13 20:53:57,981 [INFO ]  [1500/5732] | Loss: 1.733 | PSNR: 34.606 | MSE: 0.00034627 | BPP: 0.1546 | QP: 63
2026-07-13 20:55:06,570 [INFO ]  [2000/5732] | Loss: 1.724 | PSNR: 34.628 | MSE: 0.00034453 | BPP: 0.1550 | QP: 63
2026-07-13 20:56:14,653 [INFO ]  [2500/5732] | Loss: 1.719 | PSNR: 34.640 | MSE: 0.00034354 | BPP: 0.1551 | QP: 63
2026-07-13 20:57:22,803 [INFO ]  [3000/5732] | Loss: 1.718 | PSNR: 34.644 | MSE: 0.00034322 | BPP: 0.1554 | QP: 63
2026-07-13 20:58:31,309 [INFO ]  [3500/5732] | Loss: 1.713 | PSNR: 34.655 | MSE: 0.00034236 | BPP: 0.1556 | QP: 63
2026-07-13 20:59:39,567 [INFO ]  [4000/5732] | Loss: 1.712 | PSNR: 34.657 | MSE: 0.00034219 | BPP: 0.1559 | QP: 63
2026-07-13 21:00:47,476 [INFO ]  [4500/5732] | Loss: 1.709 | PSNR: 34.667 | MSE: 0.00034146 | BPP: 0.1562 | QP: 63
2026-07-13 21:01:53,982 [INFO ]  [5000/5732] | Loss: 1.699 | PSNR: 34.691 | MSE: 0.00033953 | BPP: 0.1564 | QP: 63
2026-07-13 21:03:01,263 [INFO ]  [5500/5732] | Loss: 1.698 | PSNR: 34.695 | MSE: 0.00033921 | BPP: 0.1568 | QP: 63
2026-07-13 21:03:32,186 [INFO ]  Train epoch 8: Loss: 1.682 | PSNR: 34.737 | MSE: 0.00033599 | BPP: 0.1568
2026-07-13 21:03:32,186 [INFO ]  No test_filelist is set; using train loss for checkpoint selection.
2026-07-13 21:03:33,330 [INFO ]  Checkpoint epoch 8: best model saved: yes | current loss: 1.681506 | best loss: 1.681506
2026-07-13 21:03:33,330 [INFO ]  Global step updated to: 51588
2026-07-13 21:03:33,330 [INFO ]  ====== Current epoch 9 ======
2026-07-13 21:03:33,330 [INFO ]  Learning rate: 0.0001
2026-07-13 21:03:33,825 [INFO ]  [0/5732] | Loss: 0.961 | PSNR: 37.172 | MSE: 0.00019179 | BPP: 0.1699 | QP: 63
2026-07-13 21:04:42,421 [INFO ]  [500/5732] | Loss: 1.657 | PSNR: 34.800 | MSE: 0.00033112 | BPP: 0.1616 | QP: 63
2026-07-13 21:05:51,742 [INFO ]  [1000/5732] | Loss: 1.627 | PSNR: 34.880 | MSE: 0.00032510 | BPP: 0.1616 | QP: 63
2026-07-13 21:06:59,518 [INFO ]  [1500/5732] | Loss: 1.603 | PSNR: 34.944 | MSE: 0.00032036 | BPP: 0.1617 | QP: 63
2026-07-13 21:08:07,302 [INFO ]  [2000/5732] | Loss: 1.593 | PSNR: 34.973 | MSE: 0.00031820 | BPP: 0.1616 | QP: 63
2026-07-13 21:09:15,578 [INFO ]  [2500/5732] | Loss: 1.586 | PSNR: 34.990 | MSE: 0.00031696 | BPP: 0.1616 | QP: 63
2026-07-13 21:10:26,470 [INFO ]  [3000/5732] | Loss: 1.588 | PSNR: 34.986 | MSE: 0.00031722 | BPP: 0.1618 | QP: 63
2026-07-13 21:11:34,603 [INFO ]  [3500/5732] | Loss: 1.580 | PSNR: 35.007 | MSE: 0.00031572 | BPP: 0.1619 | QP: 63
2026-07-13 21:12:43,132 [INFO ]  [4000/5732] | Loss: 1.584 | PSNR: 34.997 | MSE: 0.00031646 | BPP: 0.1625 | QP: 63
2026-07-13 21:13:52,445 [INFO ]  [4500/5732] | Loss: 1.575 | PSNR: 35.021 | MSE: 0.00031472 | BPP: 0.1627 | QP: 63
2026-07-13 21:15:01,814 [INFO ]  [5000/5732] | Loss: 1.579 | PSNR: 35.011 | MSE: 0.00031541 | BPP: 0.1631 | QP: 63
2026-07-13 21:16:10,429 [INFO ]  [5500/5732] | Loss: 1.572 | PSNR: 35.029 | MSE: 0.00031415 | BPP: 0.1634 | QP: 63
2026-07-13 21:16:41,795 [INFO ]  Train epoch 9: Loss: 1.571 | PSNR: 35.034 | MSE: 0.00031380 | BPP: 0.1633
2026-07-13 21:16:41,796 [INFO ]  No test_filelist is set; using train loss for checkpoint selection.
2026-07-13 21:16:42,973 [INFO ]  Checkpoint epoch 9: best model saved: yes | current loss: 1.570617 | best loss: 1.570617
2026-07-13 21:16:43,440 [INFO ]  Saved periodic checkpoint: ./pretrained_uf/DCVCUFIntra/2/checkpoint_epoch_0010_uf_phase_1.pth.tar
2026-07-13 21:16:43,440 [INFO ]  Global step updated to: 57320
2026-07-13 21:16:43,440 [INFO ]  ====== Current epoch 10 ======
2026-07-13 21:16:43,440 [INFO ]  Learning rate: 0.0001
2026-07-13 21:16:43,917 [INFO ]  [0/5732] | Loss: 0.898 | PSNR: 37.467 | MSE: 0.00017920 | BPP: 0.1610 | QP: 63
2026-07-13 21:17:52,736 [INFO ]  [500/5732] | Loss: 1.497 | PSNR: 35.241 | MSE: 0.00029914 | BPP: 0.1666 | QP: 63
2026-07-13 21:19:00,983 [INFO ]  [1000/5732] | Loss: 1.493 | PSNR: 35.253 | MSE: 0.00029830 | BPP: 0.1669 | QP: 63
2026-07-13 21:20:08,820 [INFO ]  [1500/5732] | Loss: 1.481 | PSNR: 35.290 | MSE: 0.00029582 | BPP: 0.1666 | QP: 63
2026-07-13 21:21:16,917 [INFO ]  [2000/5732] | Loss: 1.487 | PSNR: 35.271 | MSE: 0.00029708 | BPP: 0.1668 | QP: 63
2026-07-13 21:22:26,070 [INFO ]  [2500/5732] | Loss: 1.490 | PSNR: 35.264 | MSE: 0.00029759 | BPP: 0.1669 | QP: 63
2026-07-13 21:23:35,126 [INFO ]  [3000/5732] | Loss: 1.490 | PSNR: 35.261 | MSE: 0.00029776 | BPP: 0.1672 | QP: 63
2026-07-13 21:24:42,997 [INFO ]  [3500/5732] | Loss: 1.490 | PSNR: 35.264 | MSE: 0.00029759 | BPP: 0.1672 | QP: 63
2026-07-13 21:25:52,197 [INFO ]  [4000/5732] | Loss: 1.485 | PSNR: 35.277 | MSE: 0.00029670 | BPP: 0.1674 | QP: 63
2026-07-13 21:27:00,402 [INFO ]  [4500/5732] | Loss: 1.487 | PSNR: 35.271 | MSE: 0.00029709 | BPP: 0.1675 | QP: 63
2026-07-13 21:28:09,102 [INFO ]  [5000/5732] | Loss: 1.494 | PSNR: 35.252 | MSE: 0.00029839 | BPP: 0.1678 | QP: 63
2026-07-13 21:29:17,396 [INFO ]  [5500/5732] | Loss: 1.492 | PSNR: 35.257 | MSE: 0.00029806 | BPP: 0.1678 | QP: 63
2026-07-13 21:29:49,507 [INFO ]  Train epoch 10: Loss: 1.490 | PSNR: 35.261 | MSE: 0.00029775 | BPP: 0.1679
2026-07-13 21:29:49,508 [INFO ]  No test_filelist is set; using train loss for checkpoint selection.
2026-07-13 21:29:50,672 [INFO ]  Checkpoint epoch 10: best model saved: yes | current loss: 1.490433 | best loss: 1.490433
2026-07-13 21:29:50,672 [INFO ]  Global step updated to: 63052
2026-07-13 21:29:50,672 [INFO ]  ====== Current epoch 11 ======
2026-07-13 21:29:50,672 [INFO ]  Learning rate: 0.0001
2026-07-13 21:29:51,160 [INFO ]  [0/5732] | Loss: 1.009 | PSNR: 36.957 | MSE: 0.00020153 | BPP: 0.1713 | QP: 63
2026-07-13 21:30:58,860 [INFO ]  [500/5732] | Loss: 1.427 | PSNR: 35.450 | MSE: 0.00028511 | BPP: 0.1692 | QP: 63
2026-07-13 21:32:07,413 [INFO ]  [1000/5732] | Loss: 1.427 | PSNR: 35.451 | MSE: 0.00028503 | BPP: 0.1691 | QP: 63
2026-07-13 21:33:13,341 [INFO ]  [1500/5732] | Loss: 1.431 | PSNR: 35.438 | MSE: 0.00028591 | BPP: 0.1692 | QP: 63
2026-07-13 21:34:20,224 [INFO ]  [2000/5732] | Loss: 1.435 | PSNR: 35.426 | MSE: 0.00028666 | BPP: 0.1693 | QP: 63
2026-07-13 21:35:27,937 [INFO ]  [2500/5732] | Loss: 1.437 | PSNR: 35.419 | MSE: 0.00028715 | BPP: 0.1695 | QP: 63
2026-07-13 21:36:36,982 [INFO ]  [3000/5732] | Loss: 1.438 | PSNR: 35.416 | MSE: 0.00028735 | BPP: 0.1698 | QP: 63
2026-07-13 21:37:44,255 [INFO ]  [3500/5732] | Loss: 1.434 | PSNR: 35.430 | MSE: 0.00028642 | BPP: 0.1702 | QP: 63
2026-07-13 21:38:52,390 [INFO ]  [4000/5732] | Loss: 1.437 | PSNR: 35.421 | MSE: 0.00028704 | BPP: 0.1707 | QP: 63
2026-07-13 21:40:02,342 [INFO ]  [4500/5732] | Loss: 1.432 | PSNR: 35.437 | MSE: 0.00028597 | BPP: 0.1708 | QP: 63
2026-07-13 21:41:10,402 [INFO ]  [5000/5732] | Loss: 1.430 | PSNR: 35.440 | MSE: 0.00028575 | BPP: 0.1710 | QP: 63
2026-07-13 21:42:17,555 [INFO ]  [5500/5732] | Loss: 1.425 | PSNR: 35.457 | MSE: 0.00028463 | BPP: 0.1712 | QP: 63
2026-07-13 21:42:49,062 [INFO ]  Train epoch 11: Loss: 1.426 | PSNR: 35.454 | MSE: 0.00028482 | BPP: 0.1715
2026-07-13 21:42:49,062 [INFO ]  No test_filelist is set; using train loss for checkpoint selection.
2026-07-13 21:42:50,155 [INFO ]  Checkpoint epoch 11: best model saved: yes | current loss: 1.425812 | best loss: 1.425812
2026-07-13 21:42:50,155 [INFO ]  Global step updated to: 68784
2026-07-13 21:42:50,155 [INFO ]  ====== Current epoch 12 ======
2026-07-13 21:42:50,155 [INFO ]  Learning rate: 0.0001
2026-07-13 21:42:50,626 [INFO ]  [0/5732] | Loss: 3.115 | PSNR: 32.057 | MSE: 0.00062271 | BPP: 0.1896 | QP: 63
2026-07-13 21:43:58,835 [INFO ]  [500/5732] | Loss: 1.407 | PSNR: 35.512 | MSE: 0.00028106 | BPP: 0.1746 | QP: 63
2026-07-13 21:45:07,007 [INFO ]  [1000/5732] | Loss: 1.404 | PSNR: 35.522 | MSE: 0.00028040 | BPP: 0.1750 | QP: 63
2026-07-13 21:46:15,109 [INFO ]  [1500/5732] | Loss: 1.405 | PSNR: 35.518 | MSE: 0.00028068 | BPP: 0.1754 | QP: 63
2026-07-13 21:47:22,834 [INFO ]  [2000/5732] | Loss: 1.386 | PSNR: 35.577 | MSE: 0.00027687 | BPP: 0.1754 | QP: 63
2026-07-13 21:48:31,268 [INFO ]  [2500/5732] | Loss: 1.379 | PSNR: 35.599 | MSE: 0.00027547 | BPP: 0.1755 | QP: 63
2026-07-13 21:49:39,305 [INFO ]  [3000/5732] | Loss: 1.379 | PSNR: 35.599 | MSE: 0.00027546 | BPP: 0.1760 | QP: 63
2026-07-13 21:50:46,932 [INFO ]  [3500/5732] | Loss: 1.373 | PSNR: 35.620 | MSE: 0.00027415 | BPP: 0.1763 | QP: 63
2026-07-13 21:51:54,342 [INFO ]  [4000/5732] | Loss: 1.370 | PSNR: 35.629 | MSE: 0.00027360 | BPP: 0.1764 | QP: 63
2026-07-13 21:53:01,858 [INFO ]  [4500/5732] | Loss: 1.364 | PSNR: 35.646 | MSE: 0.00027251 | BPP: 0.1768 | QP: 63
2026-07-13 21:54:08,676 [INFO ]  [5000/5732] | Loss: 1.366 | PSNR: 35.641 | MSE: 0.00027283 | BPP: 0.1769 | QP: 63
2026-07-13 21:55:16,662 [INFO ]  [5500/5732] | Loss: 1.366 | PSNR: 35.641 | MSE: 0.00027285 | BPP: 0.1772 | QP: 63
2026-07-13 21:55:47,146 [INFO ]  Train epoch 12: Loss: 1.360 | PSNR: 35.660 | MSE: 0.00027167 | BPP: 0.1770
2026-07-13 21:55:47,147 [INFO ]  No test_filelist is set; using train loss for checkpoint selection.
2026-07-13 21:55:48,320 [INFO ]  Checkpoint epoch 12: best model saved: yes | current loss: 1.360097 | best loss: 1.360097
2026-07-13 21:55:48,321 [INFO ]  Global step updated to: 74516
2026-07-13 21:55:48,321 [INFO ]  ====== Current epoch 13 ======
2026-07-13 21:55:48,321 [INFO ]  Learning rate: 0.0001
2026-07-13 21:55:48,781 [INFO ]  [0/5732] | Loss: 0.609 | PSNR: 39.155 | MSE: 0.00012149 | BPP: 0.1677 | QP: 63
2026-07-13 21:56:56,687 [INFO ]  [500/5732] | Loss: 1.343 | PSNR: 35.716 | MSE: 0.00026817 | BPP: 0.1789 | QP: 63
2026-07-13 21:58:04,455 [INFO ]  [1000/5732] | Loss: 1.324 | PSNR: 35.775 | MSE: 0.00026453 | BPP: 0.1788 | QP: 63
2026-07-13 21:59:12,856 [INFO ]  [1500/5732] | Loss: 1.318 | PSNR: 35.796 | MSE: 0.00026324 | BPP: 0.1789 | QP: 63
2026-07-13 22:00:20,521 [INFO ]  [2000/5732] | Loss: 1.312 | PSNR: 35.815 | MSE: 0.00026212 | BPP: 0.1787 | QP: 63
2026-07-13 22:01:27,217 [INFO ]  [2500/5732] | Loss: 1.313 | PSNR: 35.813 | MSE: 0.00026226 | BPP: 0.1788 | QP: 63
2026-07-13 22:02:33,828 [INFO ]  [3000/5732] | Loss: 1.324 | PSNR: 35.775 | MSE: 0.00026452 | BPP: 0.1794 | QP: 63
2026-07-13 22:03:40,777 [INFO ]  [3500/5732] | Loss: 1.318 | PSNR: 35.796 | MSE: 0.00026329 | BPP: 0.1796 | QP: 63
2026-07-13 22:04:47,723 [INFO ]  [4000/5732] | Loss: 1.320 | PSNR: 35.791 | MSE: 0.00026359 | BPP: 0.1798 | QP: 63
2026-07-13 22:05:54,789 [INFO ]  [4500/5732] | Loss: 1.313 | PSNR: 35.814 | MSE: 0.00026216 | BPP: 0.1800 | QP: 63
2026-07-13 22:07:01,963 [INFO ]  [5000/5732] | Loss: 1.309 | PSNR: 35.827 | MSE: 0.00026141 | BPP: 0.1803 | QP: 63
2026-07-13 22:08:09,395 [INFO ]  [5500/5732] | Loss: 1.306 | PSNR: 35.835 | MSE: 0.00026092 | BPP: 0.1805 | QP: 63
2026-07-13 22:08:40,014 [INFO ]  Train epoch 13: Loss: 1.304 | PSNR: 35.844 | MSE: 0.00026035 | BPP: 0.1806
2026-07-13 22:08:40,015 [INFO ]  No test_filelist is set; using train loss for checkpoint selection.
2026-07-13 22:08:41,182 [INFO ]  Checkpoint epoch 13: best model saved: yes | current loss: 1.303553 | best loss: 1.303553
2026-07-13 22:08:41,182 [INFO ]  Global step updated to: 80248
2026-07-13 22:08:41,182 [INFO ]  ====== Current epoch 14 ======
2026-07-13 22:08:41,182 [INFO ]  Learning rate: 0.0001
2026-07-13 22:08:41,656 [INFO ]  [0/5732] | Loss: 1.034 | PSNR: 36.853 | MSE: 0.00020640 | BPP: 0.1918 | QP: 63
2026-07-13 22:09:50,120 [INFO ]  [500/5732] | Loss: 1.262 | PSNR: 35.987 | MSE: 0.00025195 | BPP: 0.1836 | QP: 63
2026-07-13 22:10:59,545 [INFO ]  [1000/5732] | Loss: 1.262 | PSNR: 35.986 | MSE: 0.00025202 | BPP: 0.1836 | QP: 63
2026-07-13 22:12:08,539 [INFO ]  [1500/5732] | Loss: 1.251 | PSNR: 36.023 | MSE: 0.00024985 | BPP: 0.1834 | QP: 63
2026-07-13 22:13:16,523 [INFO ]  [2000/5732] | Loss: 1.258 | PSNR: 35.998 | MSE: 0.00025132 | BPP: 0.1837 | QP: 63
2026-07-13 22:14:24,340 [INFO ]  [2500/5732] | Loss: 1.265 | PSNR: 35.977 | MSE: 0.00025255 | BPP: 0.1838 | QP: 63
2026-07-13 22:15:32,472 [INFO ]  [3000/5732] | Loss: 1.262 | PSNR: 35.986 | MSE: 0.00025197 | BPP: 0.1838 | QP: 63
2026-07-13 22:16:40,228 [INFO ]  [3500/5732] | Loss: 1.263 | PSNR: 35.981 | MSE: 0.00025230 | BPP: 0.1840 | QP: 63
2026-07-13 22:17:48,357 [INFO ]  [4000/5732] | Loss: 1.266 | PSNR: 35.971 | MSE: 0.00025289 | BPP: 0.1841 | QP: 63
2026-07-13 22:18:55,648 [INFO ]  [4500/5732] | Loss: 1.264 | PSNR: 35.979 | MSE: 0.00025241 | BPP: 0.1843 | QP: 63
2026-07-13 22:20:03,762 [INFO ]  [5000/5732] | Loss: 1.264 | PSNR: 35.978 | MSE: 0.00025249 | BPP: 0.1844 | QP: 63
2026-07-13 22:21:11,968 [INFO ]  [5500/5732] | Loss: 1.263 | PSNR: 35.981 | MSE: 0.00025232 | BPP: 0.1845 | QP: 63
2026-07-13 22:21:42,870 [INFO ]  Train epoch 14: Loss: 1.258 | PSNR: 36.000 | MSE: 0.00025117 | BPP: 0.1843
2026-07-13 22:21:42,870 [INFO ]  No test_filelist is set; using train loss for checkpoint selection.
2026-07-13 22:21:44,115 [INFO ]  Checkpoint epoch 14: best model saved: yes | current loss: 1.257718 | best loss: 1.257718
2026-07-13 22:21:44,115 [INFO ]  Global step updated to: 85980
2026-07-13 22:21:44,115 [INFO ]  ====== Current epoch 15 ======
2026-07-13 22:21:44,116 [INFO ]  Learning rate: 0.0001
2026-07-13 22:21:44,622 [INFO ]  [0/5732] | Loss: 0.682 | PSNR: 38.663 | MSE: 0.00013606 | BPP: 0.1904 | QP: 63
2026-07-13 22:22:51,581 [INFO ]  [500/5732] | Loss: 1.231 | PSNR: 36.095 | MSE: 0.00024576 | BPP: 0.1878 | QP: 63
2026-07-13 22:23:59,349 [INFO ]  [1000/5732] | Loss: 1.236 | PSNR: 36.076 | MSE: 0.00024686 | BPP: 0.1883 | QP: 63
2026-07-13 22:25:07,662 [INFO ]  [1500/5732] | Loss: 1.236 | PSNR: 36.078 | MSE: 0.00024673 | BPP: 0.1883 | QP: 63
2026-07-13 22:26:17,076 [INFO ]  [2000/5732] | Loss: 1.234 | PSNR: 36.082 | MSE: 0.00024650 | BPP: 0.1884 | QP: 63
2026-07-13 22:27:27,031 [INFO ]  [2500/5732] | Loss: 1.239 | PSNR: 36.067 | MSE: 0.00024733 | BPP: 0.1887 | QP: 63
2026-07-13 22:28:35,373 [INFO ]  [3000/5732] | Loss: 1.231 | PSNR: 36.093 | MSE: 0.00024584 | BPP: 0.1886 | QP: 63
2026-07-13 22:29:42,616 [INFO ]  [3500/5732] | Loss: 1.226 | PSNR: 36.113 | MSE: 0.00024474 | BPP: 0.1886 | QP: 63
2026-07-13 22:30:49,498 [INFO ]  [4000/5732] | Loss: 1.225 | PSNR: 36.116 | MSE: 0.00024456 | BPP: 0.1886 | QP: 63
2026-07-13 22:31:56,331 [INFO ]  [4500/5732] | Loss: 1.219 | PSNR: 36.135 | MSE: 0.00024349 | BPP: 0.1887 | QP: 63
2026-07-13 22:33:04,743 [INFO ]  [5000/5732] | Loss: 1.219 | PSNR: 36.137 | MSE: 0.00024338 | BPP: 0.1888 | QP: 63
2026-07-13 22:34:12,880 [INFO ]  [5500/5732] | Loss: 1.219 | PSNR: 36.136 | MSE: 0.00024342 | BPP: 0.1890 | QP: 63
2026-07-13 22:34:44,254 [INFO ]  Train epoch 15: Loss: 1.213 | PSNR: 36.158 | MSE: 0.00024222 | BPP: 0.1888
2026-07-13 22:34:44,255 [INFO ]  No test_filelist is set; using train loss for checkpoint selection.
2026-07-13 22:34:45,446 [INFO ]  Checkpoint epoch 15: best model saved: yes | current loss: 1.212986 | best loss: 1.212986
2026-07-13 22:34:45,446 [INFO ]  Global step updated to: 91712
2026-07-13 22:34:45,446 [INFO ]  ====== Current epoch 16 ======
2026-07-13 22:34:45,446 [INFO ]  Learning rate: 0.0001
2026-07-13 22:34:45,885 [INFO ]  [0/5732] | Loss: 1.093 | PSNR: 36.612 | MSE: 0.00021815 | BPP: 0.1963 | QP: 63
2026-07-13 22:35:53,141 [INFO ]  [500/5732] | Loss: 1.185 | PSNR: 36.260 | MSE: 0.00023661 | BPP: 0.1915 | QP: 63
2026-07-13 22:36:59,358 [INFO ]  [1000/5732] | Loss: 1.178 | PSNR: 36.284 | MSE: 0.00023530 | BPP: 0.1914 | QP: 63
2026-07-13 22:38:07,784 [INFO ]  [1500/5732] | Loss: 1.166 | PSNR: 36.331 | MSE: 0.00023277 | BPP: 0.1913 | QP: 63
2026-07-13 22:39:15,782 [INFO ]  [2000/5732] | Loss: 1.170 | PSNR: 36.313 | MSE: 0.00023371 | BPP: 0.1915 | QP: 63
2026-07-13 22:40:24,131 [INFO ]  [2500/5732] | Loss: 1.173 | PSNR: 36.305 | MSE: 0.00023414 | BPP: 0.1918 | QP: 63
2026-07-13 22:41:30,522 [INFO ]  [3000/5732] | Loss: 1.175 | PSNR: 36.297 | MSE: 0.00023458 | BPP: 0.1920 | QP: 63
2026-07-13 22:42:38,214 [INFO ]  [3500/5732] | Loss: 1.170 | PSNR: 36.316 | MSE: 0.00023354 | BPP: 0.1921 | QP: 63
2026-07-13 22:43:46,544 [INFO ]  [4000/5732] | Loss: 1.167 | PSNR: 36.328 | MSE: 0.00023294 | BPP: 0.1924 | QP: 63
2026-07-13 22:44:54,443 [INFO ]  [4500/5732] | Loss: 1.166 | PSNR: 36.329 | MSE: 0.00023287 | BPP: 0.1926 | QP: 63
2026-07-13 22:46:04,274 [INFO ]  [5000/5732] | Loss: 1.169 | PSNR: 36.320 | MSE: 0.00023333 | BPP: 0.1930 | QP: 63
2026-07-13 22:47:11,966 [INFO ]  [5500/5732] | Loss: 1.164 | PSNR: 36.337 | MSE: 0.00023242 | BPP: 0.1933 | QP: 63
2026-07-13 22:47:42,838 [INFO ]  Train epoch 16: Loss: 1.169 | PSNR: 36.320 | MSE: 0.00023332 | BPP: 0.1934
2026-07-13 22:47:42,838 [INFO ]  No test_filelist is set; using train loss for checkpoint selection.
2026-07-13 22:47:43,902 [INFO ]  Checkpoint epoch 16: best model saved: yes | current loss: 1.168546 | best loss: 1.168546
2026-07-13 22:47:43,903 [INFO ]  Global step updated to: 97444
2026-07-13 22:47:43,903 [INFO ]  ====== Current epoch 17 ======
2026-07-13 22:47:43,903 [INFO ]  Learning rate: 0.0001
2026-07-13 22:47:44,389 [INFO ]  [0/5732] | Loss: 0.220 | PSNR: 43.605 | MSE: 0.00004361 | BPP: 0.1539 | QP: 63
2026-07-13 22:48:52,194 [INFO ]  [500/5732] | Loss: 1.124 | PSNR: 36.491 | MSE: 0.00022431 | BPP: 0.1958 | QP: 63
2026-07-13 22:50:01,209 [INFO ]  [1000/5732] | Loss: 1.123 | PSNR: 36.494 | MSE: 0.00022418 | BPP: 0.1959 | QP: 63
2026-07-13 22:51:08,916 [INFO ]  [1500/5732] | Loss: 1.114 | PSNR: 36.529 | MSE: 0.00022240 | BPP: 0.1958 | QP: 63
2026-07-13 22:52:17,273 [INFO ]  [2000/5732] | Loss: 1.113 | PSNR: 36.532 | MSE: 0.00022221 | BPP: 0.1960 | QP: 63
2026-07-13 22:53:25,298 [INFO ]  [2500/5732] | Loss: 1.113 | PSNR: 36.533 | MSE: 0.00022218 | BPP: 0.1962 | QP: 63
2026-07-13 22:54:33,366 [INFO ]  [3000/5732] | Loss: 1.116 | PSNR: 36.519 | MSE: 0.00022290 | BPP: 0.1963 | QP: 63
2026-07-13 22:55:41,389 [INFO ]  [3500/5732] | Loss: 1.115 | PSNR: 36.525 | MSE: 0.00022258 | BPP: 0.1965 | QP: 63
2026-07-13 22:56:48,862 [INFO ]  [4000/5732] | Loss: 1.113 | PSNR: 36.531 | MSE: 0.00022228 | BPP: 0.1966 | QP: 63
2026-07-13 22:57:57,255 [INFO ]  [4500/5732] | Loss: 1.110 | PSNR: 36.542 | MSE: 0.00022169 | BPP: 0.1966 | QP: 63
2026-07-13 22:59:05,214 [INFO ]  [5000/5732] | Loss: 1.106 | PSNR: 36.558 | MSE: 0.00022090 | BPP: 0.1967 | QP: 63
2026-07-13 23:00:13,529 [INFO ]  [5500/5732] | Loss: 1.106 | PSNR: 36.558 | MSE: 0.00022088 | BPP: 0.1969 | QP: 63
2026-07-13 23:00:44,023 [INFO ]  Train epoch 17: Loss: 1.126 | PSNR: 36.482 | MSE: 0.00022478 | BPP: 0.1974
2026-07-13 23:00:44,024 [INFO ]  No test_filelist is set; using train loss for checkpoint selection.
2026-07-13 23:00:45,227 [INFO ]  Checkpoint epoch 17: best model saved: yes | current loss: 1.125871 | best loss: 1.125871
2026-07-13 23:00:45,227 [INFO ]  Global step updated to: 103176
2026-07-13 23:00:45,227 [INFO ]  ====== Current epoch 18 ======
2026-07-13 23:00:45,227 [INFO ]  Learning rate: 0.0001
2026-07-13 23:00:45,735 [INFO ]  [0/5732] | Loss: 0.912 | PSNR: 37.401 | MSE: 0.00018191 | BPP: 0.2152 | QP: 63
2026-07-13 23:01:52,865 [INFO ]  [500/5732] | Loss: 1.100 | PSNR: 36.583 | MSE: 0.00021961 | BPP: 0.1987 | QP: 63
2026-07-13 23:03:00,847 [INFO ]  [1000/5732] | Loss: 1.097 | PSNR: 36.596 | MSE: 0.00021896 | BPP: 0.1985 | QP: 63
2026-07-13 23:04:10,116 [INFO ]  [1500/5732] | Loss: 1.110 | PSNR: 36.543 | MSE: 0.00022167 | BPP: 0.1990 | QP: 63
2026-07-13 23:05:18,331 [INFO ]  [2000/5732] | Loss: 1.104 | PSNR: 36.568 | MSE: 0.00022037 | BPP: 0.1990 | QP: 63
2026-07-13 23:06:26,785 [INFO ]  [2500/5732] | Loss: 1.103 | PSNR: 36.572 | MSE: 0.00022017 | BPP: 0.1990 | QP: 63
2026-07-13 23:07:35,100 [INFO ]  [3000/5732] | Loss: 1.103 | PSNR: 36.571 | MSE: 0.00022023 | BPP: 0.1991 | QP: 63
2026-07-13 23:08:43,002 [INFO ]  [3500/5732] | Loss: 1.108 | PSNR: 36.552 | MSE: 0.00022120 | BPP: 0.1994 | QP: 63
2026-07-13 23:09:50,702 [INFO ]  [4000/5732] | Loss: 1.107 | PSNR: 36.555 | MSE: 0.00022107 | BPP: 0.1993 | QP: 63
2026-07-13 23:10:58,704 [INFO ]  [4500/5732] | Loss: 1.104 | PSNR: 36.566 | MSE: 0.00022049 | BPP: 0.1993 | QP: 63
2026-07-13 23:12:07,269 [INFO ]  [5000/5732] | Loss: 1.104 | PSNR: 36.569 | MSE: 0.00022034 | BPP: 0.1994 | QP: 63
2026-07-13 23:13:14,787 [INFO ]  [5500/5732] | Loss: 1.100 | PSNR: 36.585 | MSE: 0.00021955 | BPP: 0.1994 | QP: 63
2026-07-13 23:13:45,817 [INFO ]  Train epoch 18: Loss: 1.098 | PSNR: 36.591 | MSE: 0.00021923 | BPP: 0.1994
2026-07-13 23:13:45,817 [INFO ]  No test_filelist is set; using train loss for checkpoint selection.
2026-07-13 23:13:47,042 [INFO ]  Checkpoint epoch 18: best model saved: yes | current loss: 1.098155 | best loss: 1.098155
2026-07-13 23:13:47,043 [INFO ]  Global step updated to: 108908
2026-07-13 23:13:47,043 [INFO ]  ====== Current epoch 19 ======
2026-07-13 23:13:47,043 [INFO ]  Learning rate: 0.0001
2026-07-13 23:13:47,504 [INFO ]  [0/5732] | Loss: 0.526 | PSNR: 39.796 | MSE: 0.00010480 | BPP: 0.2065 | QP: 63
2026-07-13 23:14:54,582 [INFO ]  [500/5732] | Loss: 1.085 | PSNR: 36.643 | MSE: 0.00021662 | BPP: 0.2005 | QP: 63
2026-07-13 23:16:02,713 [INFO ]  [1000/5732] | Loss: 1.074 | PSNR: 36.686 | MSE: 0.00021447 | BPP: 0.2006 | QP: 63
2026-07-13 23:17:10,917 [INFO ]  [1500/5732] | Loss: 1.078 | PSNR: 36.673 | MSE: 0.00021514 | BPP: 0.2005 | QP: 63
2026-07-13 23:18:18,539 [INFO ]  [2000/5732] | Loss: 1.077 | PSNR: 36.674 | MSE: 0.00021509 | BPP: 0.2006 | QP: 63
2026-07-13 23:19:26,468 [INFO ]  [2500/5732] | Loss: 1.077 | PSNR: 36.677 | MSE: 0.00021494 | BPP: 0.2005 | QP: 63
2026-07-13 23:20:34,240 [INFO ]  [3000/5732] | Loss: 1.074 | PSNR: 36.687 | MSE: 0.00021442 | BPP: 0.2005 | QP: 63
2026-07-13 23:21:42,363 [INFO ]  [3500/5732] | Loss: 1.080 | PSNR: 36.663 | MSE: 0.00021560 | BPP: 0.2008 | QP: 63
2026-07-13 23:22:50,488 [INFO ]  [4000/5732] | Loss: 1.075 | PSNR: 36.682 | MSE: 0.00021469 | BPP: 0.2007 | QP: 63
2026-07-13 23:23:59,454 [INFO ]  [4500/5732] | Loss: 1.076 | PSNR: 36.681 | MSE: 0.00021472 | BPP: 0.2010 | QP: 63
2026-07-13 23:25:07,530 [INFO ]  [5000/5732] | Loss: 1.076 | PSNR: 36.678 | MSE: 0.00021489 | BPP: 0.2013 | QP: 63
2026-07-13 23:26:15,471 [INFO ]  [5500/5732] | Loss: 1.072 | PSNR: 36.694 | MSE: 0.00021409 | BPP: 0.2013 | QP: 63
2026-07-13 23:26:46,736 [INFO ]  Train epoch 19: Loss: 1.072 | PSNR: 36.696 | MSE: 0.00021399 | BPP: 0.2017
2026-07-13 23:26:46,736 [INFO ]  No test_filelist is set; using train loss for checkpoint selection.
2026-07-13 23:26:47,986 [INFO ]  Checkpoint epoch 19: best model saved: yes | current loss: 1.071952 | best loss: 1.071952
2026-07-13 23:26:48,496 [INFO ]  Saved periodic checkpoint: ./pretrained_uf/DCVCUFIntra/2/checkpoint_epoch_0020_uf_phase_1.pth.tar
2026-07-13 23:26:48,496 [INFO ]  Global step updated to: 114640
2026-07-13 23:26:48,497 [INFO ]  ====== Current epoch 20 ======
2026-07-13 23:26:48,497 [INFO ]  Learning rate: 0.0001
2026-07-13 23:26:48,978 [INFO ]  [0/5732] | Loss: 0.327 | PSNR: 37.655 | MSE: 0.00017159 | BPP: 0.1949 | QP: 63
2026-07-13 23:27:57,136 [INFO ]  [500/5732] | Loss: 0.301 | PSNR: 36.278 | MSE: 0.00023564 | BPP: 0.1199 | QP: 63
2026-07-13 23:29:05,032 [INFO ]  [1000/5732] | Loss: 0.287 | PSNR: 36.235 | MSE: 0.00023798 | BPP: 0.1038 | QP: 63
2026-07-13 23:30:14,514 [INFO ]  [1500/5732] | Loss: 0.283 | PSNR: 36.165 | MSE: 0.00024181 | BPP: 0.0969 | QP: 63
2026-07-13 23:31:22,763 [INFO ]  [2000/5732] | Loss: 0.279 | PSNR: 36.152 | MSE: 0.00024252 | BPP: 0.0927 | QP: 63
2026-07-13 23:32:30,510 [INFO ]  [2500/5732] | Loss: 0.275 | PSNR: 36.174 | MSE: 0.00024133 | BPP: 0.0897 | QP: 63
2026-07-13 23:33:38,229 [INFO ]  [3000/5732] | Loss: 0.273 | PSNR: 36.179 | MSE: 0.00024107 | BPP: 0.0874 | QP: 63
2026-07-13 23:34:46,628 [INFO ]  [3500/5732] | Loss: 0.271 | PSNR: 36.181 | MSE: 0.00024092 | BPP: 0.0857 | QP: 63
2026-07-13 23:35:54,934 [INFO ]  [4000/5732] | Loss: 0.270 | PSNR: 36.175 | MSE: 0.00024128 | BPP: 0.0843 | QP: 63
2026-07-13 23:37:02,873 [INFO ]  [4500/5732] | Loss: 0.269 | PSNR: 36.168 | MSE: 0.00024168 | BPP: 0.0833 | QP: 63
2026-07-13 23:38:10,940 [INFO ]  [5000/5732] | Loss: 0.267 | PSNR: 36.179 | MSE: 0.00024106 | BPP: 0.0823 | QP: 63
2026-07-13 23:39:18,847 [INFO ]  [5500/5732] | Loss: 0.267 | PSNR: 36.168 | MSE: 0.00024168 | BPP: 0.0815 | QP: 63
2026-07-13 23:39:50,072 [INFO ]  Train epoch 20: Loss: 0.266 | PSNR: 36.191 | MSE: 0.00024038 | BPP: 0.0810
2026-07-13 23:39:50,073 [INFO ]  No test_filelist is set; using train loss for checkpoint selection.
2026-07-13 23:39:51,391 [INFO ]  Checkpoint epoch 20: best model saved: yes | current loss: 0.265621 | best loss: 0.265621
2026-07-13 23:39:51,391 [INFO ]  Global step updated to: 120372
2026-07-13 23:39:51,392 [INFO ]  ====== Current epoch 21 ======
2026-07-13 23:39:51,392 [INFO ]  Learning rate: 0.0001
2026-07-13 23:39:51,897 [INFO ]  [0/5732] | Loss: 0.271 | PSNR: 35.973 | MSE: 0.00025275 | BPP: 0.0772 | QP: 63
2026-07-13 23:41:00,521 [INFO ]  [500/5732] | Loss: 0.261 | PSNR: 36.107 | MSE: 0.00024510 | BPP: 0.0732 | QP: 63
2026-07-13 23:42:08,987 [INFO ]  [1000/5732] | Loss: 0.260 | PSNR: 36.147 | MSE: 0.00024281 | BPP: 0.0732 | QP: 63
2026-07-13 23:43:18,219 [INFO ]  [1500/5732] | Loss: 0.260 | PSNR: 36.144 | MSE: 0.00024299 | BPP: 0.0733 | QP: 63
2026-07-13 23:44:26,628 [INFO ]  [2000/5732] | Loss: 0.258 | PSNR: 36.182 | MSE: 0.00024089 | BPP: 0.0728 | QP: 63
2026-07-13 23:45:35,140 [INFO ]  [2500/5732] | Loss: 0.257 | PSNR: 36.191 | MSE: 0.00024039 | BPP: 0.0726 | QP: 63
2026-07-13 23:46:41,924 [INFO ]  [3000/5732] | Loss: 0.257 | PSNR: 36.187 | MSE: 0.00024058 | BPP: 0.0724 | QP: 63
2026-07-13 23:47:50,843 [INFO ]  [3500/5732] | Loss: 0.257 | PSNR: 36.191 | MSE: 0.00024039 | BPP: 0.0722 | QP: 63
2026-07-13 23:48:58,905 [INFO ]  [4000/5732] | Loss: 0.257 | PSNR: 36.189 | MSE: 0.00024051 | BPP: 0.0722 | QP: 63
2026-07-13 23:50:06,978 [INFO ]  [4500/5732] | Loss: 0.255 | PSNR: 36.220 | MSE: 0.00023877 | BPP: 0.0719 | QP: 63
2026-07-13 23:51:14,878 [INFO ]  [5000/5732] | Loss: 0.255 | PSNR: 36.230 | MSE: 0.00023823 | BPP: 0.0717 | QP: 63
2026-07-13 23:52:23,022 [INFO ]  [5500/5732] | Loss: 0.255 | PSNR: 36.227 | MSE: 0.00023837 | BPP: 0.0716 | QP: 63
2026-07-13 23:52:54,263 [INFO ]  Train epoch 21: Loss: 0.255 | PSNR: 36.216 | MSE: 0.00023901 | BPP: 0.0716
2026-07-13 23:52:54,263 [INFO ]  No test_filelist is set; using train loss for checkpoint selection.
2026-07-13 23:52:55,440 [INFO ]  Checkpoint epoch 21: best model saved: yes | current loss: 0.255207 | best loss: 0.255207
2026-07-13 23:52:55,440 [INFO ]  Global step updated to: 126104
2026-07-13 23:52:55,440 [INFO ]  ====== Current epoch 22 ======
2026-07-13 23:52:55,440 [INFO ]  Learning rate: 0.0001
2026-07-13 23:52:55,939 [INFO ]  [0/5732] | Loss: 0.232 | PSNR: 36.892 | MSE: 0.00020455 | BPP: 0.0749 | QP: 63
2026-07-13 23:54:03,948 [INFO ]  [500/5732] | Loss: 0.254 | PSNR: 36.228 | MSE: 0.00023832 | BPP: 0.0709 | QP: 63
2026-07-13 23:55:11,050 [INFO ]  [1000/5732] | Loss: 0.256 | PSNR: 36.182 | MSE: 0.00024086 | BPP: 0.0712 | QP: 63
2026-07-13 23:56:18,020 [INFO ]  [1500/5732] | Loss: 0.257 | PSNR: 36.170 | MSE: 0.00024152 | BPP: 0.0710 | QP: 63
2026-07-13 23:57:24,240 [INFO ]  [2000/5732] | Loss: 0.255 | PSNR: 36.204 | MSE: 0.00023964 | BPP: 0.0708 | QP: 63
2026-07-13 23:58:30,859 [INFO ]  [2500/5732] | Loss: 0.254 | PSNR: 36.211 | MSE: 0.00023926 | BPP: 0.0706 | QP: 63
2026-07-13 23:59:37,360 [INFO ]  [3000/5732] | Loss: 0.254 | PSNR: 36.226 | MSE: 0.00023846 | BPP: 0.0706 | QP: 63
2026-07-14 00:00:43,626 [INFO ]  [3500/5732] | Loss: 0.253 | PSNR: 36.232 | MSE: 0.00023811 | BPP: 0.0704 | QP: 63
2026-07-14 00:01:49,856 [INFO ]  [4000/5732] | Loss: 0.252 | PSNR: 36.259 | MSE: 0.00023665 | BPP: 0.0702 | QP: 63
2026-07-14 00:02:56,422 [INFO ]  [4500/5732] | Loss: 0.251 | PSNR: 36.278 | MSE: 0.00023563 | BPP: 0.0701 | QP: 63
2026-07-14 00:04:02,855 [INFO ]  [5000/5732] | Loss: 0.251 | PSNR: 36.275 | MSE: 0.00023576 | BPP: 0.0701 | QP: 63
2026-07-14 00:05:08,978 [INFO ]  [5500/5732] | Loss: 0.252 | PSNR: 36.265 | MSE: 0.00023633 | BPP: 0.0700 | QP: 63
2026-07-14 00:05:39,358 [INFO ]  Train epoch 22: Loss: 0.251 | PSNR: 36.277 | MSE: 0.00023569 | BPP: 0.0698
2026-07-14 00:05:39,359 [INFO ]  No test_filelist is set; using train loss for checkpoint selection.
2026-07-14 00:05:40,583 [INFO ]  Checkpoint epoch 22: best model saved: yes | current loss: 0.250810 | best loss: 0.250810
2026-07-14 00:05:40,583 [INFO ]  Global step updated to: 131836
2026-07-14 00:05:40,583 [INFO ]  ====== Current epoch 23 ======
2026-07-14 00:05:40,583 [INFO ]  Learning rate: 0.0001
2026-07-14 00:05:41,112 [INFO ]  [0/5732] | Loss: 0.564 | PSNR: 32.216 | MSE: 0.00060041 | BPP: 0.1033 | QP: 63
2026-07-14 00:06:47,238 [INFO ]  [500/5732] | Loss: 0.257 | PSNR: 36.124 | MSE: 0.00024413 | BPP: 0.0697 | QP: 63
2026-07-14 00:07:53,372 [INFO ]  [1000/5732] | Loss: 0.250 | PSNR: 36.287 | MSE: 0.00023513 | BPP: 0.0690 | QP: 63
2026-07-14 00:08:59,226 [INFO ]  [1500/5732] | Loss: 0.250 | PSNR: 36.282 | MSE: 0.00023537 | BPP: 0.0693 | QP: 63
2026-07-14 00:10:06,100 [INFO ]  [2000/5732] | Loss: 0.248 | PSNR: 36.316 | MSE: 0.00023357 | BPP: 0.0691 | QP: 63
2026-07-14 00:11:14,049 [INFO ]  [2500/5732] | Loss: 0.248 | PSNR: 36.322 | MSE: 0.00023324 | BPP: 0.0692 | QP: 63
2026-07-14 00:12:20,308 [INFO ]  [3000/5732] | Loss: 0.248 | PSNR: 36.317 | MSE: 0.00023349 | BPP: 0.0690 | QP: 63
2026-07-14 00:13:30,481 [INFO ]  [3500/5732] | Loss: 0.247 | PSNR: 36.345 | MSE: 0.00023201 | BPP: 0.0688 | QP: 63
2026-07-14 00:14:44,492 [INFO ]  [4000/5732] | Loss: 0.247 | PSNR: 36.344 | MSE: 0.00023207 | BPP: 0.0688 | QP: 63
2026-07-14 00:15:58,206 [INFO ]  [4500/5732] | Loss: 0.247 | PSNR: 36.336 | MSE: 0.00023250 | BPP: 0.0688 | QP: 63
2026-07-14 00:17:09,721 [INFO ]  [5000/5732] | Loss: 0.247 | PSNR: 36.333 | MSE: 0.00023264 | BPP: 0.0688 | QP: 63
2026-07-14 00:18:20,792 [INFO ]  [5500/5732] | Loss: 0.247 | PSNR: 36.337 | MSE: 0.00023245 | BPP: 0.0688 | QP: 63
2026-07-14 00:18:53,798 [INFO ]  Train epoch 23: Loss: 0.248 | PSNR: 36.329 | MSE: 0.00023285 | BPP: 0.0688
2026-07-14 00:18:53,798 [INFO ]  No test_filelist is set; using train loss for checkpoint selection.
2026-07-14 00:18:55,050 [INFO ]  Checkpoint epoch 23: best model saved: yes | current loss: 0.247585 | best loss: 0.247585
2026-07-14 00:18:55,050 [INFO ]  Global step updated to: 137568
2026-07-14 00:18:55,050 [INFO ]  ====== Current epoch 24 ======
2026-07-14 00:18:55,050 [INFO ]  Learning rate: 0.0001
2026-07-14 00:18:55,565 [INFO ]  [0/5732] | Loss: 0.192 | PSNR: 37.660 | MSE: 0.00017140 | BPP: 0.0608 | QP: 63
2026-07-14 00:20:08,982 [INFO ]  [500/5732] | Loss: 0.243 | PSNR: 36.408 | MSE: 0.00022866 | BPP: 0.0674 | QP: 63
2026-07-14 00:21:21,662 [INFO ]  [1000/5732] | Loss: 0.241 | PSNR: 36.458 | MSE: 0.00022604 | BPP: 0.0674 | QP: 63
2026-07-14 00:22:33,992 [INFO ]  [1500/5732] | Loss: 0.242 | PSNR: 36.422 | MSE: 0.00022792 | BPP: 0.0674 | QP: 63
2026-07-14 00:23:47,660 [INFO ]  [2000/5732] | Loss: 0.243 | PSNR: 36.407 | MSE: 0.00022874 | BPP: 0.0676 | QP: 63
2026-07-14 00:24:54,539 [INFO ]  [2500/5732] | Loss: 0.244 | PSNR: 36.392 | MSE: 0.00022951 | BPP: 0.0677 | QP: 63
2026-07-14 00:26:01,387 [INFO ]  [3000/5732] | Loss: 0.244 | PSNR: 36.396 | MSE: 0.00022931 | BPP: 0.0677 | QP: 63
2026-07-14 00:27:08,422 [INFO ]  [3500/5732] | Loss: 0.244 | PSNR: 36.394 | MSE: 0.00022943 | BPP: 0.0676 | QP: 63
2026-07-14 00:28:14,693 [INFO ]  [4000/5732] | Loss: 0.244 | PSNR: 36.399 | MSE: 0.00022912 | BPP: 0.0676 | QP: 63
2026-07-14 00:29:21,714 [INFO ]  [4500/5732] | Loss: 0.243 | PSNR: 36.402 | MSE: 0.00022896 | BPP: 0.0676 | QP: 63
2026-07-14 00:30:28,375 [INFO ]  [5000/5732] | Loss: 0.243 | PSNR: 36.412 | MSE: 0.00022847 | BPP: 0.0676 | QP: 63
2026-07-14 00:31:35,845 [INFO ]  [5500/5732] | Loss: 0.243 | PSNR: 36.413 | MSE: 0.00022839 | BPP: 0.0676 | QP: 63
2026-07-14 00:32:06,255 [INFO ]  Train epoch 24: Loss: 0.245 | PSNR: 36.378 | MSE: 0.00023026 | BPP: 0.0680
2026-07-14 00:32:06,256 [INFO ]  No test_filelist is set; using train loss for checkpoint selection.
2026-07-14 00:32:07,357 [INFO ]  Checkpoint epoch 24: best model saved: yes | current loss: 0.244836 | best loss: 0.244836
2026-07-14 00:32:07,357 [INFO ]  Global step updated to: 143300
2026-07-14 00:32:07,357 [INFO ]  ====== Current epoch 25 ======
2026-07-14 00:32:07,357 [INFO ]  Learning rate: 0.0001
2026-07-14 00:32:07,786 [INFO ]  [0/5732] | Loss: 0.167 | PSNR: 38.762 | MSE: 0.00013298 | BPP: 0.0651 | QP: 63
2026-07-14 00:33:14,921 [INFO ]  [500/5732] | Loss: 0.239 | PSNR: 36.504 | MSE: 0.00022364 | BPP: 0.0670 | QP: 63
2026-07-14 00:34:21,903 [INFO ]  [1000/5732] | Loss: 0.240 | PSNR: 36.487 | MSE: 0.00022456 | BPP: 0.0675 | QP: 63
2026-07-14 00:35:29,217 [INFO ]  [1500/5732] | Loss: 0.241 | PSNR: 36.470 | MSE: 0.00022541 | BPP: 0.0676 | QP: 63
2026-07-14 00:36:36,741 [INFO ]  [2000/5732] | Loss: 0.242 | PSNR: 36.447 | MSE: 0.00022662 | BPP: 0.0677 | QP: 63
2026-07-14 00:37:44,120 [INFO ]  [2500/5732] | Loss: 0.242 | PSNR: 36.450 | MSE: 0.00022644 | BPP: 0.0677 | QP: 63
2026-07-14 00:38:51,216 [INFO ]  [3000/5732] | Loss: 0.241 | PSNR: 36.471 | MSE: 0.00022535 | BPP: 0.0675 | QP: 63
2026-07-14 00:39:58,143 [INFO ]  [3500/5732] | Loss: 0.240 | PSNR: 36.481 | MSE: 0.00022484 | BPP: 0.0674 | QP: 63
2026-07-14 00:41:05,696 [INFO ]  [4000/5732] | Loss: 0.240 | PSNR: 36.484 | MSE: 0.00022472 | BPP: 0.0673 | QP: 63
2026-07-14 00:42:13,758 [INFO ]  [4500/5732] | Loss: 0.240 | PSNR: 36.486 | MSE: 0.00022458 | BPP: 0.0673 | QP: 63
2026-07-14 00:43:22,163 [INFO ]  [5000/5732] | Loss: 0.240 | PSNR: 36.471 | MSE: 0.00022535 | BPP: 0.0674 | QP: 63
2026-07-14 00:44:29,006 [INFO ]  [5500/5732] | Loss: 0.240 | PSNR: 36.470 | MSE: 0.00022544 | BPP: 0.0673 | QP: 63
2026-07-14 00:44:59,575 [INFO ]  Train epoch 25: Loss: 0.242 | PSNR: 36.438 | MSE: 0.00022710 | BPP: 0.0675
2026-07-14 00:44:59,576 [INFO ]  No test_filelist is set; using train loss for checkpoint selection.
2026-07-14 00:45:00,638 [INFO ]  Checkpoint epoch 25: best model saved: yes | current loss: 0.241859 | best loss: 0.241859
2026-07-14 00:45:00,638 [INFO ]  Global step updated to: 149032
2026-07-14 00:45:00,638 [INFO ]  ====== Current epoch 26 ======
2026-07-14 00:45:00,638 [INFO ]  Learning rate: 0.0001
2026-07-14 00:45:01,133 [INFO ]  [0/5732] | Loss: 0.478 | PSNR: 33.001 | MSE: 0.00050104 | BPP: 0.0934 | QP: 63
2026-07-14 00:46:07,286 [INFO ]  [500/5732] | Loss: 0.241 | PSNR: 36.454 | MSE: 0.00022625 | BPP: 0.0677 | QP: 63
2026-07-14 00:47:15,017 [INFO ]  [1000/5732] | Loss: 0.240 | PSNR: 36.484 | MSE: 0.00022471 | BPP: 0.0675 | QP: 63
2026-07-14 00:48:21,670 [INFO ]  [1500/5732] | Loss: 0.240 | PSNR: 36.472 | MSE: 0.00022532 | BPP: 0.0672 | QP: 63
2026-07-14 00:49:29,569 [INFO ]  [2000/5732] | Loss: 0.241 | PSNR: 36.464 | MSE: 0.00022573 | BPP: 0.0673 | QP: 63
2026-07-14 00:50:36,272 [INFO ]  [2500/5732] | Loss: 0.241 | PSNR: 36.466 | MSE: 0.00022561 | BPP: 0.0673 | QP: 63
2026-07-14 00:51:44,557 [INFO ]  [3000/5732] | Loss: 0.240 | PSNR: 36.479 | MSE: 0.00022498 | BPP: 0.0673 | QP: 63
2026-07-14 00:52:52,224 [INFO ]  [3500/5732] | Loss: 0.239 | PSNR: 36.502 | MSE: 0.00022376 | BPP: 0.0672 | QP: 63
2026-07-14 00:53:59,884 [INFO ]  [4000/5732] | Loss: 0.238 | PSNR: 36.515 | MSE: 0.00022309 | BPP: 0.0671 | QP: 63
2026-07-14 00:55:07,070 [INFO ]  [4500/5732] | Loss: 0.239 | PSNR: 36.496 | MSE: 0.00022409 | BPP: 0.0672 | QP: 63
2026-07-14 00:56:13,215 [INFO ]  [5000/5732] | Loss: 0.240 | PSNR: 36.490 | MSE: 0.00022439 | BPP: 0.0672 | QP: 63
2026-07-14 00:57:19,946 [INFO ]  [5500/5732] | Loss: 0.240 | PSNR: 36.490 | MSE: 0.00022440 | BPP: 0.0672 | QP: 63
2026-07-14 00:57:50,605 [INFO ]  Train epoch 26: Loss: 0.239 | PSNR: 36.502 | MSE: 0.00022377 | BPP: 0.0672
2026-07-14 00:57:50,606 [INFO ]  No test_filelist is set; using train loss for checkpoint selection.
2026-07-14 00:57:51,739 [INFO ]  Checkpoint epoch 26: best model saved: yes | current loss: 0.239055 | best loss: 0.239055
2026-07-14 00:57:51,739 [INFO ]  Global step updated to: 154764
2026-07-14 00:57:51,739 [INFO ]  ====== Current epoch 27 ======
2026-07-14 00:57:51,739 [INFO ]  Learning rate: 0.0001
2026-07-14 00:57:52,184 [INFO ]  [0/5732] | Loss: 0.315 | PSNR: 35.016 | MSE: 0.00031509 | BPP: 0.0728 | QP: 63
2026-07-14 00:58:59,093 [INFO ]  [500/5732] | Loss: 0.231 | PSNR: 36.672 | MSE: 0.00021519 | BPP: 0.0659 | QP: 63
2026-07-14 01:00:05,891 [INFO ]  [1000/5732] | Loss: 0.237 | PSNR: 36.536 | MSE: 0.00022201 | BPP: 0.0667 | QP: 63
2026-07-14 01:01:13,094 [INFO ]  [1500/5732] | Loss: 0.237 | PSNR: 36.536 | MSE: 0.00022201 | BPP: 0.0668 | QP: 63
2026-07-14 01:02:19,927 [INFO ]  [2000/5732] | Loss: 0.237 | PSNR: 36.548 | MSE: 0.00022142 | BPP: 0.0667 | QP: 63
2026-07-14 01:03:26,532 [INFO ]  [2500/5732] | Loss: 0.237 | PSNR: 36.548 | MSE: 0.00022143 | BPP: 0.0668 | QP: 63
2026-07-14 01:04:33,495 [INFO ]  [3000/5732] | Loss: 0.237 | PSNR: 36.546 | MSE: 0.00022154 | BPP: 0.0668 | QP: 63
2026-07-14 01:05:40,351 [INFO ]  [3500/5732] | Loss: 0.237 | PSNR: 36.542 | MSE: 0.00022173 | BPP: 0.0668 | QP: 63
2026-07-14 01:06:47,713 [INFO ]  [4000/5732] | Loss: 0.237 | PSNR: 36.538 | MSE: 0.00022192 | BPP: 0.0668 | QP: 63
2026-07-14 01:07:54,827 [INFO ]  [4500/5732] | Loss: 0.237 | PSNR: 36.552 | MSE: 0.00022120 | BPP: 0.0668 | QP: 63
2026-07-14 01:09:00,969 [INFO ]  [5000/5732] | Loss: 0.236 | PSNR: 36.564 | MSE: 0.00022059 | BPP: 0.0668 | QP: 63
2026-07-14 01:10:07,687 [INFO ]  [5500/5732] | Loss: 0.236 | PSNR: 36.565 | MSE: 0.00022054 | BPP: 0.0668 | QP: 63
2026-07-14 01:10:37,966 [INFO ]  Train epoch 27: Loss: 0.236 | PSNR: 36.565 | MSE: 0.00022057 | BPP: 0.0668
2026-07-14 01:10:37,967 [INFO ]  No test_filelist is set; using train loss for checkpoint selection.
2026-07-14 01:10:39,084 [INFO ]  Checkpoint epoch 27: best model saved: yes | current loss: 0.236235 | best loss: 0.236235
2026-07-14 01:10:39,084 [INFO ]  Global step updated to: 160496
2026-07-14 01:10:39,084 [INFO ]  ====== Current epoch 28 ======
2026-07-14 01:10:39,084 [INFO ]  Learning rate: 0.0001
2026-07-14 01:10:39,559 [INFO ]  [0/5732] | Loss: 0.202 | PSNR: 37.679 | MSE: 0.00017067 | BPP: 0.0708 | QP: 63
2026-07-14 01:11:46,406 [INFO ]  [500/5732] | Loss: 0.237 | PSNR: 36.546 | MSE: 0.00022151 | BPP: 0.0664 | QP: 63
2026-07-14 01:12:53,136 [INFO ]  [1000/5732] | Loss: 0.239 | PSNR: 36.506 | MSE: 0.00022354 | BPP: 0.0671 | QP: 63
2026-07-14 01:14:00,223 [INFO ]  [1500/5732] | Loss: 0.239 | PSNR: 36.491 | MSE: 0.00022432 | BPP: 0.0671 | QP: 63
2026-07-14 01:15:06,753 [INFO ]  [2000/5732] | Loss: 0.238 | PSNR: 36.521 | MSE: 0.00022281 | BPP: 0.0670 | QP: 63
2026-07-14 01:16:13,325 [INFO ]  [2500/5732] | Loss: 0.238 | PSNR: 36.521 | MSE: 0.00022278 | BPP: 0.0671 | QP: 63
2026-07-14 01:17:19,471 [INFO ]  [3000/5732] | Loss: 0.238 | PSNR: 36.535 | MSE: 0.00022207 | BPP: 0.0670 | QP: 63
2026-07-14 01:18:26,049 [INFO ]  [3500/5732] | Loss: 0.237 | PSNR: 36.544 | MSE: 0.00022162 | BPP: 0.0670 | QP: 63
2026-07-14 01:19:32,458 [INFO ]  [4000/5732] | Loss: 0.237 | PSNR: 36.549 | MSE: 0.00022136 | BPP: 0.0669 | QP: 63
2026-07-14 01:20:38,797 [INFO ]  [4500/5732] | Loss: 0.236 | PSNR: 36.563 | MSE: 0.00022063 | BPP: 0.0668 | QP: 63
2026-07-14 01:21:48,539 [INFO ]  [5000/5732] | Loss: 0.235 | PSNR: 36.581 | MSE: 0.00021974 | BPP: 0.0667 | QP: 63
2026-07-14 01:23:00,291 [INFO ]  [5500/5732] | Loss: 0.235 | PSNR: 36.584 | MSE: 0.00021960 | BPP: 0.0667 | QP: 63
2026-07-14 01:23:30,969 [INFO ]  Train epoch 28: Loss: 0.234 | PSNR: 36.619 | MSE: 0.00021781 | BPP: 0.0667
2026-07-14 01:23:30,970 [INFO ]  No test_filelist is set; using train loss for checkpoint selection.
2026-07-14 01:23:32,160 [INFO ]  Checkpoint epoch 28: best model saved: yes | current loss: 0.233993 | best loss: 0.233993
2026-07-14 01:23:32,160 [INFO ]  Global step updated to: 166228
2026-07-14 01:23:32,160 [INFO ]  ====== Current epoch 29 ======
2026-07-14 01:23:32,160 [INFO ]  Learning rate: 0.0001
2026-07-14 01:23:32,620 [INFO ]  [0/5732] | Loss: 0.426 | PSNR: 33.428 | MSE: 0.00045410 | BPP: 0.0771 | QP: 63
2026-07-14 01:24:39,251 [INFO ]  [500/5732] | Loss: 0.232 | PSNR: 36.644 | MSE: 0.00021656 | BPP: 0.0661 | QP: 63
2026-07-14 01:25:45,904 [INFO ]  [1000/5732] | Loss: 0.234 | PSNR: 36.624 | MSE: 0.00021759 | BPP: 0.0665 | QP: 63
2026-07-14 01:26:52,606 [INFO ]  [1500/5732] | Loss: 0.231 | PSNR: 36.677 | MSE: 0.00021491 | BPP: 0.0663 | QP: 63
2026-07-14 01:27:59,317 [INFO ]  [2000/5732] | Loss: 0.233 | PSNR: 36.647 | MSE: 0.00021640 | BPP: 0.0664 | QP: 63
2026-07-14 01:29:05,971 [INFO ]  [2500/5732] | Loss: 0.232 | PSNR: 36.672 | MSE: 0.00021516 | BPP: 0.0664 | QP: 63
2026-07-14 01:30:12,768 [INFO ]  [3000/5732] | Loss: 0.232 | PSNR: 36.669 | MSE: 0.00021535 | BPP: 0.0664 | QP: 63
2026-07-14 01:31:18,958 [INFO ]  [3500/5732] | Loss: 0.232 | PSNR: 36.662 | MSE: 0.00021565 | BPP: 0.0664 | QP: 63
2026-07-14 01:32:26,738 [INFO ]  [4000/5732] | Loss: 0.232 | PSNR: 36.665 | MSE: 0.00021554 | BPP: 0.0664 | QP: 63
2026-07-14 01:33:34,063 [INFO ]  [4500/5732] | Loss: 0.231 | PSNR: 36.686 | MSE: 0.00021451 | BPP: 0.0663 | QP: 63
2026-07-14 01:34:41,172 [INFO ]  [5000/5732] | Loss: 0.231 | PSNR: 36.683 | MSE: 0.00021461 | BPP: 0.0663 | QP: 63
2026-07-14 01:35:48,038 [INFO ]  [5500/5732] | Loss: 0.231 | PSNR: 36.687 | MSE: 0.00021446 | BPP: 0.0663 | QP: 63
2026-07-14 01:36:18,971 [INFO ]  Train epoch 29: Loss: 0.232 | PSNR: 36.668 | MSE: 0.00021536 | BPP: 0.0665
2026-07-14 01:36:18,972 [INFO ]  No test_filelist is set; using train loss for checkpoint selection.
2026-07-14 01:36:20,045 [INFO ]  Checkpoint epoch 29: best model saved: yes | current loss: 0.231935 | best loss: 0.231935
2026-07-14 01:36:20,456 [INFO ]  Saved periodic checkpoint: ./pretrained_uf/DCVCUFIntra/2/checkpoint_epoch_0030_uf_phase_1.pth.tar
2026-07-14 01:36:20,457 [INFO ]  Global step updated to: 171960
2026-07-14 01:36:20,457 [INFO ]  ====== Current epoch 30 ======
2026-07-14 01:36:20,457 [INFO ]  Learning rate: 0.0001
2026-07-14 01:36:20,882 [INFO ]  [0/5732] | Loss: 0.355 | PSNR: 34.616 | MSE: 0.00034543 | BPP: 0.0897 | QP: 63
2026-07-14 01:37:26,860 [INFO ]  [500/5732] | Loss: 0.233 | PSNR: 36.647 | MSE: 0.00021640 | BPP: 0.0670 | QP: 63
2026-07-14 01:38:33,656 [INFO ]  [1000/5732] | Loss: 0.231 | PSNR: 36.704 | MSE: 0.00021359 | BPP: 0.0668 | QP: 63
2026-07-14 01:39:40,158 [INFO ]  [1500/5732] | Loss: 0.232 | PSNR: 36.686 | MSE: 0.00021448 | BPP: 0.0669 | QP: 63
2026-07-14 01:40:46,841 [INFO ]  [2000/5732] | Loss: 0.230 | PSNR: 36.715 | MSE: 0.00021308 | BPP: 0.0665 | QP: 63
2026-07-14 01:41:53,699 [INFO ]  [2500/5732] | Loss: 0.231 | PSNR: 36.700 | MSE: 0.00021381 | BPP: 0.0666 | QP: 63
2026-07-14 01:43:00,181 [INFO ]  [3000/5732] | Loss: 0.231 | PSNR: 36.694 | MSE: 0.00021409 | BPP: 0.0666 | QP: 63
2026-07-14 01:44:07,018 [INFO ]  [3500/5732] | Loss: 0.231 | PSNR: 36.692 | MSE: 0.00021419 | BPP: 0.0667 | QP: 63
2026-07-14 01:45:13,756 [INFO ]  [4000/5732] | Loss: 0.231 | PSNR: 36.706 | MSE: 0.00021349 | BPP: 0.0667 | QP: 63
2026-07-14 01:46:20,523 [INFO ]  [4500/5732] | Loss: 0.230 | PSNR: 36.722 | MSE: 0.00021270 | BPP: 0.0666 | QP: 63
2026-07-14 01:47:26,568 [INFO ]  [5000/5732] | Loss: 0.230 | PSNR: 36.729 | MSE: 0.00021239 | BPP: 0.0666 | QP: 63
2026-07-14 01:48:31,410 [INFO ]  [5500/5732] | Loss: 0.229 | PSNR: 36.742 | MSE: 0.00021172 | BPP: 0.0665 | QP: 63
2026-07-14 01:49:01,727 [INFO ]  Train epoch 30: Loss: 0.230 | PSNR: 36.728 | MSE: 0.00021243 | BPP: 0.0664
2026-07-14 01:49:01,727 [INFO ]  No test_filelist is set; using train loss for checkpoint selection.
2026-07-14 01:49:02,791 [INFO ]  Checkpoint epoch 30: best model saved: yes | current loss: 0.229575 | best loss: 0.229575
2026-07-14 01:49:02,791 [INFO ]  Global step updated to: 177692
2026-07-14 01:49:02,792 [INFO ]  ====== Current epoch 31 ======
2026-07-14 01:49:02,792 [INFO ]  Learning rate: 0.0001
2026-07-14 01:49:03,256 [INFO ]  [0/5732] | Loss: 0.183 | PSNR: 38.128 | MSE: 0.00015387 | BPP: 0.0651 | QP: 63
2026-07-14 01:50:10,301 [INFO ]  [500/5732] | Loss: 0.229 | PSNR: 36.743 | MSE: 0.00021169 | BPP: 0.0661 | QP: 63
2026-07-14 01:51:17,568 [INFO ]  [1000/5732] | Loss: 0.230 | PSNR: 36.715 | MSE: 0.00021306 | BPP: 0.0664 | QP: 63
2026-07-14 01:52:24,338 [INFO ]  [1500/5732] | Loss: 0.231 | PSNR: 36.680 | MSE: 0.00021476 | BPP: 0.0665 | QP: 63
2026-07-14 01:53:31,183 [INFO ]  [2000/5732] | Loss: 0.230 | PSNR: 36.708 | MSE: 0.00021341 | BPP: 0.0665 | QP: 63
2026-07-14 01:54:37,190 [INFO ]  [2500/5732] | Loss: 0.231 | PSNR: 36.699 | MSE: 0.00021382 | BPP: 0.0665 | QP: 63
2026-07-14 01:55:44,296 [INFO ]  [3000/5732] | Loss: 0.229 | PSNR: 36.732 | MSE: 0.00021223 | BPP: 0.0664 | QP: 63
2026-07-14 01:56:50,778 [INFO ]  [3500/5732] | Loss: 0.229 | PSNR: 36.747 | MSE: 0.00021151 | BPP: 0.0663 | QP: 63
2026-07-14 01:57:57,462 [INFO ]  [4000/5732] | Loss: 0.229 | PSNR: 36.736 | MSE: 0.00021203 | BPP: 0.0664 | QP: 63
2026-07-14 01:59:03,897 [INFO ]  [4500/5732] | Loss: 0.231 | PSNR: 36.701 | MSE: 0.00021374 | BPP: 0.0666 | QP: 63
2026-07-14 02:00:09,889 [INFO ]  [5000/5732] | Loss: 0.231 | PSNR: 36.699 | MSE: 0.00021384 | BPP: 0.0666 | QP: 63
2026-07-14 02:01:16,117 [INFO ]  [5500/5732] | Loss: 0.230 | PSNR: 36.712 | MSE: 0.00021318 | BPP: 0.0666 | QP: 63
2026-07-14 02:01:46,021 [INFO ]  Train epoch 31: Loss: 0.228 | PSNR: 36.774 | MSE: 0.00021021 | BPP: 0.0663
2026-07-14 02:01:46,021 [INFO ]  No test_filelist is set; using train loss for checkpoint selection.
2026-07-14 02:01:47,106 [INFO ]  Checkpoint epoch 31: best model saved: yes | current loss: 0.227774 | best loss: 0.227774
2026-07-14 02:01:47,107 [INFO ]  Global step updated to: 183424
2026-07-14 02:01:47,107 [INFO ]  ====== Current epoch 32 ======
2026-07-14 02:01:47,107 [INFO ]  Learning rate: 0.0001
2026-07-14 02:01:47,578 [INFO ]  [0/5732] | Loss: 0.352 | PSNR: 34.559 | MSE: 0.00034999 | BPP: 0.0830 | QP: 63
2026-07-14 02:02:54,336 [INFO ]  [500/5732] | Loss: 0.233 | PSNR: 36.644 | MSE: 0.00021657 | BPP: 0.0666 | QP: 63
2026-07-14 02:04:00,702 [INFO ]  [1000/5732] | Loss: 0.228 | PSNR: 36.767 | MSE: 0.00021054 | BPP: 0.0664 | QP: 63
2026-07-14 02:05:08,335 [INFO ]  [1500/5732] | Loss: 0.228 | PSNR: 36.780 | MSE: 0.00020990 | BPP: 0.0663 | QP: 63
2026-07-14 02:06:15,380 [INFO ]  [2000/5732] | Loss: 0.227 | PSNR: 36.783 | MSE: 0.00020975 | BPP: 0.0662 | QP: 63
2026-07-14 02:07:22,255 [INFO ]  [2500/5732] | Loss: 0.225 | PSNR: 36.848 | MSE: 0.00020662 | BPP: 0.0659 | QP: 63
2026-07-14 02:08:29,553 [INFO ]  [3000/5732] | Loss: 0.225 | PSNR: 36.848 | MSE: 0.00020662 | BPP: 0.0660 | QP: 63
2026-07-14 02:09:36,830 [INFO ]  [3500/5732] | Loss: 0.224 | PSNR: 36.859 | MSE: 0.00020611 | BPP: 0.0659 | QP: 63
2026-07-14 02:10:44,851 [INFO ]  [4000/5732] | Loss: 0.223 | PSNR: 36.877 | MSE: 0.00020527 | BPP: 0.0658 | QP: 63
2026-07-14 02:11:52,188 [INFO ]  [4500/5732] | Loss: 0.223 | PSNR: 36.894 | MSE: 0.00020447 | BPP: 0.0657 | QP: 63
2026-07-14 02:12:59,332 [INFO ]  [5000/5732] | Loss: 0.223 | PSNR: 36.881 | MSE: 0.00020506 | BPP: 0.0658 | QP: 63
2026-07-14 02:14:09,333 [INFO ]  [5500/5732] | Loss: 0.223 | PSNR: 36.886 | MSE: 0.00020482 | BPP: 0.0658 | QP: 63
2026-07-14 02:14:40,211 [INFO ]  Train epoch 32: Loss: 0.226 | PSNR: 36.829 | MSE: 0.00020753 | BPP: 0.0661
2026-07-14 02:14:40,211 [INFO ]  No test_filelist is set; using train loss for checkpoint selection.
2026-07-14 02:14:41,306 [INFO ]  Checkpoint epoch 32: best model saved: yes | current loss: 0.225517 | best loss: 0.225517
2026-07-14 02:14:41,306 [INFO ]  Global step updated to: 189156
2026-07-14 02:14:41,306 [INFO ]  ====== Current epoch 33 ======
2026-07-14 02:14:41,306 [INFO ]  Learning rate: 0.0001
2026-07-14 02:14:41,794 [INFO ]  [0/5732] | Loss: 0.326 | PSNR: 34.890 | MSE: 0.00032434 | BPP: 0.0767 | QP: 63
2026-07-14 02:15:49,595 [INFO ]  [500/5732] | Loss: 0.220 | PSNR: 36.961 | MSE: 0.00020131 | BPP: 0.0657 | QP: 63
2026-07-14 02:16:56,517 [INFO ]  [1000/5732] | Loss: 0.222 | PSNR: 36.901 | MSE: 0.00020414 | BPP: 0.0657 | QP: 63
2026-07-14 02:18:03,103 [INFO ]  [1500/5732] | Loss: 0.225 | PSNR: 36.845 | MSE: 0.00020677 | BPP: 0.0660 | QP: 63
2026-07-14 02:19:10,079 [INFO ]  [2000/5732] | Loss: 0.226 | PSNR: 36.814 | MSE: 0.00020825 | BPP: 0.0662 | QP: 63
2026-07-14 02:20:16,542 [INFO ]  [2500/5732] | Loss: 0.225 | PSNR: 36.847 | MSE: 0.00020668 | BPP: 0.0660 | QP: 63
2026-07-14 02:21:22,879 [INFO ]  [3000/5732] | Loss: 0.225 | PSNR: 36.845 | MSE: 0.00020678 | BPP: 0.0660 | QP: 63
2026-07-14 02:22:32,372 [INFO ]  [3500/5732] | Loss: 0.224 | PSNR: 36.864 | MSE: 0.00020589 | BPP: 0.0659 | QP: 63
2026-07-14 02:23:38,703 [INFO ]  [4000/5732] | Loss: 0.225 | PSNR: 36.838 | MSE: 0.00020712 | BPP: 0.0661 | QP: 63
2026-07-14 02:24:46,080 [INFO ]  [4500/5732] | Loss: 0.225 | PSNR: 36.843 | MSE: 0.00020686 | BPP: 0.0661 | QP: 63
2026-07-14 02:25:53,057 [INFO ]  [5000/5732] | Loss: 0.225 | PSNR: 36.845 | MSE: 0.00020678 | BPP: 0.0661 | QP: 63
2026-07-14 02:26:58,889 [INFO ]  [5500/5732] | Loss: 0.224 | PSNR: 36.861 | MSE: 0.00020603 | BPP: 0.0661 | QP: 63
2026-07-14 02:27:28,652 [INFO ]  Train epoch 33: Loss: 0.224 | PSNR: 36.862 | MSE: 0.00020596 | BPP: 0.0660
2026-07-14 02:27:28,652 [INFO ]  No test_filelist is set; using train loss for checkpoint selection.
2026-07-14 02:27:29,748 [INFO ]  Checkpoint epoch 33: best model saved: yes | current loss: 0.224221 | best loss: 0.224221
2026-07-14 02:27:29,748 [INFO ]  Global step updated to: 194888
2026-07-14 02:27:29,748 [INFO ]  ====== Current epoch 34 ======
2026-07-14 02:27:29,748 [INFO ]  Learning rate: 0.0001
2026-07-14 02:27:30,233 [INFO ]  [0/5732] | Loss: 0.190 | PSNR: 37.853 | MSE: 0.00016395 | BPP: 0.0641 | QP: 63
2026-07-14 02:28:37,430 [INFO ]  [500/5732] | Loss: 0.229 | PSNR: 36.757 | MSE: 0.00021101 | BPP: 0.0669 | QP: 63
2026-07-14 02:29:43,578 [INFO ]  [1000/5732] | Loss: 0.226 | PSNR: 36.845 | MSE: 0.00020677 | BPP: 0.0668 | QP: 63
2026-07-14 02:30:49,982 [INFO ]  [1500/5732] | Loss: 0.223 | PSNR: 36.911 | MSE: 0.00020364 | BPP: 0.0661 | QP: 63
2026-07-14 02:31:56,086 [INFO ]  [2000/5732] | Loss: 0.223 | PSNR: 36.886 | MSE: 0.00020484 | BPP: 0.0661 | QP: 63
2026-07-14 02:33:02,574 [INFO ]  [2500/5732] | Loss: 0.224 | PSNR: 36.882 | MSE: 0.00020501 | BPP: 0.0662 | QP: 63
2026-07-14 02:34:09,613 [INFO ]  [3000/5732] | Loss: 0.223 | PSNR: 36.900 | MSE: 0.00020417 | BPP: 0.0661 | QP: 63
2026-07-14 02:35:16,051 [INFO ]  [3500/5732] | Loss: 0.222 | PSNR: 36.918 | MSE: 0.00020334 | BPP: 0.0660 | QP: 63
2026-07-14 02:36:22,782 [INFO ]  [4000/5732] | Loss: 0.222 | PSNR: 36.911 | MSE: 0.00020365 | BPP: 0.0660 | QP: 63
2026-07-14 02:37:29,602 [INFO ]  [4500/5732] | Loss: 0.222 | PSNR: 36.931 | MSE: 0.00020272 | BPP: 0.0659 | QP: 63
2026-07-14 02:38:37,476 [INFO ]  [5000/5732] | Loss: 0.222 | PSNR: 36.924 | MSE: 0.00020306 | BPP: 0.0660 | QP: 63
2026-07-14 02:39:44,069 [INFO ]  [5500/5732] | Loss: 0.222 | PSNR: 36.924 | MSE: 0.00020307 | BPP: 0.0660 | QP: 63
2026-07-14 02:40:14,580 [INFO ]  Train epoch 34: Loss: 0.223 | PSNR: 36.906 | MSE: 0.00020388 | BPP: 0.0660
2026-07-14 02:40:14,581 [INFO ]  No test_filelist is set; using train loss for checkpoint selection.
2026-07-14 02:40:15,658 [INFO ]  Checkpoint epoch 34: best model saved: yes | current loss: 0.222542 | best loss: 0.222542
2026-07-14 02:40:15,658 [INFO ]  Global step updated to: 200620
2026-07-14 02:40:15,658 [INFO ]  ====== Current epoch 35 ======
2026-07-14 02:40:15,658 [INFO ]  Learning rate: 0.0001
2026-07-14 02:40:16,129 [INFO ]  [0/5732] | Loss: 0.181 | PSNR: 37.991 | MSE: 0.00015882 | BPP: 0.0589 | QP: 63
2026-07-14 02:41:23,127 [INFO ]  [500/5732] | Loss: 0.225 | PSNR: 36.873 | MSE: 0.00020546 | BPP: 0.0669 | QP: 63
2026-07-14 02:42:29,858 [INFO ]  [1000/5732] | Loss: 0.221 | PSNR: 36.940 | MSE: 0.00020230 | BPP: 0.0660 | QP: 63
2026-07-14 02:43:36,257 [INFO ]  [1500/5732] | Loss: 0.221 | PSNR: 36.959 | MSE: 0.00020143 | BPP: 0.0659 | QP: 63
2026-07-14 02:44:42,498 [INFO ]  [2000/5732] | Loss: 0.221 | PSNR: 36.953 | MSE: 0.00020169 | BPP: 0.0660 | QP: 63
2026-07-14 02:45:49,376 [INFO ]  [2500/5732] | Loss: 0.220 | PSNR: 36.973 | MSE: 0.00020077 | BPP: 0.0658 | QP: 63
2026-07-14 02:46:56,209 [INFO ]  [3000/5732] | Loss: 0.220 | PSNR: 36.967 | MSE: 0.00020103 | BPP: 0.0659 | QP: 63
2026-07-14 02:48:02,267 [INFO ]  [3500/5732] | Loss: 0.219 | PSNR: 36.987 | MSE: 0.00020014 | BPP: 0.0657 | QP: 63
2026-07-14 02:49:09,079 [INFO ]  [4000/5732] | Loss: 0.219 | PSNR: 36.995 | MSE: 0.00019975 | BPP: 0.0657 | QP: 63
2026-07-14 02:50:15,891 [INFO ]  [4500/5732] | Loss: 0.219 | PSNR: 36.995 | MSE: 0.00019976 | BPP: 0.0657 | QP: 63
2026-07-14 02:51:26,023 [INFO ]  [5000/5732] | Loss: 0.218 | PSNR: 37.013 | MSE: 0.00019895 | BPP: 0.0655 | QP: 63
2026-07-14 02:52:33,555 [INFO ]  [5500/5732] | Loss: 0.219 | PSNR: 36.999 | MSE: 0.00019957 | BPP: 0.0656 | QP: 63
2026-07-14 02:53:04,327 [INFO ]  Train epoch 35: Loss: 0.221 | PSNR: 36.946 | MSE: 0.00020201 | BPP: 0.0658
2026-07-14 02:53:04,327 [INFO ]  No test_filelist is set; using train loss for checkpoint selection.
2026-07-14 02:53:05,401 [INFO ]  Checkpoint epoch 35: best model saved: yes | current loss: 0.220976 | best loss: 0.220976
2026-07-14 02:53:05,402 [INFO ]  Global step updated to: 206352
2026-07-14 02:53:05,402 [INFO ]  ====== Current epoch 36 ======
2026-07-14 02:53:05,402 [INFO ]  Learning rate: 0.0001
2026-07-14 02:53:05,885 [INFO ]  [0/5732] | Loss: 0.195 | PSNR: 37.770 | MSE: 0.00016710 | BPP: 0.0667 | QP: 63
2026-07-14 02:54:12,593 [INFO ]  [500/5732] | Loss: 0.228 | PSNR: 36.792 | MSE: 0.00020932 | BPP: 0.0668 | QP: 63
2026-07-14 02:55:19,442 [INFO ]  [1000/5732] | Loss: 0.223 | PSNR: 36.892 | MSE: 0.00020457 | BPP: 0.0664 | QP: 63
2026-07-14 02:56:26,119 [INFO ]  [1500/5732] | Loss: 0.221 | PSNR: 36.949 | MSE: 0.00020187 | BPP: 0.0663 | QP: 63
2026-07-14 02:57:33,512 [INFO ]  [2000/5732] | Loss: 0.222 | PSNR: 36.922 | MSE: 0.00020316 | BPP: 0.0662 | QP: 63
2026-07-14 02:58:40,242 [INFO ]  [2500/5732] | Loss: 0.221 | PSNR: 36.935 | MSE: 0.00020253 | BPP: 0.0659 | QP: 63
2026-07-14 02:59:46,923 [INFO ]  [3000/5732] | Loss: 0.222 | PSNR: 36.924 | MSE: 0.00020306 | BPP: 0.0660 | QP: 63
2026-07-14 03:00:55,003 [INFO ]  [3500/5732] | Loss: 0.221 | PSNR: 36.935 | MSE: 0.00020254 | BPP: 0.0659 | QP: 63
2026-07-14 03:02:01,835 [INFO ]  [4000/5732] | Loss: 0.222 | PSNR: 36.932 | MSE: 0.00020267 | BPP: 0.0660 | QP: 63
2026-07-14 03:03:07,890 [INFO ]  [4500/5732] | Loss: 0.221 | PSNR: 36.948 | MSE: 0.00020194 | BPP: 0.0659 | QP: 63
2026-07-14 03:04:13,254 [INFO ]  [5000/5732] | Loss: 0.221 | PSNR: 36.952 | MSE: 0.00020174 | BPP: 0.0658 | QP: 63
2026-07-14 03:05:20,995 [INFO ]  [5500/5732] | Loss: 0.221 | PSNR: 36.945 | MSE: 0.00020208 | BPP: 0.0660 | QP: 63
2026-07-14 03:05:51,839 [INFO ]  Train epoch 36: Loss: 0.219 | PSNR: 36.985 | MSE: 0.00020021 | BPP: 0.0657
2026-07-14 03:05:51,839 [INFO ]  No test_filelist is set; using train loss for checkpoint selection.
2026-07-14 03:05:52,905 [INFO ]  Checkpoint epoch 36: best model saved: yes | current loss: 0.219453 | best loss: 0.219453
2026-07-14 03:05:52,905 [INFO ]  Global step updated to: 212084
2026-07-14 03:05:52,906 [INFO ]  ====== Current epoch 37 ======
2026-07-14 03:05:52,906 [INFO ]  Learning rate: 0.0001
2026-07-14 03:05:53,346 [INFO ]  [0/5732] | Loss: 0.178 | PSNR: 38.316 | MSE: 0.00014736 | BPP: 0.0652 | QP: 63
2026-07-14 03:06:59,894 [INFO ]  [500/5732] | Loss: 0.217 | PSNR: 37.043 | MSE: 0.00019756 | BPP: 0.0654 | QP: 63
2026-07-14 03:08:06,859 [INFO ]  [1000/5732] | Loss: 0.216 | PSNR: 37.072 | MSE: 0.00019626 | BPP: 0.0653 | QP: 63
2026-07-14 03:09:13,592 [INFO ]  [1500/5732] | Loss: 0.216 | PSNR: 37.073 | MSE: 0.00019622 | BPP: 0.0654 | QP: 63
2026-07-14 03:10:20,308 [INFO ]  [2000/5732] | Loss: 0.217 | PSNR: 37.038 | MSE: 0.00019779 | BPP: 0.0655 | QP: 63
2026-07-14 03:11:26,830 [INFO ]  [2500/5732] | Loss: 0.218 | PSNR: 37.028 | MSE: 0.00019825 | BPP: 0.0656 | QP: 63
2026-07-14 03:12:33,707 [INFO ]  [3000/5732] | Loss: 0.218 | PSNR: 37.012 | MSE: 0.00019897 | BPP: 0.0656 | QP: 63
2026-07-14 03:13:40,694 [INFO ]  [3500/5732] | Loss: 0.217 | PSNR: 37.039 | MSE: 0.00019775 | BPP: 0.0655 | QP: 63
2026-07-14 03:14:47,069 [INFO ]  [4000/5732] | Loss: 0.218 | PSNR: 37.024 | MSE: 0.00019844 | BPP: 0.0655 | QP: 63
2026-07-14 03:15:54,005 [INFO ]  [4500/5732] | Loss: 0.218 | PSNR: 37.031 | MSE: 0.00019810 | BPP: 0.0655 | QP: 63
2026-07-14 03:17:00,551 [INFO ]  [5000/5732] | Loss: 0.218 | PSNR: 37.032 | MSE: 0.00019807 | BPP: 0.0655 | QP: 63
2026-07-14 03:18:07,196 [INFO ]  [5500/5732] | Loss: 0.218 | PSNR: 37.033 | MSE: 0.00019800 | BPP: 0.0655 | QP: 63
2026-07-14 03:18:37,624 [INFO ]  Train epoch 37: Loss: 0.218 | PSNR: 37.015 | MSE: 0.00019885 | BPP: 0.0656
2026-07-14 03:18:37,624 [INFO ]  No test_filelist is set; using train loss for checkpoint selection.
2026-07-14 03:18:38,687 [INFO ]  Checkpoint epoch 37: best model saved: yes | current loss: 0.218318 | best loss: 0.218318
2026-07-14 03:18:38,688 [INFO ]  Global step updated to: 217816
2026-07-14 03:18:38,688 [INFO ]  ====== Current epoch 38 ======
2026-07-14 03:18:38,688 [INFO ]  Learning rate: 0.0001
2026-07-14 03:18:39,161 [INFO ]  [0/5732] | Loss: 0.178 | PSNR: 38.300 | MSE: 0.00014793 | BPP: 0.0644 | QP: 63
2026-07-14 03:19:46,301 [INFO ]  [500/5732] | Loss: 0.230 | PSNR: 36.743 | MSE: 0.00021167 | BPP: 0.0671 | QP: 63
2026-07-14 03:20:56,826 [INFO ]  [1000/5732] | Loss: 0.225 | PSNR: 36.871 | MSE: 0.00020555 | BPP: 0.0667 | QP: 63
2026-07-14 03:22:03,114 [INFO ]  [1500/5732] | Loss: 0.222 | PSNR: 36.924 | MSE: 0.00020304 | BPP: 0.0662 | QP: 63
2026-07-14 03:23:09,100 [INFO ]  [2000/5732] | Loss: 0.219 | PSNR: 37.002 | MSE: 0.00019944 | BPP: 0.0658 | QP: 63
2026-07-14 03:24:14,750 [INFO ]  [2500/5732] | Loss: 0.218 | PSNR: 37.034 | MSE: 0.00019797 | BPP: 0.0656 | QP: 63
2026-07-14 03:25:21,217 [INFO ]  [3000/5732] | Loss: 0.218 | PSNR: 37.030 | MSE: 0.00019817 | BPP: 0.0657 | QP: 63
2026-07-14 03:26:27,323 [INFO ]  [3500/5732] | Loss: 0.217 | PSNR: 37.050 | MSE: 0.00019723 | BPP: 0.0656 | QP: 63
2026-07-14 03:27:33,898 [INFO ]  [4000/5732] | Loss: 0.217 | PSNR: 37.041 | MSE: 0.00019766 | BPP: 0.0656 | QP: 63
2026-07-14 03:28:40,106 [INFO ]  [4500/5732] | Loss: 0.217 | PSNR: 37.051 | MSE: 0.00019719 | BPP: 0.0656 | QP: 63
2026-07-14 03:29:47,002 [INFO ]  [5000/5732] | Loss: 0.217 | PSNR: 37.049 | MSE: 0.00019729 | BPP: 0.0656 | QP: 63
2026-07-14 03:30:53,836 [INFO ]  [5500/5732] | Loss: 0.217 | PSNR: 37.041 | MSE: 0.00019766 | BPP: 0.0655 | QP: 63
2026-07-14 03:31:24,285 [INFO ]  Train epoch 38: Loss: 0.217 | PSNR: 37.057 | MSE: 0.00019692 | BPP: 0.0654
2026-07-14 03:31:24,286 [INFO ]  No test_filelist is set; using train loss for checkpoint selection.
2026-07-14 03:31:25,336 [INFO ]  Checkpoint epoch 38: best model saved: yes | current loss: 0.216681 | best loss: 0.216681
2026-07-14 03:31:25,336 [INFO ]  Global step updated to: 223548
2026-07-14 03:31:25,336 [INFO ]  ====== Current epoch 39 ======
2026-07-14 03:31:25,336 [INFO ]  Learning rate: 0.0001
2026-07-14 03:31:25,779 [INFO ]  [0/5732] | Loss: 0.265 | PSNR: 36.268 | MSE: 0.00023615 | BPP: 0.0835 | QP: 63
2026-07-14 03:32:32,434 [INFO ]  [500/5732] | Loss: 0.210 | PSNR: 37.225 | MSE: 0.00018947 | BPP: 0.0644 | QP: 63
2026-07-14 03:33:39,526 [INFO ]  [1000/5732] | Loss: 0.213 | PSNR: 37.166 | MSE: 0.00019205 | BPP: 0.0651 | QP: 63
2026-07-14 03:34:46,011 [INFO ]  [1500/5732] | Loss: 0.215 | PSNR: 37.113 | MSE: 0.00019439 | BPP: 0.0654 | QP: 63
2026-07-14 03:35:52,744 [INFO ]  [2000/5732] | Loss: 0.216 | PSNR: 37.074 | MSE: 0.00019618 | BPP: 0.0656 | QP: 63
2026-07-14 03:36:59,603 [INFO ]  [2500/5732] | Loss: 0.217 | PSNR: 37.067 | MSE: 0.00019649 | BPP: 0.0658 | QP: 63
2026-07-14 03:38:06,356 [INFO ]  [3000/5732] | Loss: 0.216 | PSNR: 37.090 | MSE: 0.00019543 | BPP: 0.0656 | QP: 63
2026-07-14 03:39:12,547 [INFO ]  [3500/5732] | Loss: 0.215 | PSNR: 37.103 | MSE: 0.00019483 | BPP: 0.0655 | QP: 63
2026-07-14 03:40:20,632 [INFO ]  [4000/5732] | Loss: 0.216 | PSNR: 37.090 | MSE: 0.00019542 | BPP: 0.0656 | QP: 63
2026-07-14 03:41:27,345 [INFO ]  [4500/5732] | Loss: 0.215 | PSNR: 37.099 | MSE: 0.00019501 | BPP: 0.0654 | QP: 63
2026-07-14 03:42:33,894 [INFO ]  [5000/5732] | Loss: 0.216 | PSNR: 37.090 | MSE: 0.00019541 | BPP: 0.0654 | QP: 63
2026-07-14 03:43:40,784 [INFO ]  [5500/5732] | Loss: 0.215 | PSNR: 37.099 | MSE: 0.00019502 | BPP: 0.0654 | QP: 63
2026-07-14 03:44:11,330 [INFO ]  Train epoch 39: Loss: 0.216 | PSNR: 37.085 | MSE: 0.00019567 | BPP: 0.0653
2026-07-14 03:44:11,331 [INFO ]  No test_filelist is set; using train loss for checkpoint selection.
2026-07-14 03:44:12,369 [INFO ]  Checkpoint epoch 39: best model saved: yes | current loss: 0.215605 | best loss: 0.215605
2026-07-14 03:44:12,791 [INFO ]  Saved periodic checkpoint: ./pretrained_uf/DCVCUFIntra/2/checkpoint_epoch_0040_uf_phase_1.pth.tar
2026-07-14 03:44:12,791 [INFO ]  Global step updated to: 229280
2026-07-14 03:44:12,791 [INFO ]  ====== Current epoch 40 ======
2026-07-14 03:44:12,792 [INFO ]  Learning rate: 0.0001
2026-07-14 03:44:13,217 [INFO ]  [0/5732] | Loss: 0.134 | PSNR: 39.558 | MSE: 0.00011072 | BPP: 0.0486 | QP: 63
2026-07-14 03:45:19,858 [INFO ]  [500/5732] | Loss: 0.217 | PSNR: 37.033 | MSE: 0.00019800 | BPP: 0.0650 | QP: 63
2026-07-14 03:46:26,424 [INFO ]  [1000/5732] | Loss: 0.217 | PSNR: 37.061 | MSE: 0.00019676 | BPP: 0.0655 | QP: 63
2026-07-14 03:47:34,549 [INFO ]  [1500/5732] | Loss: 0.214 | PSNR: 37.123 | MSE: 0.00019397 | BPP: 0.0651 | QP: 63
2026-07-14 03:48:41,357 [INFO ]  [2000/5732] | Loss: 0.214 | PSNR: 37.130 | MSE: 0.00019366 | BPP: 0.0651 | QP: 63
2026-07-14 03:49:47,896 [INFO ]  [2500/5732] | Loss: 0.213 | PSNR: 37.155 | MSE: 0.00019255 | BPP: 0.0649 | QP: 63
2026-07-14 03:50:54,188 [INFO ]  [3000/5732] | Loss: 0.213 | PSNR: 37.150 | MSE: 0.00019274 | BPP: 0.0650 | QP: 63
2026-07-14 03:52:03,578 [INFO ]  [3500/5732] | Loss: 0.214 | PSNR: 37.130 | MSE: 0.00019364 | BPP: 0.0651 | QP: 63
2026-07-14 03:53:10,314 [INFO ]  [4000/5732] | Loss: 0.214 | PSNR: 37.137 | MSE: 0.00019334 | BPP: 0.0651 | QP: 63
2026-07-14 03:54:16,698 [INFO ]  [4500/5732] | Loss: 0.214 | PSNR: 37.133 | MSE: 0.00019351 | BPP: 0.0651 | QP: 63
2026-07-14 03:55:22,941 [INFO ]  [5000/5732] | Loss: 0.213 | PSNR: 37.143 | MSE: 0.00019306 | BPP: 0.0651 | QP: 63
2026-07-14 03:56:29,263 [INFO ]  [5500/5732] | Loss: 0.214 | PSNR: 37.137 | MSE: 0.00019333 | BPP: 0.0652 | QP: 63
2026-07-14 03:56:59,547 [INFO ]  Train epoch 40: Loss: 0.215 | PSNR: 37.105 | MSE: 0.00019474 | BPP: 0.0653
2026-07-14 03:56:59,548 [INFO ]  No test_filelist is set; using train loss for checkpoint selection.
2026-07-14 03:57:00,773 [INFO ]  Checkpoint epoch 40: best model saved: yes | current loss: 0.214817 | best loss: 0.214817
2026-07-14 03:57:00,774 [INFO ]  Global step updated to: 235012
2026-07-14 03:57:00,774 [INFO ]  ====== Current epoch 41 ======
2026-07-14 03:57:00,774 [INFO ]  Learning rate: 0.0001
2026-07-14 03:57:01,261 [INFO ]  [0/5732] | Loss: 0.223 | PSNR: 37.158 | MSE: 0.00019242 | BPP: 0.0749 | QP: 63
2026-07-14 03:58:07,856 [INFO ]  [500/5732] | Loss: 0.215 | PSNR: 37.105 | MSE: 0.00019475 | BPP: 0.0654 | QP: 63
2026-07-14 03:59:14,379 [INFO ]  [1000/5732] | Loss: 0.212 | PSNR: 37.188 | MSE: 0.00019106 | BPP: 0.0648 | QP: 63
2026-07-14 04:00:21,582 [INFO ]  [1500/5732] | Loss: 0.212 | PSNR: 37.168 | MSE: 0.00019195 | BPP: 0.0651 | QP: 63
2026-07-14 04:01:29,460 [INFO ]  [2000/5732] | Loss: 0.213 | PSNR: 37.159 | MSE: 0.00019233 | BPP: 0.0650 | QP: 63
2026-07-14 04:02:37,991 [INFO ]  [2500/5732] | Loss: 0.213 | PSNR: 37.151 | MSE: 0.00019272 | BPP: 0.0650 | QP: 63
2026-07-14 04:03:44,666 [INFO ]  [3000/5732] | Loss: 0.214 | PSNR: 37.132 | MSE: 0.00019356 | BPP: 0.0651 | QP: 63
2026-07-14 04:04:51,309 [INFO ]  [3500/5732] | Loss: 0.214 | PSNR: 37.136 | MSE: 0.00019339 | BPP: 0.0652 | QP: 63
2026-07-14 04:05:58,378 [INFO ]  [4000/5732] | Loss: 0.214 | PSNR: 37.134 | MSE: 0.00019347 | BPP: 0.0652 | QP: 63
2026-07-14 04:07:04,816 [INFO ]  [4500/5732] | Loss: 0.213 | PSNR: 37.149 | MSE: 0.00019278 | BPP: 0.0652 | QP: 63
2026-07-14 04:08:10,589 [INFO ]  [5000/5732] | Loss: 0.213 | PSNR: 37.146 | MSE: 0.00019292 | BPP: 0.0651 | QP: 63
2026-07-14 04:09:16,661 [INFO ]  [5500/5732] | Loss: 0.214 | PSNR: 37.134 | MSE: 0.00019346 | BPP: 0.0651 | QP: 63
2026-07-14 04:09:47,007 [INFO ]  Train epoch 41: Loss: 0.214 | PSNR: 37.134 | MSE: 0.00019348 | BPP: 0.0651
2026-07-14 04:09:47,008 [INFO ]  No test_filelist is set; using train loss for checkpoint selection.
2026-07-14 04:09:48,095 [INFO ]  Checkpoint epoch 41: best model saved: yes | current loss: 0.213725 | best loss: 0.213725
2026-07-14 04:09:48,095 [INFO ]  Global step updated to: 240744
2026-07-14 04:09:48,095 [INFO ]  ====== Current epoch 42 ======
2026-07-14 04:09:48,095 [INFO ]  Learning rate: 0.0001
2026-07-14 04:09:48,563 [INFO ]  [0/5732] | Loss: 0.127 | PSNR: 39.801 | MSE: 0.00010468 | BPP: 0.0468 | QP: 63
2026-07-14 04:10:57,911 [INFO ]  [500/5732] | Loss: 0.217 | PSNR: 37.045 | MSE: 0.00019749 | BPP: 0.0652 | QP: 63
2026-07-14 04:12:05,944 [INFO ]  [1000/5732] | Loss: 0.213 | PSNR: 37.142 | MSE: 0.00019311 | BPP: 0.0648 | QP: 63
2026-07-14 04:13:12,718 [INFO ]  [1500/5732] | Loss: 0.213 | PSNR: 37.149 | MSE: 0.00019281 | BPP: 0.0650 | QP: 63
2026-07-14 04:14:20,110 [INFO ]  [2000/5732] | Loss: 0.212 | PSNR: 37.173 | MSE: 0.00019172 | BPP: 0.0648 | QP: 63
2026-07-14 04:15:27,309 [INFO ]  [2500/5732] | Loss: 0.211 | PSNR: 37.190 | MSE: 0.00019098 | BPP: 0.0646 | QP: 63
2026-07-14 04:16:33,534 [INFO ]  [3000/5732] | Loss: 0.211 | PSNR: 37.193 | MSE: 0.00019087 | BPP: 0.0645 | QP: 63
2026-07-14 04:17:43,174 [INFO ]  [3500/5732] | Loss: 0.212 | PSNR: 37.163 | MSE: 0.00019219 | BPP: 0.0647 | QP: 63
2026-07-14 04:18:51,435 [INFO ]  [4000/5732] | Loss: 0.212 | PSNR: 37.178 | MSE: 0.00019151 | BPP: 0.0647 | QP: 63
2026-07-14 04:19:57,921 [INFO ]  [4500/5732] | Loss: 0.212 | PSNR: 37.174 | MSE: 0.00019167 | BPP: 0.0648 | QP: 63
2026-07-14 04:21:04,418 [INFO ]  [5000/5732] | Loss: 0.211 | PSNR: 37.191 | MSE: 0.00019096 | BPP: 0.0647 | QP: 63
2026-07-14 04:22:11,697 [INFO ]  [5500/5732] | Loss: 0.211 | PSNR: 37.200 | MSE: 0.00019057 | BPP: 0.0647 | QP: 63
2026-07-14 04:22:42,108 [INFO ]  Train epoch 42: Loss: 0.212 | PSNR: 37.168 | MSE: 0.00019193 | BPP: 0.0650
2026-07-14 04:22:42,108 [INFO ]  No test_filelist is set; using train loss for checkpoint selection.
2026-07-14 04:22:43,175 [INFO ]  Checkpoint epoch 42: best model saved: yes | current loss: 0.212397 | best loss: 0.212397
2026-07-14 04:22:43,175 [INFO ]  Global step updated to: 246476
2026-07-14 04:22:43,175 [INFO ]  ====== Current epoch 43 ======
2026-07-14 04:22:43,175 [INFO ]  Learning rate: 0.0001
2026-07-14 04:22:43,655 [INFO ]  [0/5732] | Loss: 0.183 | PSNR: 38.606 | MSE: 0.00013785 | BPP: 0.0774 | QP: 63
2026-07-14 04:23:50,372 [INFO ]  [500/5732] | Loss: 0.207 | PSNR: 37.313 | MSE: 0.00018563 | BPP: 0.0644 | QP: 63
2026-07-14 04:24:55,998 [INFO ]  [1000/5732] | Loss: 0.209 | PSNR: 37.241 | MSE: 0.00018876 | BPP: 0.0642 | QP: 63
2026-07-14 04:26:02,991 [INFO ]  [1500/5732] | Loss: 0.209 | PSNR: 37.254 | MSE: 0.00018820 | BPP: 0.0645 | QP: 63
2026-07-14 04:27:09,517 [INFO ]  [2000/5732] | Loss: 0.210 | PSNR: 37.227 | MSE: 0.00018937 | BPP: 0.0646 | QP: 63
2026-07-14 04:28:16,443 [INFO ]  [2500/5732] | Loss: 0.211 | PSNR: 37.213 | MSE: 0.00018998 | BPP: 0.0647 | QP: 63
2026-07-14 04:29:24,167 [INFO ]  [3000/5732] | Loss: 0.211 | PSNR: 37.201 | MSE: 0.00019050 | BPP: 0.0647 | QP: 63
2026-07-14 04:30:30,507 [INFO ]  [3500/5732] | Loss: 0.211 | PSNR: 37.214 | MSE: 0.00018994 | BPP: 0.0647 | QP: 63
2026-07-14 04:31:36,804 [INFO ]  [4000/5732] | Loss: 0.211 | PSNR: 37.207 | MSE: 0.00019023 | BPP: 0.0648 | QP: 63
2026-07-14 04:32:42,896 [INFO ]  [4500/5732] | Loss: 0.211 | PSNR: 37.208 | MSE: 0.00019019 | BPP: 0.0647 | QP: 63
2026-07-14 04:33:48,786 [INFO ]  [5000/5732] | Loss: 0.211 | PSNR: 37.203 | MSE: 0.00019042 | BPP: 0.0648 | QP: 63
2026-07-14 04:34:54,307 [INFO ]  [5500/5732] | Loss: 0.211 | PSNR: 37.204 | MSE: 0.00019037 | BPP: 0.0648 | QP: 63
2026-07-14 04:35:24,463 [INFO ]  Train epoch 43: Loss: 0.212 | PSNR: 37.190 | MSE: 0.00019100 | BPP: 0.0649
2026-07-14 04:35:24,463 [INFO ]  No test_filelist is set; using train loss for checkpoint selection.
2026-07-14 04:35:25,524 [INFO ]  Checkpoint epoch 43: best model saved: yes | current loss: 0.211599 | best loss: 0.211599
2026-07-14 04:35:25,525 [INFO ]  Global step updated to: 252208
2026-07-14 04:35:25,525 [INFO ]  ====== Current epoch 44 ======
2026-07-14 04:35:25,525 [INFO ]  Learning rate: 0.0001
2026-07-14 04:35:25,976 [INFO ]  [0/5732] | Loss: 0.199 | PSNR: 37.406 | MSE: 0.00018171 | BPP: 0.0594 | QP: 63
2026-07-14 04:36:33,037 [INFO ]  [500/5732] | Loss: 0.211 | PSNR: 37.223 | MSE: 0.00018956 | BPP: 0.0650 | QP: 63
2026-07-14 04:37:39,979 [INFO ]  [1000/5732] | Loss: 0.212 | PSNR: 37.172 | MSE: 0.00019179 | BPP: 0.0646 | QP: 63
2026-07-14 04:38:46,825 [INFO ]  [1500/5732] | Loss: 0.216 | PSNR: 37.080 | MSE: 0.00019589 | BPP: 0.0654 | QP: 63
2026-07-14 04:39:53,897 [INFO ]  [2000/5732] | Loss: 0.215 | PSNR: 37.096 | MSE: 0.00019515 | BPP: 0.0654 | QP: 63
2026-07-14 04:41:01,240 [INFO ]  [2500/5732] | Loss: 0.215 | PSNR: 37.102 | MSE: 0.00019490 | BPP: 0.0653 | QP: 63
2026-07-14 04:42:08,384 [INFO ]  [3000/5732] | Loss: 0.215 | PSNR: 37.113 | MSE: 0.00019439 | BPP: 0.0652 | QP: 63
2026-07-14 04:43:15,925 [INFO ]  [3500/5732] | Loss: 0.214 | PSNR: 37.137 | MSE: 0.00019335 | BPP: 0.0651 | QP: 63
2026-07-14 04:44:22,945 [INFO ]  [4000/5732] | Loss: 0.213 | PSNR: 37.149 | MSE: 0.00019280 | BPP: 0.0650 | QP: 63
2026-07-14 04:45:29,923 [INFO ]  [4500/5732] | Loss: 0.213 | PSNR: 37.140 | MSE: 0.00019322 | BPP: 0.0651 | QP: 63
2026-07-14 04:46:36,529 [INFO ]  [5000/5732] | Loss: 0.213 | PSNR: 37.159 | MSE: 0.00019234 | BPP: 0.0650 | QP: 63
2026-07-14 04:47:44,131 [INFO ]  [5500/5732] | Loss: 0.213 | PSNR: 37.165 | MSE: 0.00019208 | BPP: 0.0650 | QP: 63
2026-07-14 04:48:14,698 [INFO ]  Train epoch 44: Loss: 0.211 | PSNR: 37.211 | MSE: 0.00019006 | BPP: 0.0649
2026-07-14 04:48:14,699 [INFO ]  No test_filelist is set; using train loss for checkpoint selection.
2026-07-14 04:48:15,824 [INFO ]  Checkpoint epoch 44: best model saved: yes | current loss: 0.210820 | best loss: 0.210820
2026-07-14 04:48:15,824 [INFO ]  Global step updated to: 257940
2026-07-14 04:48:15,824 [INFO ]  ====== Current epoch 45 ======
2026-07-14 04:48:15,824 [INFO ]  Learning rate: 0.0001
2026-07-14 04:48:16,306 [INFO ]  [0/5732] | Loss: 0.234 | PSNR: 36.883 | MSE: 0.00020500 | BPP: 0.0764 | QP: 63
2026-07-14 04:49:22,650 [INFO ]  [500/5732] | Loss: 0.206 | PSNR: 37.324 | MSE: 0.00018519 | BPP: 0.0639 | QP: 63
2026-07-14 04:50:29,783 [INFO ]  [1000/5732] | Loss: 0.207 | PSNR: 37.316 | MSE: 0.00018550 | BPP: 0.0642 | QP: 63
2026-07-14 04:51:37,026 [INFO ]  [1500/5732] | Loss: 0.208 | PSNR: 37.293 | MSE: 0.00018650 | BPP: 0.0643 | QP: 63
2026-07-14 04:52:44,237 [INFO ]  [2000/5732] | Loss: 0.208 | PSNR: 37.277 | MSE: 0.00018722 | BPP: 0.0645 | QP: 63
2026-07-14 04:53:51,235 [INFO ]  [2500/5732] | Loss: 0.209 | PSNR: 37.246 | MSE: 0.00018854 | BPP: 0.0646 | QP: 63
2026-07-14 04:54:58,088 [INFO ]  [3000/5732] | Loss: 0.209 | PSNR: 37.250 | MSE: 0.00018837 | BPP: 0.0646 | QP: 63
2026-07-14 04:56:04,656 [INFO ]  [3500/5732] | Loss: 0.210 | PSNR: 37.225 | MSE: 0.00018944 | BPP: 0.0646 | QP: 63
2026-07-14 04:57:10,914 [INFO ]  [4000/5732] | Loss: 0.210 | PSNR: 37.240 | MSE: 0.00018880 | BPP: 0.0645 | QP: 63
2026-07-14 04:58:17,387 [INFO ]  [4500/5732] | Loss: 0.210 | PSNR: 37.238 | MSE: 0.00018889 | BPP: 0.0645 | QP: 63
2026-07-14 04:59:23,806 [INFO ]  [5000/5732] | Loss: 0.209 | PSNR: 37.251 | MSE: 0.00018834 | BPP: 0.0644 | QP: 63
2026-07-14 05:00:30,657 [INFO ]  [5500/5732] | Loss: 0.209 | PSNR: 37.245 | MSE: 0.00018860 | BPP: 0.0645 | QP: 63
2026-07-14 05:01:01,248 [INFO ]  Train epoch 45: Loss: 0.210 | PSNR: 37.242 | MSE: 0.00018870 | BPP: 0.0647
2026-07-14 05:01:01,248 [INFO ]  No test_filelist is set; using train loss for checkpoint selection.
2026-07-14 05:01:02,423 [INFO ]  Checkpoint epoch 45: best model saved: yes | current loss: 0.209612 | best loss: 0.209612
2026-07-14 05:01:02,423 [INFO ]  Global step updated to: 263672
2026-07-14 05:01:02,423 [INFO ]  ====== Current epoch 46 ======
2026-07-14 05:01:02,423 [INFO ]  Learning rate: 0.0001
2026-07-14 05:01:02,894 [INFO ]  [0/5732] | Loss: 0.207 | PSNR: 37.116 | MSE: 0.00019425 | BPP: 0.0577 | QP: 63
2026-07-14 05:02:10,639 [INFO ]  [500/5732] | Loss: 0.211 | PSNR: 37.222 | MSE: 0.00018958 | BPP: 0.0655 | QP: 63
2026-07-14 05:03:16,942 [INFO ]  [1000/5732] | Loss: 0.211 | PSNR: 37.233 | MSE: 0.00018910 | BPP: 0.0655 | QP: 63
2026-07-14 05:04:24,413 [INFO ]  [1500/5732] | Loss: 0.212 | PSNR: 37.196 | MSE: 0.00019071 | BPP: 0.0655 | QP: 63
2026-07-14 05:05:32,626 [INFO ]  [2000/5732] | Loss: 0.212 | PSNR: 37.202 | MSE: 0.00019045 | BPP: 0.0653 | QP: 63
2026-07-14 05:06:39,149 [INFO ]  [2500/5732] | Loss: 0.211 | PSNR: 37.212 | MSE: 0.00019000 | BPP: 0.0651 | QP: 63
2026-07-14 05:07:45,685 [INFO ]  [3000/5732] | Loss: 0.210 | PSNR: 37.227 | MSE: 0.00018936 | BPP: 0.0648 | QP: 63
2026-07-14 05:08:52,146 [INFO ]  [3500/5732] | Loss: 0.210 | PSNR: 37.244 | MSE: 0.00018860 | BPP: 0.0647 | QP: 63
2026-07-14 05:09:59,210 [INFO ]  [4000/5732] | Loss: 0.210 | PSNR: 37.239 | MSE: 0.00018884 | BPP: 0.0648 | QP: 63
2026-07-14 05:11:05,727 [INFO ]  [4500/5732] | Loss: 0.210 | PSNR: 37.236 | MSE: 0.00018897 | BPP: 0.0648 | QP: 63
2026-07-14 05:12:12,401 [INFO ]  [5000/5732] | Loss: 0.210 | PSNR: 37.243 | MSE: 0.00018867 | BPP: 0.0648 | QP: 63
2026-07-14 05:13:18,626 [INFO ]  [5500/5732] | Loss: 0.209 | PSNR: 37.250 | MSE: 0.00018837 | BPP: 0.0648 | QP: 63
2026-07-14 05:13:48,840 [INFO ]  Train epoch 46: Loss: 0.209 | PSNR: 37.264 | MSE: 0.00018777 | BPP: 0.0646
2026-07-14 05:13:48,840 [INFO ]  No test_filelist is set; using train loss for checkpoint selection.
2026-07-14 05:13:50,007 [INFO ]  Checkpoint epoch 46: best model saved: yes | current loss: 0.208792 | best loss: 0.208792
2026-07-14 05:13:50,008 [INFO ]  Global step updated to: 269404
2026-07-14 05:13:50,008 [INFO ]  ====== Current epoch 47 ======
2026-07-14 05:13:50,008 [INFO ]  Learning rate: 0.0001
2026-07-14 05:13:50,516 [INFO ]  [0/5732] | Loss: 0.239 | PSNR: 36.758 | MSE: 0.00021094 | BPP: 0.0772 | QP: 63
2026-07-14 05:14:57,213 [INFO ]  [500/5732] | Loss: 0.205 | PSNR: 37.363 | MSE: 0.00018351 | BPP: 0.0640 | QP: 63
2026-07-14 05:16:03,908 [INFO ]  [1000/5732] | Loss: 0.207 | PSNR: 37.317 | MSE: 0.00018550 | BPP: 0.0645 | QP: 63
2026-07-14 05:17:11,956 [INFO ]  [1500/5732] | Loss: 0.206 | PSNR: 37.348 | MSE: 0.00018416 | BPP: 0.0642 | QP: 63
2026-07-14 05:18:17,859 [INFO ]  [2000/5732] | Loss: 0.206 | PSNR: 37.330 | MSE: 0.00018495 | BPP: 0.0641 | QP: 63
2026-07-14 05:19:25,112 [INFO ]  [2500/5732] | Loss: 0.206 | PSNR: 37.318 | MSE: 0.00018544 | BPP: 0.0641 | QP: 63
2026-07-14 05:20:31,962 [INFO ]  [3000/5732] | Loss: 0.207 | PSNR: 37.299 | MSE: 0.00018625 | BPP: 0.0642 | QP: 63
2026-07-14 05:21:38,386 [INFO ]  [3500/5732] | Loss: 0.207 | PSNR: 37.304 | MSE: 0.00018602 | BPP: 0.0642 | QP: 63
2026-07-14 05:22:45,553 [INFO ]  [4000/5732] | Loss: 0.208 | PSNR: 37.286 | MSE: 0.00018680 | BPP: 0.0644 | QP: 63
2026-07-14 05:23:52,566 [INFO ]  [4500/5732] | Loss: 0.208 | PSNR: 37.289 | MSE: 0.00018668 | BPP: 0.0644 | QP: 63
2026-07-14 05:24:58,876 [INFO ]  [5000/5732] | Loss: 0.208 | PSNR: 37.287 | MSE: 0.00018675 | BPP: 0.0644 | QP: 63
2026-07-14 05:26:05,428 [INFO ]  [5500/5732] | Loss: 0.208 | PSNR: 37.282 | MSE: 0.00018700 | BPP: 0.0644 | QP: 63
2026-07-14 05:26:35,398 [INFO ]  Train epoch 47: Loss: 0.208 | PSNR: 37.282 | MSE: 0.00018698 | BPP: 0.0645
2026-07-14 05:26:35,399 [INFO ]  No test_filelist is set; using train loss for checkpoint selection.
2026-07-14 05:26:36,457 [INFO ]  Checkpoint epoch 47: best model saved: yes | current loss: 0.208124 | best loss: 0.208124
2026-07-14 05:26:36,457 [INFO ]  Global step updated to: 275136
2026-07-14 05:26:36,457 [INFO ]  ====== Current epoch 48 ======
2026-07-14 05:26:36,457 [INFO ]  Learning rate: 0.0001
2026-07-14 05:26:36,896 [INFO ]  [0/5732] | Loss: 0.178 | PSNR: 38.140 | MSE: 0.00015345 | BPP: 0.0605 | QP: 63
2026-07-14 05:27:43,736 [INFO ]  [500/5732] | Loss: 0.151 | PSNR: 35.210 | MSE: 0.00030132 | BPP: 0.0511 | QP: 37
2026-07-14 05:28:50,515 [INFO ]  [1000/5732] | Loss: 0.142 | PSNR: 35.314 | MSE: 0.00029420 | BPP: 0.0488 | QP: 16
2026-07-14 05:29:57,398 [INFO ]  [1500/5732] | Loss: 0.139 | PSNR: 35.345 | MSE: 0.00029207 | BPP: 0.0482 | QP: 63
2026-07-14 05:31:03,828 [INFO ]  [2000/5732] | Loss: 0.137 | PSNR: 35.272 | MSE: 0.00029701 | BPP: 0.0474 | QP: 44
2026-07-14 05:32:10,872 [INFO ]  [2500/5732] | Loss: 0.138 | PSNR: 35.180 | MSE: 0.00030342 | BPP: 0.0473 | QP: 58
2026-07-14 05:33:16,935 [INFO ]  [3000/5732] | Loss: 0.137 | PSNR: 35.077 | MSE: 0.00031065 | BPP: 0.0469 | QP: 63
2026-07-14 05:34:23,210 [INFO ]  [3500/5732] | Loss: 0.135 | PSNR: 34.991 | MSE: 0.00031688 | BPP: 0.0466 | QP: 16
2026-07-14 05:35:29,279 [INFO ]  [4000/5732] | Loss: 0.134 | PSNR: 34.920 | MSE: 0.00032211 | BPP: 0.0463 | QP: 38
2026-07-14 05:36:35,965 [INFO ]  [4500/5732] | Loss: 0.133 | PSNR: 34.833 | MSE: 0.00032863 | BPP: 0.0460 | QP: 63
2026-07-14 05:37:42,350 [INFO ]  [5000/5732] | Loss: 0.132 | PSNR: 34.768 | MSE: 0.00033357 | BPP: 0.0458 | QP: 45
2026-07-14 05:38:48,188 [INFO ]  [5500/5732] | Loss: 0.131 | PSNR: 34.717 | MSE: 0.00033752 | BPP: 0.0456 | QP: 50
2026-07-14 05:39:18,212 [INFO ]  Train epoch 48: Loss: 0.131 | PSNR: 34.691 | MSE: 0.00033956 | BPP: 0.0456
2026-07-14 05:39:18,213 [INFO ]  No test_filelist is set; using train loss for checkpoint selection.
2026-07-14 05:39:19,350 [INFO ]  Checkpoint epoch 48: best model saved: yes | current loss: 0.130789 | best loss: 0.130789
2026-07-14 05:39:19,350 [INFO ]  Global step updated to: 280868
2026-07-14 05:39:19,350 [INFO ]  ====== Current epoch 49 ======
2026-07-14 05:39:19,350 [INFO ]  Learning rate: 0.0001
2026-07-14 05:39:19,801 [INFO ]  [0/5732] | Loss: 0.100 | PSNR: 40.812 | MSE: 0.00008295 | BPP: 0.0366 | QP: 63
2026-07-14 05:40:25,769 [INFO ]  [500/5732] | Loss: 0.119 | PSNR: 33.920 | MSE: 0.00040554 | BPP: 0.0419 | QP: 28
2026-07-14 05:41:32,462 [INFO ]  [1000/5732] | Loss: 0.123 | PSNR: 33.920 | MSE: 0.00040550 | BPP: 0.0426 | QP: 55
2026-07-14 05:42:39,545 [INFO ]  [1500/5732] | Loss: 0.124 | PSNR: 34.049 | MSE: 0.00039362 | BPP: 0.0428 | QP: 63
2026-07-14 05:43:46,335 [INFO ]  [2000/5732] | Loss: 0.124 | PSNR: 34.013 | MSE: 0.00039692 | BPP: 0.0429 | QP: 30
2026-07-14 05:44:53,347 [INFO ]  [2500/5732] | Loss: 0.124 | PSNR: 34.062 | MSE: 0.00039244 | BPP: 0.0429 | QP: 25
2026-07-14 05:46:00,580 [INFO ]  [3000/5732] | Loss: 0.123 | PSNR: 34.070 | MSE: 0.00039177 | BPP: 0.0429 | QP: 63
2026-07-14 05:47:08,175 [INFO ]  [3500/5732] | Loss: 0.124 | PSNR: 34.066 | MSE: 0.00039214 | BPP: 0.0430 | QP: 33
2026-07-14 05:48:15,201 [INFO ]  [4000/5732] | Loss: 0.125 | PSNR: 34.083 | MSE: 0.00039054 | BPP: 0.0431 | QP: 54
2026-07-14 05:49:24,245 [INFO ]  [4500/5732] | Loss: 0.125 | PSNR: 34.089 | MSE: 0.00039005 | BPP: 0.0431 | QP: 63
2026-07-14 05:50:30,851 [INFO ]  [5000/5732] | Loss: 0.124 | PSNR: 34.100 | MSE: 0.00038900 | BPP: 0.0430 | QP: 47
2026-07-14 05:51:37,610 [INFO ]  [5500/5732] | Loss: 0.124 | PSNR: 34.102 | MSE: 0.00038883 | BPP: 0.0430 | QP: 29
2026-07-14 05:52:08,030 [INFO ]  Train epoch 49: Loss: 0.125 | PSNR: 34.054 | MSE: 0.00039321 | BPP: 0.0430
2026-07-14 05:52:08,031 [INFO ]  No test_filelist is set; using train loss for checkpoint selection.
2026-07-14 05:52:09,085 [INFO ]  Checkpoint epoch 49: best model saved: yes | current loss: 0.125013 | best loss: 0.125013
2026-07-14 05:52:09,539 [INFO ]  Saved periodic checkpoint: ./pretrained_uf/DCVCUFIntra/2/checkpoint_epoch_0050_uf_phase_1.pth.tar
2026-07-14 05:52:09,539 [INFO ]  Global step updated to: 286600
2026-07-14 05:52:09,540 [INFO ]  ====== Current epoch 50 ======
2026-07-14 05:52:09,540 [INFO ]  Learning rate: 0.0001
2026-07-14 05:52:10,008 [INFO ]  [0/5732] | Loss: 0.338 | PSNR: 34.687 | MSE: 0.00033988 | BPP: 0.0771 | QP: 63
2026-07-14 05:53:16,614 [INFO ]  [500/5732] | Loss: 0.125 | PSNR: 34.034 | MSE: 0.00039500 | BPP: 0.0428 | QP: 44
2026-07-14 05:54:22,770 [INFO ]  [1000/5732] | Loss: 0.127 | PSNR: 33.952 | MSE: 0.00040252 | BPP: 0.0428 | QP: 14
2026-07-14 05:55:28,322 [INFO ]  [1500/5732] | Loss: 0.124 | PSNR: 33.968 | MSE: 0.00040101 | BPP: 0.0422 | QP: 63
2026-07-14 05:56:34,705 [INFO ]  [2000/5732] | Loss: 0.125 | PSNR: 33.956 | MSE: 0.00040220 | BPP: 0.0424 | QP: 48
2026-07-14 05:57:41,157 [INFO ]  [2500/5732] | Loss: 0.125 | PSNR: 34.039 | MSE: 0.00039451 | BPP: 0.0425 | QP: 50
2026-07-14 05:58:47,860 [INFO ]  [3000/5732] | Loss: 0.124 | PSNR: 34.045 | MSE: 0.00039398 | BPP: 0.0424 | QP: 63
2026-07-14 05:59:54,226 [INFO ]  [3500/5732] | Loss: 0.125 | PSNR: 34.043 | MSE: 0.00039419 | BPP: 0.0426 | QP: 20
2026-07-14 06:01:00,651 [INFO ]  [4000/5732] | Loss: 0.125 | PSNR: 34.064 | MSE: 0.00039228 | BPP: 0.0426 | QP: 35
2026-07-14 06:02:06,932 [INFO ]  [4500/5732] | Loss: 0.124 | PSNR: 34.057 | MSE: 0.00039290 | BPP: 0.0424 | QP: 63
2026-07-14 06:03:11,973 [INFO ]  [5000/5732] | Loss: 0.124 | PSNR: 34.065 | MSE: 0.00039219 | BPP: 0.0423 | QP: 26
2026-07-14 06:04:16,254 [INFO ]  [5500/5732] | Loss: 0.123 | PSNR: 34.055 | MSE: 0.00039306 | BPP: 0.0421 | QP: 3
2026-07-14 06:04:46,725 [INFO ]  Train epoch 50: Loss: 0.123 | PSNR: 34.025 | MSE: 0.00039585 | BPP: 0.0421
2026-07-14 06:04:46,725 [INFO ]  No test_filelist is set; using train loss for checkpoint selection.
2026-07-14 06:04:47,840 [INFO ]  Checkpoint epoch 50: best model saved: yes | current loss: 0.122895 | best loss: 0.122895
2026-07-14 06:04:47,841 [INFO ]  Global step updated to: 292332
2026-07-14 06:04:47,841 [INFO ]  ====== Current epoch 51 ======
2026-07-14 06:04:47,841 [INFO ]  Learning rate: 0.0001
2026-07-14 06:04:48,316 [INFO ]  [0/5732] | Loss: 0.451 | PSNR: 33.257 | MSE: 0.00047237 | BPP: 0.0884 | QP: 63
2026-07-14 06:05:53,132 [INFO ]  [500/5732] | Loss: 0.121 | PSNR: 34.067 | MSE: 0.00039198 | BPP: 0.0416 | QP: 11
2026-07-14 06:06:59,311 [INFO ]  [1000/5732] | Loss: 0.122 | PSNR: 34.114 | MSE: 0.00038781 | BPP: 0.0415 | QP: 56
2026-07-14 06:08:07,587 [INFO ]  [1500/5732] | Loss: 0.120 | PSNR: 34.028 | MSE: 0.00039550 | BPP: 0.0410 | QP: 63
2026-07-14 06:09:16,436 [INFO ]  [2000/5732] | Loss: 0.120 | PSNR: 34.044 | MSE: 0.00039408 | BPP: 0.0410 | QP: 38
2026-07-14 06:10:23,567 [INFO ]  [2500/5732] | Loss: 0.121 | PSNR: 34.016 | MSE: 0.00039665 | BPP: 0.0410 | QP: 1
2026-07-14 06:11:29,833 [INFO ]  [3000/5732] | Loss: 0.121 | PSNR: 34.021 | MSE: 0.00039623 | BPP: 0.0410 | QP: 63
2026-07-14 06:12:38,292 [INFO ]  [3500/5732] | Loss: 0.120 | PSNR: 34.000 | MSE: 0.00039809 | BPP: 0.0410 | QP: 40
2026-07-14 06:13:44,582 [INFO ]  [4000/5732] | Loss: 0.121 | PSNR: 34.014 | MSE: 0.00039687 | BPP: 0.0411 | QP: 3
2026-07-14 06:14:51,220 [INFO ]  [4500/5732] | Loss: 0.121 | PSNR: 34.000 | MSE: 0.00039809 | BPP: 0.0410 | QP: 63
2026-07-14 06:15:57,624 [INFO ]  [5000/5732] | Loss: 0.120 | PSNR: 34.000 | MSE: 0.00039808 | BPP: 0.0409 | QP: 50
2026-07-14 06:17:06,688 [INFO ]  [5500/5732] | Loss: 0.120 | PSNR: 34.012 | MSE: 0.00039699 | BPP: 0.0409 | QP: 33
2026-07-14 06:17:37,588 [INFO ]  Train epoch 51: Loss: 0.121 | PSNR: 33.991 | MSE: 0.00039894 | BPP: 0.0410
2026-07-14 06:17:37,589 [INFO ]  No test_filelist is set; using train loss for checkpoint selection.
2026-07-14 06:17:38,725 [INFO ]  Checkpoint epoch 51: best model saved: yes | current loss: 0.120574 | best loss: 0.120574
2026-07-14 06:17:38,725 [INFO ]  Global step updated to: 298064
2026-07-14 06:17:38,725 [INFO ]  ====== Current epoch 52 ======
2026-07-14 06:17:38,725 [INFO ]  Learning rate: 0.0001
2026-07-14 06:17:39,216 [INFO ]  [0/5732] | Loss: 0.209 | PSNR: 37.088 | MSE: 0.00019552 | BPP: 0.0591 | QP: 63
2026-07-14 06:18:45,937 [INFO ]  [500/5732] | Loss: 0.124 | PSNR: 33.961 | MSE: 0.00040166 | BPP: 0.0412 | QP: 0
2026-07-14 06:19:52,872 [INFO ]  [1000/5732] | Loss: 0.125 | PSNR: 33.892 | MSE: 0.00040812 | BPP: 0.0413 | QP: 60
2026-07-14 06:20:59,859 [INFO ]  [1500/5732] | Loss: 0.123 | PSNR: 33.969 | MSE: 0.00040099 | BPP: 0.0412 | QP: 63
2026-07-14 06:22:06,587 [INFO ]  [2000/5732] | Loss: 0.122 | PSNR: 33.961 | MSE: 0.00040172 | BPP: 0.0410 | QP: 55
2026-07-14 06:23:12,814 [INFO ]  [2500/5732] | Loss: 0.122 | PSNR: 33.986 | MSE: 0.00039938 | BPP: 0.0409 | QP: 32
2026-07-14 06:24:18,314 [INFO ]  [3000/5732] | Loss: 0.122 | PSNR: 33.997 | MSE: 0.00039838 | BPP: 0.0407 | QP: 63
2026-07-14 06:25:24,593 [INFO ]  [3500/5732] | Loss: 0.121 | PSNR: 33.999 | MSE: 0.00039818 | BPP: 0.0407 | QP: 38
2026-07-14 06:26:30,482 [INFO ]  [4000/5732] | Loss: 0.121 | PSNR: 34.007 | MSE: 0.00039748 | BPP: 0.0407 | QP: 61
2026-07-14 06:27:36,499 [INFO ]  [4500/5732] | Loss: 0.121 | PSNR: 33.970 | MSE: 0.00040087 | BPP: 0.0405 | QP: 63
2026-07-14 06:28:42,100 [INFO ]  [5000/5732] | Loss: 0.120 | PSNR: 33.955 | MSE: 0.00040227 | BPP: 0.0405 | QP: 10
2026-07-14 06:29:48,047 [INFO ]  [5500/5732] | Loss: 0.120 | PSNR: 33.955 | MSE: 0.00040226 | BPP: 0.0405 | QP: 8
2026-07-14 06:30:18,254 [INFO ]  Train epoch 52: Loss: 0.120 | PSNR: 33.938 | MSE: 0.00040388 | BPP: 0.0403
2026-07-14 06:30:18,254 [INFO ]  No test_filelist is set; using train loss for checkpoint selection.
2026-07-14 06:30:19,385 [INFO ]  Checkpoint epoch 52: best model saved: yes | current loss: 0.119975 | best loss: 0.119975
2026-07-14 06:30:19,385 [INFO ]  Global step updated to: 303796
2026-07-14 06:30:19,385 [INFO ]  ====== Current epoch 53 ======
2026-07-14 06:30:19,385 [INFO ]  Learning rate: 0.0001
2026-07-14 06:30:19,883 [INFO ]  [0/5732] | Loss: 0.332 | PSNR: 34.684 | MSE: 0.00034009 | BPP: 0.0704 | QP: 63
2026-07-14 06:31:30,773 [INFO ]  [500/5732] | Loss: 0.125 | PSNR: 33.696 | MSE: 0.00042699 | BPP: 0.0398 | QP: 13
2026-07-14 06:32:38,789 [INFO ]  [1000/5732] | Loss: 0.123 | PSNR: 33.678 | MSE: 0.00042877 | BPP: 0.0398 | QP: 11
2026-07-14 06:33:45,420 [INFO ]  [1500/5732] | Loss: 0.121 | PSNR: 33.717 | MSE: 0.00042493 | BPP: 0.0396 | QP: 63
2026-07-14 06:34:51,761 [INFO ]  [2000/5732] | Loss: 0.121 | PSNR: 33.720 | MSE: 0.00042462 | BPP: 0.0397 | QP: 14
2026-07-14 06:35:57,838 [INFO ]  [2500/5732] | Loss: 0.121 | PSNR: 33.760 | MSE: 0.00042071 | BPP: 0.0397 | QP: 8
2026-07-14 06:37:04,500 [INFO ]  [3000/5732] | Loss: 0.120 | PSNR: 33.777 | MSE: 0.00041908 | BPP: 0.0395 | QP: 63
2026-07-14 06:38:11,090 [INFO ]  [3500/5732] | Loss: 0.120 | PSNR: 33.812 | MSE: 0.00041570 | BPP: 0.0398 | QP: 57
2026-07-14 06:39:17,621 [INFO ]  [4000/5732] | Loss: 0.120 | PSNR: 33.829 | MSE: 0.00041407 | BPP: 0.0397 | QP: 19
2026-07-14 06:40:23,336 [INFO ]  [4500/5732] | Loss: 0.120 | PSNR: 33.821 | MSE: 0.00041485 | BPP: 0.0397 | QP: 63
2026-07-14 06:41:29,471 [INFO ]  [5000/5732] | Loss: 0.120 | PSNR: 33.808 | MSE: 0.00041612 | BPP: 0.0397 | QP: 34
2026-07-14 06:42:35,784 [INFO ]  [5500/5732] | Loss: 0.119 | PSNR: 33.832 | MSE: 0.00041381 | BPP: 0.0396 | QP: 58
2026-07-14 06:43:06,438 [INFO ]  Train epoch 53: Loss: 0.119 | PSNR: 33.858 | MSE: 0.00041138 | BPP: 0.0396
2026-07-14 06:43:06,438 [INFO ]  No test_filelist is set; using train loss for checkpoint selection.
2026-07-14 06:43:07,597 [INFO ]  Checkpoint epoch 53: best model saved: yes | current loss: 0.119210 | best loss: 0.119210
2026-07-14 06:43:07,597 [INFO ]  Global step updated to: 309528
2026-07-14 06:43:07,597 [INFO ]  ====== Current epoch 54 ======
2026-07-14 06:43:07,597 [INFO ]  Learning rate: 0.0001
2026-07-14 06:43:08,099 [INFO ]  [0/5732] | Loss: 0.208 | PSNR: 37.248 | MSE: 0.00018846 | BPP: 0.0632 | QP: 63
2026-07-14 06:44:15,716 [INFO ]  [500/5732] | Loss: 0.124 | PSNR: 33.803 | MSE: 0.00041662 | BPP: 0.0406 | QP: 41
2026-07-14 06:45:22,864 [INFO ]  [1000/5732] | Loss: 0.119 | PSNR: 33.838 | MSE: 0.00041321 | BPP: 0.0398 | QP: 43
2026-07-14 06:46:29,786 [INFO ]  [1500/5732] | Loss: 0.118 | PSNR: 33.820 | MSE: 0.00041497 | BPP: 0.0396 | QP: 63
2026-07-14 06:47:36,219 [INFO ]  [2000/5732] | Loss: 0.118 | PSNR: 33.807 | MSE: 0.00041619 | BPP: 0.0395 | QP: 19
2026-07-14 06:48:43,290 [INFO ]  [2500/5732] | Loss: 0.117 | PSNR: 33.839 | MSE: 0.00041317 | BPP: 0.0392 | QP: 30
2026-07-14 06:49:49,618 [INFO ]  [3000/5732] | Loss: 0.118 | PSNR: 33.827 | MSE: 0.00041431 | BPP: 0.0393 | QP: 63
2026-07-14 06:50:55,962 [INFO ]  [3500/5732] | Loss: 0.118 | PSNR: 33.843 | MSE: 0.00041274 | BPP: 0.0394 | QP: 43
2026-07-14 06:52:03,093 [INFO ]  [4000/5732] | Loss: 0.118 | PSNR: 33.831 | MSE: 0.00041392 | BPP: 0.0392 | QP: 58
2026-07-14 06:53:09,826 [INFO ]  [4500/5732] | Loss: 0.118 | PSNR: 33.819 | MSE: 0.00041504 | BPP: 0.0391 | QP: 63
2026-07-14 06:54:18,831 [INFO ]  [5000/5732] | Loss: 0.118 | PSNR: 33.799 | MSE: 0.00041695 | BPP: 0.0391 | QP: 13
2026-07-14 06:55:25,895 [INFO ]  [5500/5732] | Loss: 0.118 | PSNR: 33.825 | MSE: 0.00041445 | BPP: 0.0391 | QP: 21
2026-07-14 06:55:56,399 [INFO ]  Train epoch 54: Loss: 0.118 | PSNR: 33.832 | MSE: 0.00041384 | BPP: 0.0390
2026-07-14 06:55:56,400 [INFO ]  No test_filelist is set; using train loss for checkpoint selection.
2026-07-14 06:55:57,568 [INFO ]  Checkpoint epoch 54: best model saved: yes | current loss: 0.117621 | best loss: 0.117621
2026-07-14 06:55:57,568 [INFO ]  Global step updated to: 315260
2026-07-14 06:55:57,568 [INFO ]  ====== Current epoch 55 ======
2026-07-14 06:55:57,568 [INFO ]  Learning rate: 0.0001
2026-07-14 06:55:58,081 [INFO ]  [0/5732] | Loss: 0.166 | PSNR: 38.334 | MSE: 0.00014675 | BPP: 0.0530 | QP: 63
2026-07-14 06:57:04,977 [INFO ]  [500/5732] | Loss: 0.117 | PSNR: 33.726 | MSE: 0.00042403 | BPP: 0.0388 | QP: 55
2026-07-14 06:58:11,263 [INFO ]  [1000/5732] | Loss: 0.116 | PSNR: 33.832 | MSE: 0.00041379 | BPP: 0.0388 | QP: 63
2026-07-14 06:59:18,046 [INFO ]  [1500/5732] | Loss: 0.116 | PSNR: 33.858 | MSE: 0.00041132 | BPP: 0.0388 | QP: 63
2026-07-14 07:00:24,689 [INFO ]  [2000/5732] | Loss: 0.117 | PSNR: 33.862 | MSE: 0.00041097 | BPP: 0.0389 | QP: 32
2026-07-14 07:01:29,996 [INFO ]  [2500/5732] | Loss: 0.117 | PSNR: 33.802 | MSE: 0.00041664 | BPP: 0.0387 | QP: 28
2026-07-14 07:02:36,603 [INFO ]  [3000/5732] | Loss: 0.116 | PSNR: 33.831 | MSE: 0.00041387 | BPP: 0.0387 | QP: 63
2026-07-14 07:03:43,653 [INFO ]  [3500/5732] | Loss: 0.117 | PSNR: 33.824 | MSE: 0.00041455 | BPP: 0.0388 | QP: 60
2026-07-14 07:04:50,880 [INFO ]  [4000/5732] | Loss: 0.117 | PSNR: 33.814 | MSE: 0.00041551 | BPP: 0.0388 | QP: 56
2026-07-14 07:05:56,618 [INFO ]  [4500/5732] | Loss: 0.117 | PSNR: 33.821 | MSE: 0.00041484 | BPP: 0.0388 | QP: 63
2026-07-14 07:07:02,910 [INFO ]  [5000/5732] | Loss: 0.117 | PSNR: 33.791 | MSE: 0.00041776 | BPP: 0.0387 | QP: 56
2026-07-14 07:08:09,831 [INFO ]  [5500/5732] | Loss: 0.116 | PSNR: 33.772 | MSE: 0.00041954 | BPP: 0.0385 | QP: 43
2026-07-14 07:08:40,479 [INFO ]  Train epoch 55: Loss: 0.116 | PSNR: 33.775 | MSE: 0.00041930 | BPP: 0.0384
2026-07-14 07:08:40,480 [INFO ]  No test_filelist is set; using train loss for checkpoint selection.
2026-07-14 07:08:41,678 [INFO ]  Checkpoint epoch 55: best model saved: yes | current loss: 0.116203 | best loss: 0.116203
2026-07-14 07:08:41,678 [INFO ]  Global step updated to: 320992
2026-07-14 07:08:41,678 [INFO ]  ====== Current epoch 56 ======
2026-07-14 07:08:41,678 [INFO ]  Learning rate: 0.0001
2026-07-14 07:08:42,165 [INFO ]  [0/5732] | Loss: 0.162 | PSNR: 38.332 | MSE: 0.00014683 | BPP: 0.0495 | QP: 63
2026-07-14 07:09:48,528 [INFO ]  [500/5732] | Loss: 0.109 | PSNR: 33.802 | MSE: 0.00041666 | BPP: 0.0371 | QP: 14
2026-07-14 07:10:55,155 [INFO ]  [1000/5732] | Loss: 0.113 | PSNR: 33.912 | MSE: 0.00040623 | BPP: 0.0379 | QP: 53
2026-07-14 07:12:01,887 [INFO ]  [1500/5732] | Loss: 0.114 | PSNR: 33.801 | MSE: 0.00041680 | BPP: 0.0377 | QP: 63
2026-07-14 07:13:07,761 [INFO ]  [2000/5732] | Loss: 0.114 | PSNR: 33.825 | MSE: 0.00041448 | BPP: 0.0377 | QP: 3
2026-07-14 07:14:14,359 [INFO ]  [2500/5732] | Loss: 0.115 | PSNR: 33.829 | MSE: 0.00041414 | BPP: 0.0378 | QP: 60
2026-07-14 07:15:20,404 [INFO ]  [3000/5732] | Loss: 0.115 | PSNR: 33.811 | MSE: 0.00041584 | BPP: 0.0379 | QP: 63
2026-07-14 07:16:27,787 [INFO ]  [3500/5732] | Loss: 0.115 | PSNR: 33.826 | MSE: 0.00041440 | BPP: 0.0379 | QP: 21
2026-07-14 07:17:33,999 [INFO ]  [4000/5732] | Loss: 0.116 | PSNR: 33.808 | MSE: 0.00041611 | BPP: 0.0380 | QP: 55
2026-07-14 07:18:39,842 [INFO ]  [4500/5732] | Loss: 0.116 | PSNR: 33.822 | MSE: 0.00041478 | BPP: 0.0380 | QP: 63
2026-07-14 07:19:46,481 [INFO ]  [5000/5732] | Loss: 0.116 | PSNR: 33.825 | MSE: 0.00041448 | BPP: 0.0382 | QP: 30
2026-07-14 07:20:53,113 [INFO ]  [5500/5732] | Loss: 0.117 | PSNR: 33.812 | MSE: 0.00041568 | BPP: 0.0382 | QP: 47
2026-07-14 07:21:23,592 [INFO ]  Train epoch 56: Loss: 0.116 | PSNR: 33.775 | MSE: 0.00041925 | BPP: 0.0381
2026-07-14 07:21:23,593 [INFO ]  No test_filelist is set; using train loss for checkpoint selection.
2026-07-14 07:21:24,758 [INFO ]  Checkpoint epoch 56: best model saved: yes | current loss: 0.115883 | best loss: 0.115883
2026-07-14 07:21:24,758 [INFO ]  Global step updated to: 326724
2026-07-14 07:21:24,758 [INFO ]  ====== Current epoch 57 ======
2026-07-14 07:21:24,758 [INFO ]  Learning rate: 0.0001
2026-07-14 07:21:25,252 [INFO ]  [0/5732] | Loss: 0.221 | PSNR: 36.886 | MSE: 0.00020481 | BPP: 0.0633 | QP: 63
2026-07-14 07:22:31,472 [INFO ]  [500/5732] | Loss: 0.116 | PSNR: 33.966 | MSE: 0.00040122 | BPP: 0.0387 | QP: 48
2026-07-14 07:23:38,250 [INFO ]  [1000/5732] | Loss: 0.116 | PSNR: 33.904 | MSE: 0.00040701 | BPP: 0.0383 | QP: 57
2026-07-14 07:24:44,916 [INFO ]  [1500/5732] | Loss: 0.115 | PSNR: 33.854 | MSE: 0.00041173 | BPP: 0.0381 | QP: 63
2026-07-14 07:25:51,462 [INFO ]  [2000/5732] | Loss: 0.115 | PSNR: 33.777 | MSE: 0.00041909 | BPP: 0.0378 | QP: 58
2026-07-14 07:26:58,406 [INFO ]  [2500/5732] | Loss: 0.114 | PSNR: 33.755 | MSE: 0.00042122 | BPP: 0.0378 | QP: 9
2026-07-14 07:28:05,388 [INFO ]  [3000/5732] | Loss: 0.115 | PSNR: 33.733 | MSE: 0.00042335 | BPP: 0.0378 | QP: 63
2026-07-14 07:29:11,840 [INFO ]  [3500/5732] | Loss: 0.115 | PSNR: 33.743 | MSE: 0.00042238 | BPP: 0.0378 | QP: 7
2026-07-14 07:30:19,022 [INFO ]  [4000/5732] | Loss: 0.114 | PSNR: 33.744 | MSE: 0.00042223 | BPP: 0.0377 | QP: 22
2026-07-14 07:31:24,827 [INFO ]  [4500/5732] | Loss: 0.114 | PSNR: 33.737 | MSE: 0.00042301 | BPP: 0.0377 | QP: 63
2026-07-14 07:32:31,456 [INFO ]  [5000/5732] | Loss: 0.114 | PSNR: 33.726 | MSE: 0.00042403 | BPP: 0.0376 | QP: 24
2026-07-14 07:33:39,368 [INFO ]  [5500/5732] | Loss: 0.114 | PSNR: 33.742 | MSE: 0.00042248 | BPP: 0.0376 | QP: 7
2026-07-14 07:34:09,804 [INFO ]  Train epoch 57: Loss: 0.115 | PSNR: 33.751 | MSE: 0.00042165 | BPP: 0.0377
2026-07-14 07:34:09,804 [INFO ]  No test_filelist is set; using train loss for checkpoint selection.
2026-07-14 07:34:10,965 [INFO ]  Checkpoint epoch 57: best model saved: yes | current loss: 0.114539 | best loss: 0.114539
2026-07-14 07:34:10,966 [INFO ]  Global step updated to: 332456
2026-07-14 07:34:10,966 [INFO ]  ====== Current epoch 58 ======
2026-07-14 07:34:10,966 [INFO ]  Learning rate: 0.0001
2026-07-14 07:34:11,406 [INFO ]  [0/5732] | Loss: 0.280 | PSNR: 35.688 | MSE: 0.00026987 | BPP: 0.0730 | QP: 63
2026-07-14 07:35:18,537 [INFO ]  [500/5732] | Loss: 0.114 | PSNR: 33.777 | MSE: 0.00041913 | BPP: 0.0374 | QP: 16
2026-07-14 07:36:25,518 [INFO ]  [1000/5732] | Loss: 0.113 | PSNR: 33.601 | MSE: 0.00043638 | BPP: 0.0370 | QP: 50
2026-07-14 07:37:32,200 [INFO ]  [1500/5732] | Loss: 0.113 | PSNR: 33.574 | MSE: 0.00043910 | BPP: 0.0368 | QP: 63
2026-07-14 07:38:37,993 [INFO ]  [2000/5732] | Loss: 0.115 | PSNR: 33.634 | MSE: 0.00043308 | BPP: 0.0372 | QP: 59
2026-07-14 07:39:45,452 [INFO ]  [2500/5732] | Loss: 0.114 | PSNR: 33.668 | MSE: 0.00042969 | BPP: 0.0372 | QP: 44
2026-07-14 07:40:51,832 [INFO ]  [3000/5732] | Loss: 0.114 | PSNR: 33.681 | MSE: 0.00042845 | BPP: 0.0372 | QP: 63
2026-07-14 07:41:58,575 [INFO ]  [3500/5732] | Loss: 0.115 | PSNR: 33.687 | MSE: 0.00042782 | BPP: 0.0374 | QP: 5
2026-07-14 07:43:05,170 [INFO ]  [4000/5732] | Loss: 0.115 | PSNR: 33.721 | MSE: 0.00042452 | BPP: 0.0375 | QP: 54
2026-07-14 07:44:11,843 [INFO ]  [4500/5732] | Loss: 0.115 | PSNR: 33.746 | MSE: 0.00042206 | BPP: 0.0376 | QP: 63
2026-07-14 07:45:18,539 [INFO ]  [5000/5732] | Loss: 0.115 | PSNR: 33.739 | MSE: 0.00042276 | BPP: 0.0375 | QP: 27
2026-07-14 07:46:25,375 [INFO ]  [5500/5732] | Loss: 0.115 | PSNR: 33.752 | MSE: 0.00042146 | BPP: 0.0376 | QP: 34
2026-07-14 07:46:55,728 [INFO ]  Train epoch 58: Loss: 0.114 | PSNR: 33.749 | MSE: 0.00042182 | BPP: 0.0374
2026-07-14 07:46:55,729 [INFO ]  No test_filelist is set; using train loss for checkpoint selection.
2026-07-14 07:46:56,900 [INFO ]  Checkpoint epoch 58: best model saved: yes | current loss: 0.113916 | best loss: 0.113916
2026-07-14 07:46:56,900 [INFO ]  Global step updated to: 338188
2026-07-14 07:46:56,900 [INFO ]  ====== Current epoch 59 ======
2026-07-14 07:46:56,900 [INFO ]  Learning rate: 0.0001
2026-07-14 07:46:57,372 [INFO ]  [0/5732] | Loss: 0.138 | PSNR: 39.295 | MSE: 0.00011763 | BPP: 0.0475 | QP: 63
2026-07-14 07:48:06,735 [INFO ]  [500/5732] | Loss: 0.111 | PSNR: 33.602 | MSE: 0.00043628 | BPP: 0.0366 | QP: 33
2026-07-14 07:49:12,334 [INFO ]  [1000/5732] | Loss: 0.112 | PSNR: 33.569 | MSE: 0.00043961 | BPP: 0.0365 | QP: 35
2026-07-14 07:50:18,645 [INFO ]  [1500/5732] | Loss: 0.114 | PSNR: 33.626 | MSE: 0.00043396 | BPP: 0.0370 | QP: 63
2026-07-14 07:51:24,935 [INFO ]  [2000/5732] | Loss: 0.114 | PSNR: 33.588 | MSE: 0.00043774 | BPP: 0.0371 | QP: 20
2026-07-14 07:52:31,277 [INFO ]  [2500/5732] | Loss: 0.114 | PSNR: 33.594 | MSE: 0.00043714 | BPP: 0.0370 | QP: 23
2026-07-14 07:53:37,600 [INFO ]  [3000/5732] | Loss: 0.113 | PSNR: 33.648 | MSE: 0.00043171 | BPP: 0.0370 | QP: 63
2026-07-14 07:54:45,122 [INFO ]  [3500/5732] | Loss: 0.113 | PSNR: 33.629 | MSE: 0.00043364 | BPP: 0.0369 | QP: 7
2026-07-14 07:55:52,056 [INFO ]  [4000/5732] | Loss: 0.114 | PSNR: 33.664 | MSE: 0.00043017 | BPP: 0.0370 | QP: 46
2026-07-14 07:56:58,839 [INFO ]  [4500/5732] | Loss: 0.114 | PSNR: 33.676 | MSE: 0.00042898 | BPP: 0.0370 | QP: 63
2026-07-14 07:58:05,677 [INFO ]  [5000/5732] | Loss: 0.114 | PSNR: 33.669 | MSE: 0.00042966 | BPP: 0.0371 | QP: 58
2026-07-14 07:59:12,318 [INFO ]  [5500/5732] | Loss: 0.114 | PSNR: 33.661 | MSE: 0.00043042 | BPP: 0.0371 | QP: 12
2026-07-14 07:59:42,967 [INFO ]  Train epoch 59: Loss: 0.114 | PSNR: 33.678 | MSE: 0.00042879 | BPP: 0.0371
2026-07-14 07:59:42,968 [INFO ]  No test_filelist is set; using train loss for checkpoint selection.
2026-07-14 07:59:44,119 [INFO ]  Checkpoint epoch 59: best model saved: yes | current loss: 0.113600 | best loss: 0.113600
2026-07-14 07:59:44,611 [INFO ]  Saved periodic checkpoint: ./pretrained_uf/DCVCUFIntra/2/checkpoint_epoch_0060_uf_phase_1.pth.tar
2026-07-14 07:59:44,611 [INFO ]  Global step updated to: 343920
2026-07-14 07:59:44,611 [INFO ]  ====== Current epoch 60 ======
2026-07-14 07:59:44,611 [INFO ]  Learning rate: 4e-05
2026-07-14 07:59:45,095 [INFO ]  [0/5732] | Loss: 0.202 | PSNR: 37.327 | MSE: 0.00018506 | BPP: 0.0601 | QP: 63
2026-07-14 08:00:52,457 [INFO ]  [500/5732] | Loss: 0.107 | PSNR: 33.988 | MSE: 0.00039922 | BPP: 0.0375 | QP: 48
2026-07-14 08:01:59,496 [INFO ]  [1000/5732] | Loss: 0.104 | PSNR: 33.887 | MSE: 0.00040860 | BPP: 0.0366 | QP: 44
2026-07-14 08:03:06,399 [INFO ]  [1500/5732] | Loss: 0.104 | PSNR: 33.962 | MSE: 0.00040164 | BPP: 0.0367 | QP: 63
2026-07-14 08:04:13,700 [INFO ]  [2000/5732] | Loss: 0.104 | PSNR: 33.981 | MSE: 0.00039983 | BPP: 0.0370 | QP: 56
2026-07-14 08:05:19,546 [INFO ]  [2500/5732] | Loss: 0.103 | PSNR: 33.954 | MSE: 0.00040238 | BPP: 0.0366 | QP: 35
2026-07-14 08:06:26,688 [INFO ]  [3000/5732] | Loss: 0.104 | PSNR: 33.954 | MSE: 0.00040239 | BPP: 0.0367 | QP: 63
2026-07-14 08:07:33,077 [INFO ]  [3500/5732] | Loss: 0.104 | PSNR: 33.917 | MSE: 0.00040580 | BPP: 0.0368 | QP: 4
2026-07-14 08:08:39,913 [INFO ]  [4000/5732] | Loss: 0.104 | PSNR: 33.943 | MSE: 0.00040340 | BPP: 0.0368 | QP: 27
2026-07-14 08:09:46,958 [INFO ]  [4500/5732] | Loss: 0.104 | PSNR: 33.954 | MSE: 0.00040231 | BPP: 0.0369 | QP: 63
2026-07-14 08:10:53,676 [INFO ]  [5000/5732] | Loss: 0.104 | PSNR: 33.921 | MSE: 0.00040543 | BPP: 0.0369 | QP: 58
2026-07-14 08:12:00,643 [INFO ]  [5500/5732] | Loss: 0.104 | PSNR: 33.925 | MSE: 0.00040500 | BPP: 0.0369 | QP: 11
2026-07-14 08:12:31,471 [INFO ]  Train epoch 60: Loss: 0.103 | PSNR: 33.939 | MSE: 0.00040376 | BPP: 0.0367
2026-07-14 08:12:31,472 [INFO ]  No test_filelist is set; using train loss for checkpoint selection.
2026-07-14 08:12:32,625 [INFO ]  Checkpoint epoch 60: best model saved: yes | current loss: 0.103237 | best loss: 0.103237
2026-07-14 08:12:32,625 [INFO ]  Global step updated to: 349652
2026-07-14 08:12:32,625 [INFO ]  ====== Current epoch 61 ======
2026-07-14 08:12:32,625 [INFO ]  Learning rate: 4e-05
2026-07-14 08:12:33,109 [INFO ]  [0/5732] | Loss: 0.297 | PSNR: 35.288 | MSE: 0.00029595 | BPP: 0.0693 | QP: 63
2026-07-14 08:13:41,292 [INFO ]  [500/5732] | Loss: 0.101 | PSNR: 33.884 | MSE: 0.00040886 | BPP: 0.0361 | QP: 25
2026-07-14 08:14:48,136 [INFO ]  [1000/5732] | Loss: 0.101 | PSNR: 33.886 | MSE: 0.00040873 | BPP: 0.0363 | QP: 38
2026-07-14 08:15:56,266 [INFO ]  [1500/5732] | Loss: 0.101 | PSNR: 33.958 | MSE: 0.00040197 | BPP: 0.0364 | QP: 63
2026-07-14 08:17:03,625 [INFO ]  [2000/5732] | Loss: 0.102 | PSNR: 33.888 | MSE: 0.00040854 | BPP: 0.0364 | QP: 35
2026-07-14 08:18:11,670 [INFO ]  [2500/5732] | Loss: 0.102 | PSNR: 33.843 | MSE: 0.00041273 | BPP: 0.0364 | QP: 4
2026-07-14 08:19:19,210 [INFO ]  [3000/5732] | Loss: 0.102 | PSNR: 33.858 | MSE: 0.00041137 | BPP: 0.0364 | QP: 63
2026-07-14 08:20:26,239 [INFO ]  [3500/5732] | Loss: 0.102 | PSNR: 33.863 | MSE: 0.00041086 | BPP: 0.0364 | QP: 41
2026-07-14 08:21:33,017 [INFO ]  [4000/5732] | Loss: 0.102 | PSNR: 33.888 | MSE: 0.00040851 | BPP: 0.0364 | QP: 43
2026-07-14 08:22:39,665 [INFO ]  [4500/5732] | Loss: 0.102 | PSNR: 33.887 | MSE: 0.00040859 | BPP: 0.0365 | QP: 63
2026-07-14 08:23:45,340 [INFO ]  [5000/5732] | Loss: 0.102 | PSNR: 33.866 | MSE: 0.00041055 | BPP: 0.0365 | QP: 26
2026-07-14 08:24:51,589 [INFO ]  [5500/5732] | Loss: 0.102 | PSNR: 33.878 | MSE: 0.00040945 | BPP: 0.0365 | QP: 32
2026-07-14 08:25:21,934 [INFO ]  Train epoch 61: Loss: 0.102 | PSNR: 33.887 | MSE: 0.00040861 | BPP: 0.0365
2026-07-14 08:25:21,935 [INFO ]  No test_filelist is set; using train loss for checkpoint selection.
2026-07-14 08:25:23,094 [INFO ]  Checkpoint epoch 61: best model saved: yes | current loss: 0.102192 | best loss: 0.102192
2026-07-14 08:25:23,094 [INFO ]  Global step updated to: 355384
2026-07-14 08:25:23,094 [INFO ]  ====== Current epoch 62 ======
2026-07-14 08:25:23,094 [INFO ]  Learning rate: 4e-05
2026-07-14 08:25:23,590 [INFO ]  [0/5732] | Loss: 0.152 | PSNR: 38.815 | MSE: 0.00013137 | BPP: 0.0512 | QP: 63
2026-07-14 08:26:30,090 [INFO ]  [500/5732] | Loss: 0.100 | PSNR: 33.993 | MSE: 0.00039874 | BPP: 0.0364 | QP: 0
2026-07-14 08:27:36,109 [INFO ]  [1000/5732] | Loss: 0.100 | PSNR: 33.872 | MSE: 0.00041003 | BPP: 0.0363 | QP: 57
2026-07-14 08:28:42,610 [INFO ]  [1500/5732] | Loss: 0.102 | PSNR: 33.856 | MSE: 0.00041154 | BPP: 0.0366 | QP: 63
2026-07-14 08:29:48,712 [INFO ]  [2000/5732] | Loss: 0.102 | PSNR: 33.866 | MSE: 0.00041062 | BPP: 0.0368 | QP: 7
2026-07-14 08:30:54,433 [INFO ]  [2500/5732] | Loss: 0.103 | PSNR: 33.880 | MSE: 0.00040930 | BPP: 0.0368 | QP: 30
2026-07-14 08:32:01,009 [INFO ]  [3000/5732] | Loss: 0.103 | PSNR: 33.876 | MSE: 0.00040962 | BPP: 0.0369 | QP: 63
2026-07-14 08:33:07,833 [INFO ]  [3500/5732] | Loss: 0.104 | PSNR: 33.917 | MSE: 0.00040576 | BPP: 0.0371 | QP: 13
2026-07-14 08:34:14,548 [INFO ]  [4000/5732] | Loss: 0.104 | PSNR: 33.920 | MSE: 0.00040548 | BPP: 0.0371 | QP: 44
2026-07-14 08:35:21,231 [INFO ]  [4500/5732] | Loss: 0.104 | PSNR: 33.918 | MSE: 0.00040569 | BPP: 0.0370 | QP: 63
2026-07-14 08:36:27,889 [INFO ]  [5000/5732] | Loss: 0.104 | PSNR: 33.935 | MSE: 0.00040410 | BPP: 0.0371 | QP: 29
2026-07-14 08:37:34,566 [INFO ]  [5500/5732] | Loss: 0.104 | PSNR: 33.923 | MSE: 0.00040519 | BPP: 0.0370 | QP: 57
2026-07-14 08:38:05,139 [INFO ]  Train epoch 62: Loss: 0.103 | PSNR: 33.951 | MSE: 0.00040260 | BPP: 0.0368
2026-07-14 08:38:05,140 [INFO ]  No test_filelist is set; using train loss for checkpoint selection.
2026-07-14 08:38:05,916 [INFO ]  Checkpoint epoch 62: best model saved: no | current loss: 0.102547 | best loss: 0.102192
2026-07-14 08:38:05,916 [INFO ]  Global step updated to: 361116
2026-07-14 08:38:05,916 [INFO ]  ====== Current epoch 63 ======
2026-07-14 08:38:05,916 [INFO ]  Learning rate: 4e-05
2026-07-14 08:38:06,386 [INFO ]  [0/5732] | Loss: 0.173 | PSNR: 37.964 | MSE: 0.00015979 | BPP: 0.0507 | QP: 63
2026-07-14 08:39:13,482 [INFO ]  [500/5732] | Loss: 0.104 | PSNR: 34.013 | MSE: 0.00039691 | BPP: 0.0375 | QP: 57
2026-07-14 08:40:20,798 [INFO ]  [1000/5732] | Loss: 0.103 | PSNR: 33.935 | MSE: 0.00040410 | BPP: 0.0371 | QP: 25
2026-07-14 08:41:27,796 [INFO ]  [1500/5732] | Loss: 0.102 | PSNR: 33.940 | MSE: 0.00040363 | BPP: 0.0369 | QP: 63
2026-07-14 08:42:34,678 [INFO ]  [2000/5732] | Loss: 0.102 | PSNR: 33.980 | MSE: 0.00039993 | BPP: 0.0367 | QP: 44
2026-07-14 08:43:41,548 [INFO ]  [2500/5732] | Loss: 0.102 | PSNR: 34.004 | MSE: 0.00039778 | BPP: 0.0368 | QP: 11
2026-07-14 08:44:48,395 [INFO ]  [3000/5732] | Loss: 0.101 | PSNR: 33.959 | MSE: 0.00040192 | BPP: 0.0367 | QP: 63
2026-07-14 08:45:54,232 [INFO ]  [3500/5732] | Loss: 0.101 | PSNR: 33.953 | MSE: 0.00040240 | BPP: 0.0366 | QP: 28
2026-07-14 08:47:00,110 [INFO ]  [4000/5732] | Loss: 0.101 | PSNR: 33.957 | MSE: 0.00040204 | BPP: 0.0366 | QP: 16
2026-07-14 08:48:06,680 [INFO ]  [4500/5732] | Loss: 0.101 | PSNR: 33.948 | MSE: 0.00040293 | BPP: 0.0366 | QP: 63
2026-07-14 08:49:13,380 [INFO ]  [5000/5732] | Loss: 0.102 | PSNR: 33.944 | MSE: 0.00040325 | BPP: 0.0366 | QP: 56
2026-07-14 08:50:20,071 [INFO ]  [5500/5732] | Loss: 0.102 | PSNR: 33.947 | MSE: 0.00040303 | BPP: 0.0366 | QP: 44
2026-07-14 08:50:50,586 [INFO ]  Train epoch 63: Loss: 0.102 | PSNR: 33.958 | MSE: 0.00040194 | BPP: 0.0366
2026-07-14 08:50:50,587 [INFO ]  No test_filelist is set; using train loss for checkpoint selection.
2026-07-14 08:50:51,746 [INFO ]  Checkpoint epoch 63: best model saved: yes | current loss: 0.101653 | best loss: 0.101653
2026-07-14 08:50:51,747 [INFO ]  Global step updated to: 366848
2026-07-14 08:50:51,747 [INFO ]  ====== Current epoch 64 ======
2026-07-14 08:50:51,747 [INFO ]  Learning rate: 4e-05
2026-07-14 08:50:52,219 [INFO ]  [0/5732] | Loss: 0.105 | PSNR: 40.853 | MSE: 0.00008217 | BPP: 0.0415 | QP: 63
2026-07-14 08:52:03,515 [INFO ]  [500/5732] | Loss: 0.101 | PSNR: 34.184 | MSE: 0.00038157 | BPP: 0.0363 | QP: 56
2026-07-14 08:53:10,764 [INFO ]  [1000/5732] | Loss: 0.103 | PSNR: 34.167 | MSE: 0.00038308 | BPP: 0.0367 | QP: 8
2026-07-14 08:54:17,390 [INFO ]  [1500/5732] | Loss: 0.105 | PSNR: 34.186 | MSE: 0.00038140 | BPP: 0.0372 | QP: 63
2026-07-14 08:55:24,294 [INFO ]  [2000/5732] | Loss: 0.104 | PSNR: 34.151 | MSE: 0.00038455 | BPP: 0.0371 | QP: 53
2026-07-14 08:56:31,783 [INFO ]  [2500/5732] | Loss: 0.104 | PSNR: 34.159 | MSE: 0.00038379 | BPP: 0.0371 | QP: 50
2026-07-14 08:57:38,537 [INFO ]  [3000/5732] | Loss: 0.103 | PSNR: 34.123 | MSE: 0.00038702 | BPP: 0.0370 | QP: 63
2026-07-14 08:58:45,937 [INFO ]  [3500/5732] | Loss: 0.104 | PSNR: 34.096 | MSE: 0.00038942 | BPP: 0.0371 | QP: 62
2026-07-14 08:59:52,090 [INFO ]  [4000/5732] | Loss: 0.103 | PSNR: 34.068 | MSE: 0.00039192 | BPP: 0.0371 | QP: 47
2026-07-14 09:00:59,045 [INFO ]  [4500/5732] | Loss: 0.103 | PSNR: 34.038 | MSE: 0.00039463 | BPP: 0.0370 | QP: 63
2026-07-14 09:02:08,383 [INFO ]  [5000/5732] | Loss: 0.103 | PSNR: 34.018 | MSE: 0.00039649 | BPP: 0.0369 | QP: 44
2026-07-14 09:03:15,252 [INFO ]  [5500/5732] | Loss: 0.103 | PSNR: 34.030 | MSE: 0.00039540 | BPP: 0.0368 | QP: 39
2026-07-14 09:03:45,465 [INFO ]  Train epoch 64: Loss: 0.102 | PSNR: 34.010 | MSE: 0.00039717 | BPP: 0.0368
2026-07-14 09:03:45,466 [INFO ]  No test_filelist is set; using train loss for checkpoint selection.
2026-07-14 09:03:46,188 [INFO ]  Checkpoint epoch 64: best model saved: no | current loss: 0.102439 | best loss: 0.101653
2026-07-14 09:03:46,188 [INFO ]  Global step updated to: 372580
2026-07-14 09:03:46,189 [INFO ]  ====== Current epoch 65 ======
2026-07-14 09:03:46,189 [INFO ]  Learning rate: 4e-05
2026-07-14 09:03:46,666 [INFO ]  [0/5732] | Loss: 0.091 | PSNR: 41.945 | MSE: 0.00006390 | BPP: 0.0415 | QP: 63
2026-07-14 09:04:54,339 [INFO ]  [500/5732] | Loss: 0.097 | PSNR: 33.787 | MSE: 0.00041813 | BPP: 0.0355 | QP: 21
2026-07-14 09:06:01,188 [INFO ]  [1000/5732] | Loss: 0.098 | PSNR: 33.926 | MSE: 0.00040492 | BPP: 0.0359 | QP: 7
2026-07-14 09:07:07,949 [INFO ]  [1500/5732] | Loss: 0.100 | PSNR: 33.890 | MSE: 0.00040828 | BPP: 0.0362 | QP: 63
2026-07-14 09:08:15,445 [INFO ]  [2000/5732] | Loss: 0.099 | PSNR: 33.844 | MSE: 0.00041264 | BPP: 0.0362 | QP: 27
2026-07-14 09:09:22,120 [INFO ]  [2500/5732] | Loss: 0.100 | PSNR: 33.874 | MSE: 0.00040986 | BPP: 0.0363 | QP: 50
2026-07-14 09:10:28,586 [INFO ]  [3000/5732] | Loss: 0.100 | PSNR: 33.899 | MSE: 0.00040749 | BPP: 0.0362 | QP: 63
2026-07-14 09:11:33,915 [INFO ]  [3500/5732] | Loss: 0.100 | PSNR: 33.874 | MSE: 0.00040982 | BPP: 0.0362 | QP: 5
2026-07-14 09:12:39,870 [INFO ]  [4000/5732] | Loss: 0.100 | PSNR: 33.908 | MSE: 0.00040661 | BPP: 0.0363 | QP: 8
2026-07-14 09:13:46,702 [INFO ]  [4500/5732] | Loss: 0.100 | PSNR: 33.922 | MSE: 0.00040536 | BPP: 0.0362 | QP: 63
2026-07-14 09:14:53,330 [INFO ]  [5000/5732] | Loss: 0.101 | PSNR: 33.924 | MSE: 0.00040514 | BPP: 0.0363 | QP: 19
2026-07-14 09:15:59,253 [INFO ]  [5500/5732] | Loss: 0.101 | PSNR: 33.936 | MSE: 0.00040403 | BPP: 0.0364 | QP: 30
2026-07-14 09:16:29,218 [INFO ]  Train epoch 65: Loss: 0.102 | PSNR: 33.937 | MSE: 0.00040391 | BPP: 0.0365
2026-07-14 09:16:29,219 [INFO ]  No test_filelist is set; using train loss for checkpoint selection.
2026-07-14 09:16:30,513 [INFO ]  Checkpoint epoch 65: best model saved: yes | current loss: 0.101588 | best loss: 0.101588
2026-07-14 09:16:30,513 [INFO ]  Global step updated to: 378312
2026-07-14 09:16:30,513 [INFO ]  ====== Current epoch 66 ======
2026-07-14 09:16:30,513 [INFO ]  Learning rate: 4e-05
2026-07-14 09:16:30,940 [INFO ]  [0/5732] | Loss: 0.220 | PSNR: 37.010 | MSE: 0.00019909 | BPP: 0.0668 | QP: 63
2026-07-14 09:17:39,926 [INFO ]  [500/5732] | Loss: 0.102 | PSNR: 34.305 | MSE: 0.00037115 | BPP: 0.0373 | QP: 39
2026-07-14 09:18:46,630 [INFO ]  [1000/5732] | Loss: 0.101 | PSNR: 34.142 | MSE: 0.00038526 | BPP: 0.0369 | QP: 61
2026-07-14 09:19:53,167 [INFO ]  [1500/5732] | Loss: 0.101 | PSNR: 33.991 | MSE: 0.00039894 | BPP: 0.0366 | QP: 63
2026-07-14 09:20:59,579 [INFO ]  [2000/5732] | Loss: 0.101 | PSNR: 33.967 | MSE: 0.00040117 | BPP: 0.0367 | QP: 59
2026-07-14 09:22:05,170 [INFO ]  [2500/5732] | Loss: 0.101 | PSNR: 33.973 | MSE: 0.00040058 | BPP: 0.0366 | QP: 6
2026-07-14 09:23:11,817 [INFO ]  [3000/5732] | Loss: 0.100 | PSNR: 33.955 | MSE: 0.00040222 | BPP: 0.0365 | QP: 63
2026-07-14 09:24:18,550 [INFO ]  [3500/5732] | Loss: 0.101 | PSNR: 33.950 | MSE: 0.00040275 | BPP: 0.0366 | QP: 16
2026-07-14 09:25:25,069 [INFO ]  [4000/5732] | Loss: 0.101 | PSNR: 33.920 | MSE: 0.00040550 | BPP: 0.0365 | QP: 59
2026-07-14 09:26:30,874 [INFO ]  [4500/5732] | Loss: 0.101 | PSNR: 33.927 | MSE: 0.00040483 | BPP: 0.0366 | QP: 63
2026-07-14 09:27:37,979 [INFO ]  [5000/5732] | Loss: 0.101 | PSNR: 33.928 | MSE: 0.00040476 | BPP: 0.0366 | QP: 41
2026-07-14 09:28:47,410 [INFO ]  [5500/5732] | Loss: 0.102 | PSNR: 33.942 | MSE: 0.00040349 | BPP: 0.0367 | QP: 62
2026-07-14 09:29:19,007 [INFO ]  Train epoch 66: Loss: 0.102 | PSNR: 33.948 | MSE: 0.00040288 | BPP: 0.0367
2026-07-14 09:29:19,007 [INFO ]  No test_filelist is set; using train loss for checkpoint selection.
2026-07-14 09:29:19,810 [INFO ]  Checkpoint epoch 66: best model saved: no | current loss: 0.101964 | best loss: 0.101588
2026-07-14 09:29:19,811 [INFO ]  Global step updated to: 384044
2026-07-14 09:29:19,811 [INFO ]  ====== Current epoch 67 ======
2026-07-14 09:29:19,811 [INFO ]  Learning rate: 4e-05
2026-07-14 09:29:20,315 [INFO ]  [0/5732] | Loss: 0.168 | PSNR: 38.606 | MSE: 0.00013784 | BPP: 0.0617 | QP: 63
2026-07-14 09:30:27,525 [INFO ]  [500/5732] | Loss: 0.097 | PSNR: 33.726 | MSE: 0.00042407 | BPP: 0.0352 | QP: 5
2026-07-14 09:31:34,443 [INFO ]  [1000/5732] | Loss: 0.101 | PSNR: 33.821 | MSE: 0.00041487 | BPP: 0.0362 | QP: 52
2026-07-14 09:32:41,241 [INFO ]  [1500/5732] | Loss: 0.102 | PSNR: 33.927 | MSE: 0.00040485 | BPP: 0.0366 | QP: 63
2026-07-14 09:33:47,750 [INFO ]  [2000/5732] | Loss: 0.102 | PSNR: 33.973 | MSE: 0.00040056 | BPP: 0.0367 | QP: 56
2026-07-14 09:34:56,471 [INFO ]  [2500/5732] | Loss: 0.102 | PSNR: 34.015 | MSE: 0.00039675 | BPP: 0.0368 | QP: 42
2026-07-14 09:36:02,454 [INFO ]  [3000/5732] | Loss: 0.102 | PSNR: 33.988 | MSE: 0.00039918 | BPP: 0.0367 | QP: 63
2026-07-14 09:37:09,165 [INFO ]  [3500/5732] | Loss: 0.102 | PSNR: 33.951 | MSE: 0.00040258 | BPP: 0.0366 | QP: 27
2026-07-14 09:38:15,417 [INFO ]  [4000/5732] | Loss: 0.101 | PSNR: 33.964 | MSE: 0.00040145 | BPP: 0.0365 | QP: 62
2026-07-14 09:39:22,085 [INFO ]  [4500/5732] | Loss: 0.102 | PSNR: 33.974 | MSE: 0.00040049 | BPP: 0.0366 | QP: 63
2026-07-14 09:40:28,746 [INFO ]  [5000/5732] | Loss: 0.101 | PSNR: 33.917 | MSE: 0.00040575 | BPP: 0.0364 | QP: 53
2026-07-14 09:41:35,730 [INFO ]  [5500/5732] | Loss: 0.101 | PSNR: 33.919 | MSE: 0.00040564 | BPP: 0.0365 | QP: 2
2026-07-14 09:42:06,207 [INFO ]  Train epoch 67: Loss: 0.101 | PSNR: 33.900 | MSE: 0.00040735 | BPP: 0.0364
2026-07-14 09:42:06,208 [INFO ]  No test_filelist is set; using train loss for checkpoint selection.
2026-07-14 09:42:07,391 [INFO ]  Checkpoint epoch 67: best model saved: yes | current loss: 0.101261 | best loss: 0.101261
2026-07-14 09:42:07,391 [INFO ]  Global step updated to: 389776
2026-07-14 09:42:07,391 [INFO ]  ====== Current epoch 68 ======
2026-07-14 09:42:07,391 [INFO ]  Learning rate: 4e-05
2026-07-14 09:42:07,852 [INFO ]  [0/5732] | Loss: 0.198 | PSNR: 37.601 | MSE: 0.00017373 | BPP: 0.0646 | QP: 63
2026-07-14 09:43:14,044 [INFO ]  [500/5732] | Loss: 0.105 | PSNR: 34.183 | MSE: 0.00038165 | BPP: 0.0381 | QP: 55
2026-07-14 09:44:20,036 [INFO ]  [1000/5732] | Loss: 0.104 | PSNR: 34.064 | MSE: 0.00039228 | BPP: 0.0377 | QP: 12
2026-07-14 09:45:26,227 [INFO ]  [1500/5732] | Loss: 0.103 | PSNR: 34.064 | MSE: 0.00039224 | BPP: 0.0371 | QP: 63
2026-07-14 09:46:31,975 [INFO ]  [2000/5732] | Loss: 0.102 | PSNR: 34.016 | MSE: 0.00039664 | BPP: 0.0368 | QP: 31
2026-07-14 09:47:38,567 [INFO ]  [2500/5732] | Loss: 0.101 | PSNR: 34.021 | MSE: 0.00039617 | BPP: 0.0365 | QP: 47
2026-07-14 09:48:45,617 [INFO ]  [3000/5732] | Loss: 0.100 | PSNR: 33.992 | MSE: 0.00039882 | BPP: 0.0364 | QP: 63
2026-07-14 09:49:52,787 [INFO ]  [3500/5732] | Loss: 0.101 | PSNR: 33.999 | MSE: 0.00039819 | BPP: 0.0366 | QP: 44
2026-07-14 09:50:59,570 [INFO ]  [4000/5732] | Loss: 0.101 | PSNR: 34.017 | MSE: 0.00039656 | BPP: 0.0367 | QP: 18
2026-07-14 09:52:06,410 [INFO ]  [4500/5732] | Loss: 0.101 | PSNR: 34.014 | MSE: 0.00039681 | BPP: 0.0367 | QP: 63
2026-07-14 09:53:13,205 [INFO ]  [5000/5732] | Loss: 0.101 | PSNR: 34.003 | MSE: 0.00039780 | BPP: 0.0367 | QP: 22
2026-07-14 09:54:19,332 [INFO ]  [5500/5732] | Loss: 0.102 | PSNR: 33.988 | MSE: 0.00039921 | BPP: 0.0367 | QP: 60
2026-07-14 09:54:49,782 [INFO ]  Train epoch 68: Loss: 0.101 | PSNR: 33.973 | MSE: 0.00040059 | BPP: 0.0366
2026-07-14 09:54:49,783 [INFO ]  No test_filelist is set; using train loss for checkpoint selection.
2026-07-14 09:54:50,499 [INFO ]  Checkpoint epoch 68: best model saved: no | current loss: 0.101437 | best loss: 0.101261
2026-07-14 09:54:50,499 [INFO ]  Global step updated to: 395508
2026-07-14 09:54:50,499 [INFO ]  ====== Current epoch 69 ======
2026-07-14 09:54:50,499 [INFO ]  Learning rate: 4e-05
2026-07-14 09:54:50,988 [INFO ]  [0/5732] | Loss: 0.250 | PSNR: 36.271 | MSE: 0.00023601 | BPP: 0.0688 | QP: 63
2026-07-14 09:55:58,011 [INFO ]  [500/5732] | Loss: 0.100 | PSNR: 33.686 | MSE: 0.00042795 | BPP: 0.0360 | QP: 38
2026-07-14 09:57:04,023 [INFO ]  [1000/5732] | Loss: 0.101 | PSNR: 33.721 | MSE: 0.00042453 | BPP: 0.0361 | QP: 14
2026-07-14 09:58:10,437 [INFO ]  [1500/5732] | Loss: 0.100 | PSNR: 33.754 | MSE: 0.00042130 | BPP: 0.0360 | QP: 63
2026-07-14 09:59:18,675 [INFO ]  [2000/5732] | Loss: 0.101 | PSNR: 33.777 | MSE: 0.00041907 | BPP: 0.0363 | QP: 32
2026-07-14 10:00:25,558 [INFO ]  [2500/5732] | Loss: 0.101 | PSNR: 33.779 | MSE: 0.00041886 | BPP: 0.0361 | QP: 38
2026-07-14 10:01:32,396 [INFO ]  [3000/5732] | Loss: 0.101 | PSNR: 33.823 | MSE: 0.00041471 | BPP: 0.0364 | QP: 63
2026-07-14 10:02:39,697 [INFO ]  [3500/5732] | Loss: 0.101 | PSNR: 33.842 | MSE: 0.00041288 | BPP: 0.0363 | QP: 41
2026-07-14 10:03:46,788 [INFO ]  [4000/5732] | Loss: 0.101 | PSNR: 33.882 | MSE: 0.00040903 | BPP: 0.0362 | QP: 12
2026-07-14 10:04:51,473 [INFO ]  [4500/5732] | Loss: 0.101 | PSNR: 33.917 | MSE: 0.00040581 | BPP: 0.0364 | QP: 63
2026-07-14 10:05:57,200 [INFO ]  [5000/5732] | Loss: 0.101 | PSNR: 33.920 | MSE: 0.00040550 | BPP: 0.0363 | QP: 17
2026-07-14 10:07:05,301 [INFO ]  [5500/5732] | Loss: 0.102 | PSNR: 33.942 | MSE: 0.00040345 | BPP: 0.0365 | QP: 3
2026-07-14 10:07:36,346 [INFO ]  Train epoch 69: Loss: 0.102 | PSNR: 33.967 | MSE: 0.00040113 | BPP: 0.0366
2026-07-14 10:07:36,346 [INFO ]  No test_filelist is set; using train loss for checkpoint selection.
2026-07-14 10:07:37,144 [INFO ]  Checkpoint epoch 69: best model saved: no | current loss: 0.101517 | best loss: 0.101261
2026-07-14 10:07:37,651 [INFO ]  Saved periodic checkpoint: ./pretrained_uf/DCVCUFIntra/2/checkpoint_epoch_0070_uf_phase_1.pth.tar
2026-07-14 10:07:37,652 [INFO ]  Global step updated to: 401240
2026-07-14 10:07:37,652 [INFO ]  ====== Current epoch 70 ======
2026-07-14 10:07:37,652 [INFO ]  Learning rate: 4e-05
2026-07-14 10:07:38,131 [INFO ]  [0/5732] | Loss: 0.284 | PSNR: 35.817 | MSE: 0.00026199 | BPP: 0.0829 | QP: 63
2026-07-14 10:08:46,134 [INFO ]  [500/5732] | Loss: 0.095 | PSNR: 33.713 | MSE: 0.00042526 | BPP: 0.0349 | QP: 45
2026-07-14 10:09:53,813 [INFO ]  [1000/5732] | Loss: 0.097 | PSNR: 33.776 | MSE: 0.00041916 | BPP: 0.0353 | QP: 63
2026-07-14 10:11:00,908 [INFO ]  [1500/5732] | Loss: 0.098 | PSNR: 33.848 | MSE: 0.00041230 | BPP: 0.0356 | QP: 63
2026-07-14 10:12:07,479 [INFO ]  [2000/5732] | Loss: 0.098 | PSNR: 33.836 | MSE: 0.00041341 | BPP: 0.0356 | QP: 62
2026-07-14 10:13:14,016 [INFO ]  [2500/5732] | Loss: 0.099 | PSNR: 33.839 | MSE: 0.00041313 | BPP: 0.0359 | QP: 26
2026-07-14 10:14:20,366 [INFO ]  [3000/5732] | Loss: 0.099 | PSNR: 33.841 | MSE: 0.00041293 | BPP: 0.0359 | QP: 63
2026-07-14 10:15:25,772 [INFO ]  [3500/5732] | Loss: 0.099 | PSNR: 33.834 | MSE: 0.00041357 | BPP: 0.0360 | QP: 41
2026-07-14 10:16:30,997 [INFO ]  [4000/5732] | Loss: 0.099 | PSNR: 33.846 | MSE: 0.00041246 | BPP: 0.0360 | QP: 17
2026-07-14 10:17:36,348 [INFO ]  [4500/5732] | Loss: 0.099 | PSNR: 33.847 | MSE: 0.00041236 | BPP: 0.0360 | QP: 63
2026-07-14 10:18:41,661 [INFO ]  [5000/5732] | Loss: 0.099 | PSNR: 33.853 | MSE: 0.00041181 | BPP: 0.0360 | QP: 43
2026-07-14 10:19:47,284 [INFO ]  [5500/5732] | Loss: 0.099 | PSNR: 33.853 | MSE: 0.00041180 | BPP: 0.0360 | QP: 42
2026-07-14 10:20:17,331 [INFO ]  Train epoch 70: Loss: 0.100 | PSNR: 33.846 | MSE: 0.00041246 | BPP: 0.0361
2026-07-14 10:20:17,331 [INFO ]  No test_filelist is set; using train loss for checkpoint selection.
2026-07-14 10:20:18,642 [INFO ]  Checkpoint epoch 70: best model saved: yes | current loss: 0.099911 | best loss: 0.099911
2026-07-14 10:20:18,643 [INFO ]  Global step updated to: 406972
2026-07-14 10:20:18,643 [INFO ]  ====== Current epoch 71 ======
2026-07-14 10:20:18,643 [INFO ]  Learning rate: 4e-05
2026-07-14 10:20:19,141 [INFO ]  [0/5732] | Loss: 0.277 | PSNR: 35.428 | MSE: 0.00028658 | BPP: 0.0569 | QP: 63
2026-07-14 10:21:24,644 [INFO ]  [500/5732] | Loss: 0.103 | PSNR: 33.803 | MSE: 0.00041659 | BPP: 0.0369 | QP: 42
2026-07-14 10:22:30,686 [INFO ]  [1000/5732] | Loss: 0.099 | PSNR: 33.825 | MSE: 0.00041451 | BPP: 0.0361 | QP: 20
2026-07-14 10:23:37,060 [INFO ]  [1500/5732] | Loss: 0.098 | PSNR: 33.866 | MSE: 0.00041057 | BPP: 0.0362 | QP: 63
2026-07-14 10:24:42,029 [INFO ]  [2000/5732] | Loss: 0.100 | PSNR: 33.905 | MSE: 0.00040691 | BPP: 0.0364 | QP: 35
2026-07-14 10:25:47,934 [INFO ]  [2500/5732] | Loss: 0.100 | PSNR: 33.931 | MSE: 0.00040449 | BPP: 0.0365 | QP: 56
2026-07-14 10:26:54,167 [INFO ]  [3000/5732] | Loss: 0.100 | PSNR: 33.924 | MSE: 0.00040515 | BPP: 0.0362 | QP: 63
2026-07-14 10:27:59,044 [INFO ]  [3500/5732] | Loss: 0.100 | PSNR: 33.927 | MSE: 0.00040482 | BPP: 0.0362 | QP: 4
2026-07-14 10:29:06,497 [INFO ]  [4000/5732] | Loss: 0.100 | PSNR: 33.925 | MSE: 0.00040502 | BPP: 0.0364 | QP: 15
2026-07-14 10:30:13,358 [INFO ]  [4500/5732] | Loss: 0.100 | PSNR: 33.938 | MSE: 0.00040387 | BPP: 0.0364 | QP: 63
2026-07-14 10:31:19,007 [INFO ]  [5000/5732] | Loss: 0.100 | PSNR: 33.947 | MSE: 0.00040302 | BPP: 0.0364 | QP: 23
2026-07-14 10:32:26,019 [INFO ]  [5500/5732] | Loss: 0.100 | PSNR: 33.956 | MSE: 0.00040218 | BPP: 0.0365 | QP: 28
2026-07-14 10:32:56,512 [INFO ]  Train epoch 71: Loss: 0.101 | PSNR: 33.958 | MSE: 0.00040202 | BPP: 0.0365
2026-07-14 10:32:56,513 [INFO ]  No test_filelist is set; using train loss for checkpoint selection.
2026-07-14 10:32:57,374 [INFO ]  Checkpoint epoch 71: best model saved: no | current loss: 0.100846 | best loss: 0.099911
2026-07-14 10:32:57,375 [INFO ]  Global step updated to: 412704
2026-07-14 10:32:57,375 [INFO ]  ====== Current epoch 72 ======
2026-07-14 10:32:57,375 [INFO ]  Learning rate: 4e-05
2026-07-14 10:32:57,902 [INFO ]  [0/5732] | Loss: 0.161 | PSNR: 38.861 | MSE: 0.00013000 | BPP: 0.0607 | QP: 63
2026-07-14 10:34:04,611 [INFO ]  [500/5732] | Loss: 0.100 | PSNR: 33.991 | MSE: 0.00039889 | BPP: 0.0367 | QP: 45
2026-07-14 10:35:10,768 [INFO ]  [1000/5732] | Loss: 0.099 | PSNR: 33.967 | MSE: 0.00040112 | BPP: 0.0361 | QP: 35
2026-07-14 10:36:17,401 [INFO ]  [1500/5732] | Loss: 0.101 | PSNR: 33.936 | MSE: 0.00040404 | BPP: 0.0364 | QP: 63
2026-07-14 10:37:23,139 [INFO ]  [2000/5732] | Loss: 0.100 | PSNR: 33.911 | MSE: 0.00040635 | BPP: 0.0364 | QP: 11
2026-07-14 10:38:28,853 [INFO ]  [2500/5732] | Loss: 0.100 | PSNR: 33.924 | MSE: 0.00040518 | BPP: 0.0365 | QP: 12
2026-07-14 10:39:35,277 [INFO ]  [3000/5732] | Loss: 0.100 | PSNR: 33.908 | MSE: 0.00040659 | BPP: 0.0364 | QP: 63
2026-07-14 10:40:41,537 [INFO ]  [3500/5732] | Loss: 0.100 | PSNR: 33.906 | MSE: 0.00040685 | BPP: 0.0365 | QP: 49
2026-07-14 10:41:48,155 [INFO ]  [4000/5732] | Loss: 0.100 | PSNR: 33.934 | MSE: 0.00040419 | BPP: 0.0366 | QP: 20
2026-07-14 10:42:54,062 [INFO ]  [4500/5732] | Loss: 0.101 | PSNR: 33.954 | MSE: 0.00040232 | BPP: 0.0366 | QP: 63
2026-07-14 10:44:00,306 [INFO ]  [5000/5732] | Loss: 0.101 | PSNR: 33.947 | MSE: 0.00040295 | BPP: 0.0367 | QP: 24
2026-07-14 10:45:06,522 [INFO ]  [5500/5732] | Loss: 0.101 | PSNR: 33.951 | MSE: 0.00040259 | BPP: 0.0367 | QP: 55
2026-07-14 10:45:36,400 [INFO ]  Train epoch 72: Loss: 0.101 | PSNR: 33.979 | MSE: 0.00040007 | BPP: 0.0367
2026-07-14 10:45:36,400 [INFO ]  No test_filelist is set; using train loss for checkpoint selection.
2026-07-14 10:45:37,189 [INFO ]  Checkpoint epoch 72: best model saved: no | current loss: 0.101385 | best loss: 0.099911
2026-07-14 10:45:37,190 [INFO ]  Global step updated to: 418436
2026-07-14 10:45:37,190 [INFO ]  ====== Current epoch 73 ======
2026-07-14 10:45:37,190 [INFO ]  Learning rate: 4e-05
2026-07-14 10:45:37,689 [INFO ]  [0/5732] | Loss: 0.155 | PSNR: 38.992 | MSE: 0.00012613 | BPP: 0.0583 | QP: 63
2026-07-14 10:46:42,791 [INFO ]  [500/5732] | Loss: 0.094 | PSNR: 33.793 | MSE: 0.00041753 | BPP: 0.0351 | QP: 27
2026-07-14 10:47:49,357 [INFO ]  [1000/5732] | Loss: 0.098 | PSNR: 34.066 | MSE: 0.00039206 | BPP: 0.0362 | QP: 16
2026-07-14 10:48:55,689 [INFO ]  [1500/5732] | Loss: 0.102 | PSNR: 34.049 | MSE: 0.00039360 | BPP: 0.0368 | QP: 63
2026-07-14 10:50:03,169 [INFO ]  [2000/5732] | Loss: 0.103 | PSNR: 34.061 | MSE: 0.00039255 | BPP: 0.0370 | QP: 13
2026-07-14 10:51:09,508 [INFO ]  [2500/5732] | Loss: 0.102 | PSNR: 34.078 | MSE: 0.00039099 | BPP: 0.0368 | QP: 15
2026-07-14 10:52:16,318 [INFO ]  [3000/5732] | Loss: 0.102 | PSNR: 34.042 | MSE: 0.00039426 | BPP: 0.0368 | QP: 63
2026-07-14 10:53:22,684 [INFO ]  [3500/5732] | Loss: 0.101 | PSNR: 34.059 | MSE: 0.00039269 | BPP: 0.0367 | QP: 33
2026-07-14 10:54:27,745 [INFO ]  [4000/5732] | Loss: 0.101 | PSNR: 34.034 | MSE: 0.00039498 | BPP: 0.0366 | QP: 30
2026-07-14 10:55:33,460 [INFO ]  [4500/5732] | Loss: 0.100 | PSNR: 34.005 | MSE: 0.00039761 | BPP: 0.0365 | QP: 63
2026-07-14 10:56:40,058 [INFO ]  [5000/5732] | Loss: 0.101 | PSNR: 33.996 | MSE: 0.00039843 | BPP: 0.0365 | QP: 16
2026-07-14 10:57:47,104 [INFO ]  [5500/5732] | Loss: 0.101 | PSNR: 33.971 | MSE: 0.00040081 | BPP: 0.0365 | QP: 57
2026-07-14 10:58:17,872 [INFO ]  Train epoch 73: Loss: 0.101 | PSNR: 33.933 | MSE: 0.00040434 | BPP: 0.0365
2026-07-14 10:58:17,873 [INFO ]  No test_filelist is set; using train loss for checkpoint selection.
2026-07-14 10:58:18,679 [INFO ]  Checkpoint epoch 73: best model saved: no | current loss: 0.101146 | best loss: 0.099911
2026-07-14 10:58:18,680 [INFO ]  Global step updated to: 424168
2026-07-14 10:58:18,680 [INFO ]  ====== Current epoch 74 ======
2026-07-14 10:58:18,680 [INFO ]  Learning rate: 4e-05
2026-07-14 10:58:19,177 [INFO ]  [0/5732] | Loss: 0.127 | PSNR: 40.045 | MSE: 0.00009896 | BPP: 0.0510 | QP: 63
2026-07-14 10:59:27,562 [INFO ]  [500/5732] | Loss: 0.103 | PSNR: 33.880 | MSE: 0.00040926 | BPP: 0.0369 | QP: 38
2026-07-14 11:00:33,410 [INFO ]  [1000/5732] | Loss: 0.102 | PSNR: 33.988 | MSE: 0.00039919 | BPP: 0.0369 | QP: 10
2026-07-14 11:01:41,751 [INFO ]  [1500/5732] | Loss: 0.102 | PSNR: 34.026 | MSE: 0.00039575 | BPP: 0.0368 | QP: 63
2026-07-14 11:02:49,267 [INFO ]  [2000/5732] | Loss: 0.102 | PSNR: 34.080 | MSE: 0.00039085 | BPP: 0.0369 | QP: 38
2026-07-14 11:03:56,344 [INFO ]  [2500/5732] | Loss: 0.102 | PSNR: 34.080 | MSE: 0.00039089 | BPP: 0.0369 | QP: 36
2026-07-14 11:05:03,092 [INFO ]  [3000/5732] | Loss: 0.101 | PSNR: 34.094 | MSE: 0.00038958 | BPP: 0.0368 | QP: 63
2026-07-14 11:06:09,889 [INFO ]  [3500/5732] | Loss: 0.101 | PSNR: 34.083 | MSE: 0.00039060 | BPP: 0.0366 | QP: 43
2026-07-14 11:07:16,983 [INFO ]  [4000/5732] | Loss: 0.101 | PSNR: 34.074 | MSE: 0.00039139 | BPP: 0.0367 | QP: 22
2026-07-14 11:08:23,791 [INFO ]  [4500/5732] | Loss: 0.101 | PSNR: 34.052 | MSE: 0.00039338 | BPP: 0.0366 | QP: 63
2026-07-14 11:09:30,186 [INFO ]  [5000/5732] | Loss: 0.101 | PSNR: 34.060 | MSE: 0.00039264 | BPP: 0.0366 | QP: 31
2026-07-14 11:10:35,696 [INFO ]  [5500/5732] | Loss: 0.100 | PSNR: 34.047 | MSE: 0.00039384 | BPP: 0.0365 | QP: 12
2026-07-14 11:11:06,530 [INFO ]  Train epoch 74: Loss: 0.101 | PSNR: 34.000 | MSE: 0.00039808 | BPP: 0.0366
2026-07-14 11:11:06,530 [INFO ]  No test_filelist is set; using train loss for checkpoint selection.
2026-07-14 11:11:07,299 [INFO ]  Checkpoint epoch 74: best model saved: no | current loss: 0.101193 | best loss: 0.099911
2026-07-14 11:11:07,300 [INFO ]  Global step updated to: 429900
2026-07-14 11:11:07,300 [INFO ]  ====== Current epoch 75 ======
2026-07-14 11:11:07,300 [INFO ]  Learning rate: 4e-05
2026-07-14 11:11:07,778 [INFO ]  [0/5732] | Loss: 0.146 | PSNR: 39.124 | MSE: 0.00012234 | BPP: 0.0520 | QP: 63
2026-07-14 11:12:14,640 [INFO ]  [500/5732] | Loss: 0.098 | PSNR: 34.076 | MSE: 0.00039118 | BPP: 0.0362 | QP: 19
2026-07-14 11:13:20,881 [INFO ]  [1000/5732] | Loss: 0.101 | PSNR: 33.970 | MSE: 0.00040083 | BPP: 0.0365 | QP: 33
2026-07-14 11:14:27,264 [INFO ]  [1500/5732] | Loss: 0.100 | PSNR: 33.897 | MSE: 0.00040770 | BPP: 0.0361 | QP: 63
2026-07-14 11:15:34,030 [INFO ]  [2000/5732] | Loss: 0.100 | PSNR: 33.966 | MSE: 0.00040127 | BPP: 0.0360 | QP: 43
2026-07-14 11:16:41,590 [INFO ]  [2500/5732] | Loss: 0.099 | PSNR: 33.891 | MSE: 0.00040825 | BPP: 0.0360 | QP: 58
2026-07-14 11:17:48,580 [INFO ]  [3000/5732] | Loss: 0.100 | PSNR: 33.909 | MSE: 0.00040650 | BPP: 0.0364 | QP: 63
2026-07-14 11:18:55,551 [INFO ]  [3500/5732] | Loss: 0.101 | PSNR: 33.966 | MSE: 0.00040121 | BPP: 0.0366 | QP: 48
2026-07-14 11:20:04,070 [INFO ]  [4000/5732] | Loss: 0.101 | PSNR: 33.983 | MSE: 0.00039969 | BPP: 0.0367 | QP: 48
2026-07-14 11:21:10,828 [INFO ]  [4500/5732] | Loss: 0.101 | PSNR: 34.001 | MSE: 0.00039805 | BPP: 0.0366 | QP: 63
2026-07-14 11:22:18,143 [INFO ]  [5000/5732] | Loss: 0.101 | PSNR: 34.012 | MSE: 0.00039702 | BPP: 0.0367 | QP: 56
2026-07-14 11:23:24,950 [INFO ]  [5500/5732] | Loss: 0.101 | PSNR: 34.004 | MSE: 0.00039773 | BPP: 0.0367 | QP: 28
2026-07-14 11:23:55,781 [INFO ]  Train epoch 75: Loss: 0.101 | PSNR: 33.989 | MSE: 0.00039916 | BPP: 0.0368
2026-07-14 11:23:55,782 [INFO ]  No test_filelist is set; using train loss for checkpoint selection.
2026-07-14 11:23:56,515 [INFO ]  Checkpoint epoch 75: best model saved: no | current loss: 0.101181 | best loss: 0.099911
2026-07-14 11:23:56,516 [INFO ]  Global step updated to: 435632
2026-07-14 11:23:56,516 [INFO ]  ====== Current epoch 76 ======
2026-07-14 11:23:56,516 [INFO ]  Learning rate: 4e-05
2026-07-14 11:23:56,996 [INFO ]  [0/5732] | Loss: 0.166 | PSNR: 38.440 | MSE: 0.00014322 | BPP: 0.0556 | QP: 63
2026-07-14 11:25:04,079 [INFO ]  [500/5732] | Loss: 0.096 | PSNR: 33.863 | MSE: 0.00041086 | BPP: 0.0356 | QP: 32
2026-07-14 11:26:11,226 [INFO ]  [1000/5732] | Loss: 0.099 | PSNR: 33.822 | MSE: 0.00041473 | BPP: 0.0359 | QP: 11
2026-07-14 11:27:17,794 [INFO ]  [1500/5732] | Loss: 0.098 | PSNR: 33.854 | MSE: 0.00041171 | BPP: 0.0358 | QP: 63
2026-07-14 11:28:25,039 [INFO ]  [2000/5732] | Loss: 0.100 | PSNR: 33.866 | MSE: 0.00041062 | BPP: 0.0362 | QP: 54
2026-07-14 11:29:31,396 [INFO ]  [2500/5732] | Loss: 0.101 | PSNR: 33.842 | MSE: 0.00041284 | BPP: 0.0363 | QP: 44
2026-07-14 11:30:38,456 [INFO ]  [3000/5732] | Loss: 0.101 | PSNR: 33.891 | MSE: 0.00040824 | BPP: 0.0363 | QP: 63
2026-07-14 11:31:45,476 [INFO ]  [3500/5732] | Loss: 0.101 | PSNR: 33.919 | MSE: 0.00040564 | BPP: 0.0364 | QP: 33
2026-07-14 11:32:52,237 [INFO ]  [4000/5732] | Loss: 0.100 | PSNR: 33.903 | MSE: 0.00040712 | BPP: 0.0363 | QP: 32
2026-07-14 11:33:59,306 [INFO ]  [4500/5732] | Loss: 0.100 | PSNR: 33.908 | MSE: 0.00040660 | BPP: 0.0363 | QP: 63
2026-07-14 11:35:06,208 [INFO ]  [5000/5732] | Loss: 0.100 | PSNR: 33.903 | MSE: 0.00040710 | BPP: 0.0364 | QP: 15
2026-07-14 11:36:13,010 [INFO ]  [5500/5732] | Loss: 0.100 | PSNR: 33.918 | MSE: 0.00040566 | BPP: 0.0363 | QP: 49
2026-07-14 11:36:43,770 [INFO ]  Train epoch 76: Loss: 0.100 | PSNR: 33.939 | MSE: 0.00040371 | BPP: 0.0362
2026-07-14 11:36:43,771 [INFO ]  No test_filelist is set; using train loss for checkpoint selection.
2026-07-14 11:36:44,950 [INFO ]  Checkpoint epoch 76: best model saved: yes | current loss: 0.099738 | best loss: 0.099738
2026-07-14 11:36:44,950 [INFO ]  Global step updated to: 441364
2026-07-14 11:36:44,950 [INFO ]  ====== Current epoch 77 ======
2026-07-14 11:36:44,950 [INFO ]  Learning rate: 4e-05
2026-07-14 11:36:45,419 [INFO ]  [0/5732] | Loss: 0.130 | PSNR: 39.917 | MSE: 0.00010193 | BPP: 0.0514 | QP: 63
2026-07-14 11:37:51,922 [INFO ]  [500/5732] | Loss: 0.102 | PSNR: 33.790 | MSE: 0.00041785 | BPP: 0.0367 | QP: 14
2026-07-14 11:38:57,568 [INFO ]  [1000/5732] | Loss: 0.100 | PSNR: 33.950 | MSE: 0.00040275 | BPP: 0.0365 | QP: 6
2026-07-14 11:40:03,751 [INFO ]  [1500/5732] | Loss: 0.101 | PSNR: 33.881 | MSE: 0.00040920 | BPP: 0.0365 | QP: 63
2026-07-14 11:41:10,151 [INFO ]  [2000/5732] | Loss: 0.102 | PSNR: 33.898 | MSE: 0.00040758 | BPP: 0.0368 | QP: 23
2026-07-14 11:42:15,877 [INFO ]  [2500/5732] | Loss: 0.101 | PSNR: 33.895 | MSE: 0.00040783 | BPP: 0.0365 | QP: 40
2026-07-14 11:43:22,277 [INFO ]  [3000/5732] | Loss: 0.100 | PSNR: 33.941 | MSE: 0.00040351 | BPP: 0.0365 | QP: 63
2026-07-14 11:44:29,008 [INFO ]  [3500/5732] | Loss: 0.101 | PSNR: 33.920 | MSE: 0.00040551 | BPP: 0.0365 | QP: 31
2026-07-14 11:45:35,177 [INFO ]  [4000/5732] | Loss: 0.101 | PSNR: 33.925 | MSE: 0.00040508 | BPP: 0.0366 | QP: 54
2026-07-14 11:46:41,780 [INFO ]  [4500/5732] | Loss: 0.101 | PSNR: 33.932 | MSE: 0.00040443 | BPP: 0.0366 | QP: 63
2026-07-14 11:47:48,338 [INFO ]  [5000/5732] | Loss: 0.100 | PSNR: 33.953 | MSE: 0.00040241 | BPP: 0.0365 | QP: 13
2026-07-14 11:48:55,159 [INFO ]  [5500/5732] | Loss: 0.101 | PSNR: 33.953 | MSE: 0.00040243 | BPP: 0.0366 | QP: 29
2026-07-14 11:49:25,418 [INFO ]  Train epoch 77: Loss: 0.101 | PSNR: 33.954 | MSE: 0.00040237 | BPP: 0.0364
2026-07-14 11:49:25,419 [INFO ]  No test_filelist is set; using train loss for checkpoint selection.
2026-07-14 11:49:26,208 [INFO ]  Checkpoint epoch 77: best model saved: no | current loss: 0.100622 | best loss: 0.099738
2026-07-14 11:49:26,208 [INFO ]  Global step updated to: 447096
2026-07-14 11:49:26,209 [INFO ]  ====== Current epoch 78 ======
2026-07-14 11:49:26,209 [INFO ]  Learning rate: 4e-05
2026-07-14 11:49:26,681 [INFO ]  [0/5732] | Loss: 0.125 | PSNR: 40.162 | MSE: 0.00009635 | BPP: 0.0513 | QP: 63
2026-07-14 11:50:35,411 [INFO ]  [500/5732] | Loss: 0.100 | PSNR: 33.776 | MSE: 0.00041916 | BPP: 0.0359 | QP: 16
2026-07-14 11:51:42,043 [INFO ]  [1000/5732] | Loss: 0.101 | PSNR: 33.908 | MSE: 0.00040660 | BPP: 0.0364 | QP: 62
2026-07-14 11:52:48,685 [INFO ]  [1500/5732] | Loss: 0.102 | PSNR: 33.939 | MSE: 0.00040373 | BPP: 0.0368 | QP: 63
2026-07-14 11:53:56,529 [INFO ]  [2000/5732] | Loss: 0.103 | PSNR: 34.017 | MSE: 0.00039657 | BPP: 0.0369 | QP: 31
2026-07-14 11:55:04,201 [INFO ]  [2500/5732] | Loss: 0.102 | PSNR: 33.960 | MSE: 0.00040176 | BPP: 0.0367 | QP: 29
2026-07-14 11:56:10,645 [INFO ]  [3000/5732] | Loss: 0.102 | PSNR: 33.933 | MSE: 0.00040427 | BPP: 0.0367 | QP: 63
2026-07-14 11:57:15,627 [INFO ]  [3500/5732] | Loss: 0.102 | PSNR: 33.967 | MSE: 0.00040112 | BPP: 0.0368 | QP: 12
2026-07-14 11:58:22,573 [INFO ]  [4000/5732] | Loss: 0.102 | PSNR: 34.007 | MSE: 0.00039750 | BPP: 0.0369 | QP: 20
2026-07-14 11:59:29,584 [INFO ]  [4500/5732] | Loss: 0.102 | PSNR: 33.985 | MSE: 0.00039944 | BPP: 0.0368 | QP: 63
2026-07-14 12:00:36,353 [INFO ]  [5000/5732] | Loss: 0.102 | PSNR: 33.988 | MSE: 0.00039922 | BPP: 0.0367 | QP: 16
2026-07-14 12:01:41,820 [INFO ]  [5500/5732] | Loss: 0.101 | PSNR: 33.994 | MSE: 0.00039864 | BPP: 0.0366 | QP: 0
2026-07-14 12:02:11,912 [INFO ]  Train epoch 78: Loss: 0.101 | PSNR: 34.036 | MSE: 0.00039480 | BPP: 0.0366
2026-07-14 12:02:11,912 [INFO ]  No test_filelist is set; using train loss for checkpoint selection.
2026-07-14 12:02:12,733 [INFO ]  Checkpoint epoch 78: best model saved: no | current loss: 0.100785 | best loss: 0.099738
2026-07-14 12:02:12,733 [INFO ]  Global step updated to: 452828
2026-07-14 12:02:12,733 [INFO ]  ====== Current epoch 79 ======
2026-07-14 12:02:12,733 [INFO ]  Learning rate: 4e-05
2026-07-14 12:02:13,229 [INFO ]  [0/5732] | Loss: 0.249 | PSNR: 36.406 | MSE: 0.00022876 | BPP: 0.0732 | QP: 63
2026-07-14 12:03:19,099 [INFO ]  [500/5732] | Loss: 0.096 | PSNR: 33.906 | MSE: 0.00040678 | BPP: 0.0352 | QP: 28
2026-07-14 12:04:25,812 [INFO ]  [1000/5732] | Loss: 0.096 | PSNR: 33.847 | MSE: 0.00041242 | BPP: 0.0353 | QP: 15
2026-07-14 12:05:33,816 [INFO ]  [1500/5732] | Loss: 0.097 | PSNR: 33.795 | MSE: 0.00041732 | BPP: 0.0353 | QP: 63
2026-07-14 12:06:41,124 [INFO ]  [2000/5732] | Loss: 0.098 | PSNR: 33.893 | MSE: 0.00040806 | BPP: 0.0357 | QP: 41
2026-07-14 12:07:47,371 [INFO ]  [2500/5732] | Loss: 0.098 | PSNR: 33.935 | MSE: 0.00040409 | BPP: 0.0358 | QP: 47
2026-07-14 12:08:52,969 [INFO ]  [3000/5732] | Loss: 0.099 | PSNR: 33.947 | MSE: 0.00040300 | BPP: 0.0360 | QP: 63
2026-07-14 12:09:58,860 [INFO ]  [3500/5732] | Loss: 0.099 | PSNR: 33.924 | MSE: 0.00040516 | BPP: 0.0361 | QP: 43
2026-07-14 12:11:05,360 [INFO ]  [4000/5732] | Loss: 0.100 | PSNR: 33.907 | MSE: 0.00040668 | BPP: 0.0361 | QP: 42
2026-07-14 12:12:13,545 [INFO ]  [4500/5732] | Loss: 0.100 | PSNR: 33.894 | MSE: 0.00040794 | BPP: 0.0361 | QP: 63
2026-07-14 12:13:19,856 [INFO ]  [5000/5732] | Loss: 0.100 | PSNR: 33.927 | MSE: 0.00040483 | BPP: 0.0363 | QP: 63
2026-07-14 12:14:29,689 [INFO ]  [5500/5732] | Loss: 0.100 | PSNR: 33.937 | MSE: 0.00040392 | BPP: 0.0363 | QP: 44
2026-07-14 12:14:59,735 [INFO ]  Train epoch 79: Loss: 0.101 | PSNR: 33.943 | MSE: 0.00040339 | BPP: 0.0364
2026-07-14 12:14:59,736 [INFO ]  No test_filelist is set; using train loss for checkpoint selection.
2026-07-14 12:15:00,537 [INFO ]  Checkpoint epoch 79: best model saved: no | current loss: 0.100544 | best loss: 0.099738
2026-07-14 12:15:01,006 [INFO ]  Saved periodic checkpoint: ./pretrained_uf/DCVCUFIntra/2/checkpoint_epoch_0080_uf_phase_1.pth.tar
2026-07-14 12:15:01,006 [INFO ]  Global step updated to: 458560
2026-07-14 12:15:01,006 [INFO ]  ====== Current epoch 80 ======
2026-07-14 12:15:01,006 [INFO ]  Learning rate: 4e-05
2026-07-14 12:15:01,476 [INFO ]  [0/5732] | Loss: 0.460 | PSNR: 33.159 | MSE: 0.00048317 | BPP: 0.0887 | QP: 63
2026-07-14 12:16:08,340 [INFO ]  [500/5732] | Loss: 0.099 | PSNR: 34.001 | MSE: 0.00039802 | BPP: 0.0361 | QP: 26
2026-07-14 12:17:16,095 [INFO ]  [1000/5732] | Loss: 0.100 | PSNR: 34.050 | MSE: 0.00039356 | BPP: 0.0364 | QP: 59
2026-07-14 12:18:23,176 [INFO ]  [1500/5732] | Loss: 0.100 | PSNR: 33.976 | MSE: 0.00040029 | BPP: 0.0364 | QP: 63
2026-07-14 12:19:29,904 [INFO ]  [2000/5732] | Loss: 0.100 | PSNR: 33.981 | MSE: 0.00039990 | BPP: 0.0364 | QP: 51
2026-07-14 12:20:36,537 [INFO ]  [2500/5732] | Loss: 0.100 | PSNR: 33.938 | MSE: 0.00040380 | BPP: 0.0363 | QP: 3
2026-07-14 12:21:42,863 [INFO ]  [3000/5732] | Loss: 0.100 | PSNR: 33.968 | MSE: 0.00040105 | BPP: 0.0364 | QP: 63
2026-07-14 12:22:51,130 [INFO ]  [3500/5732] | Loss: 0.100 | PSNR: 33.915 | MSE: 0.00040596 | BPP: 0.0364 | QP: 27
2026-07-14 12:23:57,445 [INFO ]  [4000/5732] | Loss: 0.099 | PSNR: 33.894 | MSE: 0.00040794 | BPP: 0.0362 | QP: 4
2026-07-14 12:25:03,821 [INFO ]  [4500/5732] | Loss: 0.099 | PSNR: 33.916 | MSE: 0.00040586 | BPP: 0.0362 | QP: 63
2026-07-14 12:26:10,725 [INFO ]  [5000/5732] | Loss: 0.099 | PSNR: 33.912 | MSE: 0.00040622 | BPP: 0.0362 | QP: 24
2026-07-14 12:27:17,767 [INFO ]  [5500/5732] | Loss: 0.099 | PSNR: 33.914 | MSE: 0.00040610 | BPP: 0.0362 | QP: 19
2026-07-14 12:27:47,909 [INFO ]  Train epoch 80: Loss: 0.100 | PSNR: 33.926 | MSE: 0.00040498 | BPP: 0.0363
2026-07-14 12:27:47,910 [INFO ]  No test_filelist is set; using train loss for checkpoint selection.
2026-07-14 12:27:48,675 [INFO ]  Checkpoint epoch 80: best model saved: no | current loss: 0.099998 | best loss: 0.099738
2026-07-14 12:27:48,675 [INFO ]  Global step updated to: 464292
2026-07-14 12:27:48,675 [INFO ]  ====== Current epoch 81 ======
2026-07-14 12:27:48,675 [INFO ]  Learning rate: 4e-05
2026-07-14 12:27:49,172 [INFO ]  [0/5732] | Loss: 0.139 | PSNR: 39.915 | MSE: 0.00010199 | BPP: 0.0612 | QP: 63
2026-07-14 12:28:56,120 [INFO ]  [500/5732] | Loss: 0.106 | PSNR: 34.290 | MSE: 0.00037243 | BPP: 0.0386 | QP: 56
2026-07-14 12:30:02,056 [INFO ]  [1000/5732] | Loss: 0.104 | PSNR: 34.107 | MSE: 0.00038842 | BPP: 0.0380 | QP: 58
2026-07-14 12:31:07,173 [INFO ]  [1500/5732] | Loss: 0.102 | PSNR: 34.091 | MSE: 0.00038984 | BPP: 0.0374 | QP: 63
2026-07-14 12:32:11,444 [INFO ]  [2000/5732] | Loss: 0.102 | PSNR: 34.084 | MSE: 0.00039051 | BPP: 0.0372 | QP: 58
2026-07-14 12:33:16,426 [INFO ]  [2500/5732] | Loss: 0.102 | PSNR: 34.064 | MSE: 0.00039229 | BPP: 0.0370 | QP: 47
2026-07-14 12:34:24,601 [INFO ]  [3000/5732] | Loss: 0.101 | PSNR: 34.018 | MSE: 0.00039651 | BPP: 0.0369 | QP: 63
2026-07-14 12:35:30,460 [INFO ]  [3500/5732] | Loss: 0.101 | PSNR: 33.980 | MSE: 0.00039991 | BPP: 0.0368 | QP: 29
2026-07-14 12:36:37,658 [INFO ]  [4000/5732] | Loss: 0.101 | PSNR: 33.976 | MSE: 0.00040032 | BPP: 0.0368 | QP: 19
2026-07-14 12:37:43,744 [INFO ]  [4500/5732] | Loss: 0.101 | PSNR: 33.995 | MSE: 0.00039858 | BPP: 0.0368 | QP: 63
2026-07-14 12:38:50,184 [INFO ]  [5000/5732] | Loss: 0.101 | PSNR: 34.016 | MSE: 0.00039664 | BPP: 0.0369 | QP: 39
2026-07-14 12:39:56,697 [INFO ]  [5500/5732] | Loss: 0.101 | PSNR: 34.005 | MSE: 0.00039761 | BPP: 0.0368 | QP: 14
2026-07-14 12:40:27,508 [INFO ]  Train epoch 81: Loss: 0.101 | PSNR: 33.999 | MSE: 0.00039815 | BPP: 0.0368
2026-07-14 12:40:27,508 [INFO ]  No test_filelist is set; using train loss for checkpoint selection.
2026-07-14 12:40:28,314 [INFO ]  Checkpoint epoch 81: best model saved: no | current loss: 0.101272 | best loss: 0.099738
2026-07-14 12:40:28,314 [INFO ]  Global step updated to: 470024
2026-07-14 12:40:28,314 [INFO ]  ====== Current epoch 82 ======
2026-07-14 12:40:28,314 [INFO ]  Learning rate: 4e-05
2026-07-14 12:40:28,791 [INFO ]  [0/5732] | Loss: 0.218 | PSNR: 36.830 | MSE: 0.00020749 | BPP: 0.0589 | QP: 63
2026-07-14 12:41:33,555 [INFO ]  [500/5732] | Loss: 0.100 | PSNR: 34.112 | MSE: 0.00038798 | BPP: 0.0364 | QP: 50
2026-07-14 12:42:40,407 [INFO ]  [1000/5732] | Loss: 0.100 | PSNR: 33.994 | MSE: 0.00039868 | BPP: 0.0362 | QP: 25
2026-07-14 12:43:47,685 [INFO ]  [1500/5732] | Loss: 0.099 | PSNR: 34.028 | MSE: 0.00039550 | BPP: 0.0362 | QP: 63
2026-07-14 12:44:53,847 [INFO ]  [2000/5732] | Loss: 0.101 | PSNR: 34.054 | MSE: 0.00039321 | BPP: 0.0367 | QP: 58
2026-07-14 12:46:00,867 [INFO ]  [2500/5732] | Loss: 0.101 | PSNR: 33.994 | MSE: 0.00039868 | BPP: 0.0366 | QP: 55
2026-07-14 12:47:08,045 [INFO ]  [3000/5732] | Loss: 0.101 | PSNR: 34.056 | MSE: 0.00039299 | BPP: 0.0367 | QP: 63
2026-07-14 12:48:14,924 [INFO ]  [3500/5732] | Loss: 0.100 | PSNR: 34.030 | MSE: 0.00039541 | BPP: 0.0366 | QP: 8
2026-07-14 12:49:22,166 [INFO ]  [4000/5732] | Loss: 0.100 | PSNR: 34.051 | MSE: 0.00039349 | BPP: 0.0367 | QP: 15
2026-07-14 12:50:28,743 [INFO ]  [4500/5732] | Loss: 0.100 | PSNR: 34.054 | MSE: 0.00039318 | BPP: 0.0366 | QP: 63
2026-07-14 12:51:35,441 [INFO ]  [5000/5732] | Loss: 0.100 | PSNR: 34.040 | MSE: 0.00039444 | BPP: 0.0365 | QP: 35
2026-07-14 12:52:43,284 [INFO ]  [5500/5732] | Loss: 0.100 | PSNR: 34.028 | MSE: 0.00039551 | BPP: 0.0365 | QP: 32
2026-07-14 12:53:13,485 [INFO ]  Train epoch 82: Loss: 0.100 | PSNR: 34.011 | MSE: 0.00039714 | BPP: 0.0365
2026-07-14 12:53:13,486 [INFO ]  No test_filelist is set; using train loss for checkpoint selection.
2026-07-14 12:53:14,344 [INFO ]  Checkpoint epoch 82: best model saved: no | current loss: 0.100108 | best loss: 0.099738
2026-07-14 12:53:14,344 [INFO ]  Global step updated to: 475756
2026-07-14 12:53:14,344 [INFO ]  ====== Current epoch 83 ======
2026-07-14 12:53:14,344 [INFO ]  Learning rate: 4e-05
2026-07-14 12:53:14,843 [INFO ]  [0/5732] | Loss: 0.137 | PSNR: 39.502 | MSE: 0.00011216 | BPP: 0.0507 | QP: 63
2026-07-14 12:54:21,873 [INFO ]  [500/5732] | Loss: 0.097 | PSNR: 33.867 | MSE: 0.00041044 | BPP: 0.0357 | QP: 10
2026-07-14 12:55:29,379 [INFO ]  [1000/5732] | Loss: 0.099 | PSNR: 33.945 | MSE: 0.00040322 | BPP: 0.0362 | QP: 39
2026-07-14 12:56:37,399 [INFO ]  [1500/5732] | Loss: 0.101 | PSNR: 33.952 | MSE: 0.00040252 | BPP: 0.0366 | QP: 63
2026-07-14 12:57:45,609 [INFO ]  [2000/5732] | Loss: 0.101 | PSNR: 33.913 | MSE: 0.00040613 | BPP: 0.0365 | QP: 13
2026-07-14 12:58:52,703 [INFO ]  [2500/5732] | Loss: 0.101 | PSNR: 33.938 | MSE: 0.00040383 | BPP: 0.0366 | QP: 30
2026-07-14 12:59:59,428 [INFO ]  [3000/5732] | Loss: 0.100 | PSNR: 33.950 | MSE: 0.00040269 | BPP: 0.0363 | QP: 63
2026-07-14 13:01:06,009 [INFO ]  [3500/5732] | Loss: 0.100 | PSNR: 33.989 | MSE: 0.00039912 | BPP: 0.0364 | QP: 47
2026-07-14 13:02:12,369 [INFO ]  [4000/5732] | Loss: 0.100 | PSNR: 33.952 | MSE: 0.00040251 | BPP: 0.0363 | QP: 7
2026-07-14 13:03:19,265 [INFO ]  [4500/5732] | Loss: 0.100 | PSNR: 33.961 | MSE: 0.00040167 | BPP: 0.0364 | QP: 63
2026-07-14 13:04:26,031 [INFO ]  [5000/5732] | Loss: 0.101 | PSNR: 33.980 | MSE: 0.00039994 | BPP: 0.0365 | QP: 61
