2026-07-20 11:31:08,595 [INFO] ======================= 2026-07-20_11_31_07 =======================
2026-07-20 11:31:08,595 [INFO] train_root: None
2026-07-20 11:31:08,595 [INFO] train_filelist: /home/admin1/gsh/VC/datafiles/train_phase_2/train_filelist_phase2.txt
2026-07-20 11:31:08,595 [INFO] val_dataset: None
2026-07-20 11:31:08,596 [INFO] val_filelist: /home/admin1/gsh/VC/datafiles/train_phase_2/val_filelist_phase2.txt
2026-07-20 11:31:08,596 [INFO] phase1_checkpoint: /home/admin1/gsh/VC/pretrained_uf/DCVCUFIntra/2/checkpoint_best_loss_uf_phase_1.pth.tar
2026-07-20 11:31:08,596 [INFO] checkpoint: None
2026-07-20 11:31:08,596 [INFO] output_dir: /home/admin1/gsh/VC/pretrained_uf
2026-07-20 11:31:08,596 [INFO] quality_level: 4
2026-07-20 11:31:08,596 [INFO] epochs: 180
2026-07-20 11:31:08,596 [INFO] learning_rate: 0.0001
2026-07-20 11:31:08,596 [INFO] num_workers: 4
2026-07-20 11:31:08,596 [INFO] batch_size: 4
2026-07-20 11:31:08,596 [INFO] val_batch_size: 1
2026-07-20 11:31:08,596 [INFO] patch_size: [256, 256]
2026-07-20 11:31:08,596 [INFO] q_num: 64
2026-07-20 11:31:08,596 [INFO] test_qp: 63
2026-07-20 11:31:08,596 [INFO] warmup_epochs: 20
2026-07-20 11:31:08,596 [INFO] qp_warmup_epochs: 48
2026-07-20 11:31:08,596 [INFO] cuda: True
2026-07-20 11:31:08,596 [INFO] save: True
2026-07-20 11:31:08,596 [INFO] freeze_intra: False
2026-07-20 11:31:08,596 [INFO] seed: 7
2026-07-20 11:31:08,596 [INFO] clip_max_norm: 1.0
2026-07-20 11:31:08,596 [INFO] local_rank: 0
2026-07-20 11:31:08,596 [INFO] log_interval: 500
2026-07-20 11:31:08,596 [INFO] check_exists: False
2026-07-20 11:31:08,596 [INFO] max_samples: None
2026-07-20 11:31:08,596 [INFO] drop_last: False
2026-07-20 11:31:08,596 [INFO] name: 2026-07-20_11_31_07
2026-07-20 11:31:08,596 [INFO] distributed: True
2026-07-20 11:31:14,257 [INFO] Trainable params: 78835696 / 78835696
2026-07-20 11:31:14,257 [INFO] ====== Current epoch 0 ======
2026-07-20 11:31:14,257 [INFO] Learning rate: 0.0001
2026-07-20 11:31:18,973 [INFO] [0/1057] | Loss: 853.791 | PSNR: 7.676 | MSE: 0.17075780 | BPP: 0.2308 | QP: 63
2026-07-20 11:35:12,198 [INFO] [500/1057] | Loss: 114.069 | PSNR: 16.418 | MSE: 0.02281353 | BPP: 0.1024 | QP: 63
2026-07-20 11:38:56,811 [INFO] [1000/1057] | Loss: 81.789 | PSNR: 17.863 | MSE: 0.01635769 | BPP: 0.0973 | QP: 63
2026-07-20 11:39:21,518 [INFO] Train epoch 0: Loss: 78.704 | PSNR: 18.030 | MSE: 0.01574059 | BPP: 0.0971
2026-07-20 11:40:26,870 [INFO] Val epoch 0: Loss: 31.354 | PSNR: 22.027 | MSE: 0.00627054 | BPP: 0.0881
2026-07-20 11:40:30,071 [INFO] Checkpoint epoch 0: best model saved: yes | current loss: 31.353557 | best loss: 31.353557
2026-07-20 11:40:30,071 [INFO] Global step updated to: 1057
2026-07-20 11:40:30,071 [INFO] ====== Current epoch 1 ======
2026-07-20 11:40:30,071 [INFO] Learning rate: 0.0001
2026-07-20 11:40:31,838 [INFO] [0/1057] | Loss: 30.031 | PSNR: 22.214 | MSE: 0.00600611 | BPP: 0.0929 | QP: 63
2026-07-20 11:44:15,029 [INFO] [500/1057] | Loss: 25.138 | PSNR: 22.986 | MSE: 0.00502750 | BPP: 0.0902 | QP: 63
2026-07-20 11:48:00,911 [INFO] [1000/1057] | Loss: 21.774 | PSNR: 23.611 | MSE: 0.00435452 | BPP: 0.0915 | QP: 63
2026-07-20 11:48:25,607 [INFO] Train epoch 1: Loss: 21.171 | PSNR: 23.732 | MSE: 0.00423404 | BPP: 0.0910
2026-07-20 11:49:27,936 [INFO] Val epoch 1: Loss: 15.354 | PSNR: 25.128 | MSE: 0.00307055 | BPP: 0.0866
2026-07-20 11:49:31,814 [INFO] Checkpoint epoch 1: best model saved: yes | current loss: 15.353629 | best loss: 15.353629
2026-07-20 11:49:31,814 [INFO] Global step updated to: 2114
2026-07-20 11:49:31,814 [INFO] ====== Current epoch 2 ======
2026-07-20 11:49:31,814 [INFO] Learning rate: 0.0001
2026-07-20 11:49:33,462 [INFO] [0/1057] | Loss: 12.887 | PSNR: 25.888 | MSE: 0.00257723 | BPP: 0.0872 | QP: 63
2026-07-20 11:53:17,208 [INFO] [500/1057] | Loss: 14.991 | PSNR: 25.232 | MSE: 0.00299811 | BPP: 0.0946 | QP: 63
2026-07-20 11:57:03,499 [INFO] [1000/1057] | Loss: 13.745 | PSNR: 25.608 | MSE: 0.00274888 | BPP: 0.0946 | QP: 63
2026-07-20 11:57:28,375 [INFO] Train epoch 2: Loss: 13.786 | PSNR: 25.596 | MSE: 0.00275707 | BPP: 0.0949
2026-07-20 11:58:31,883 [INFO] Val epoch 2: Loss: 11.472 | PSNR: 26.394 | MSE: 0.00229422 | BPP: 0.0889
2026-07-20 11:58:35,681 [INFO] Checkpoint epoch 2: best model saved: yes | current loss: 11.471992 | best loss: 11.471992
2026-07-20 11:58:35,682 [INFO] Global step updated to: 3171
2026-07-20 11:58:35,682 [INFO] ====== Current epoch 3 ======
2026-07-20 11:58:35,682 [INFO] Learning rate: 0.0001
2026-07-20 11:58:37,328 [INFO] [0/1057] | Loss: 9.512 | PSNR: 27.207 | MSE: 0.00190226 | BPP: 0.0946 | QP: 63
2026-07-20 12:02:22,026 [INFO] [500/1057] | Loss: 12.008 | PSNR: 26.195 | MSE: 0.00240136 | BPP: 0.0959 | QP: 63
2026-07-20 12:06:07,531 [INFO] [1000/1057] | Loss: 11.142 | PSNR: 26.520 | MSE: 0.00222825 | BPP: 0.0957 | QP: 63
2026-07-20 12:06:31,744 [INFO] Train epoch 3: Loss: 10.885 | PSNR: 26.622 | MSE: 0.00217685 | BPP: 0.0953
2026-07-20 12:07:35,451 [INFO] Val epoch 3: Loss: 9.311 | PSNR: 27.300 | MSE: 0.00186203 | BPP: 0.0906
2026-07-20 12:07:39,649 [INFO] Checkpoint epoch 3: best model saved: yes | current loss: 9.311049 | best loss: 9.311049
2026-07-20 12:07:39,649 [INFO] Global step updated to: 4228
2026-07-20 12:07:39,649 [INFO] ====== Current epoch 4 ======
2026-07-20 12:07:39,649 [INFO] Learning rate: 0.0001
2026-07-20 12:07:41,341 [INFO] [0/1057] | Loss: 5.265 | PSNR: 29.776 | MSE: 0.00105291 | BPP: 0.0664 | QP: 63
2026-07-20 12:11:26,896 [INFO] [500/1057] | Loss: 9.305 | PSNR: 27.303 | MSE: 0.00186089 | BPP: 0.0971 | QP: 63
2026-07-20 12:15:13,509 [INFO] [1000/1057] | Loss: 8.857 | PSNR: 27.517 | MSE: 0.00177122 | BPP: 0.0984 | QP: 63
2026-07-20 12:15:37,942 [INFO] Train epoch 4: Loss: 8.865 | PSNR: 27.513 | MSE: 0.00177288 | BPP: 0.0989
2026-07-20 12:16:42,495 [INFO] Val epoch 4: Loss: 7.749 | PSNR: 28.098 | MSE: 0.00154954 | BPP: 0.0947
2026-07-20 12:16:46,595 [INFO] Checkpoint epoch 4: best model saved: yes | current loss: 7.748636 | best loss: 7.748636
2026-07-20 12:16:46,595 [INFO] Global step updated to: 5285
2026-07-20 12:16:46,595 [INFO] ====== Current epoch 5 ======
2026-07-20 12:16:46,595 [INFO] Learning rate: 0.0001
2026-07-20 12:16:48,362 [INFO] [0/1057] | Loss: 8.399 | PSNR: 27.748 | MSE: 0.00167961 | BPP: 0.1198 | QP: 63
2026-07-20 12:20:34,000 [INFO] [500/1057] | Loss: 7.742 | PSNR: 28.102 | MSE: 0.00154813 | BPP: 0.1001 | QP: 63
2026-07-20 12:24:20,856 [INFO] [1000/1057] | Loss: 7.610 | PSNR: 28.177 | MSE: 0.00152171 | BPP: 0.1008 | QP: 63
2026-07-20 12:24:45,278 [INFO] Train epoch 5: Loss: 7.675 | PSNR: 28.140 | MSE: 0.00153472 | BPP: 0.1008
2026-07-20 12:25:51,695 [INFO] Val epoch 5: Loss: 6.603 | PSNR: 28.793 | MSE: 0.00132039 | BPP: 0.0953
2026-07-20 12:25:56,028 [INFO] Checkpoint epoch 5: best model saved: yes | current loss: 6.602881 | best loss: 6.602881
2026-07-20 12:25:56,028 [INFO] Global step updated to: 6342
2026-07-20 12:25:56,028 [INFO] ====== Current epoch 6 ======
2026-07-20 12:25:56,028 [INFO] Learning rate: 0.0001
2026-07-20 12:25:57,665 [INFO] [0/1057] | Loss: 6.509 | PSNR: 28.855 | MSE: 0.00130165 | BPP: 0.0923 | QP: 63
2026-07-20 12:29:44,376 [INFO] [500/1057] | Loss: 6.849 | PSNR: 28.634 | MSE: 0.00136967 | BPP: 0.1005 | QP: 63
2026-07-20 12:33:30,319 [INFO] [1000/1057] | Loss: 6.603 | PSNR: 28.793 | MSE: 0.00132030 | BPP: 0.1007 | QP: 63
2026-07-20 12:33:54,801 [INFO] Train epoch 6: Loss: 6.607 | PSNR: 28.790 | MSE: 0.00132127 | BPP: 0.1011
2026-07-20 12:35:02,434 [INFO] Val epoch 6: Loss: 5.856 | PSNR: 29.314 | MSE: 0.00117104 | BPP: 0.0970
2026-07-20 12:35:06,805 [INFO] Checkpoint epoch 6: best model saved: yes | current loss: 5.856170 | best loss: 5.856170
2026-07-20 12:35:06,806 [INFO] Global step updated to: 7399
2026-07-20 12:35:06,806 [INFO] ====== Current epoch 7 ======
2026-07-20 12:35:06,806 [INFO] Learning rate: 0.0001
2026-07-20 12:35:08,430 [INFO] [0/1057] | Loss: 6.515 | PSNR: 28.851 | MSE: 0.00130280 | BPP: 0.1055 | QP: 63
2026-07-20 12:38:56,000 [INFO] [500/1057] | Loss: 6.000 | PSNR: 29.209 | MSE: 0.00119974 | BPP: 0.1011 | QP: 63
2026-07-20 12:42:41,453 [INFO] [1000/1057] | Loss: 5.470 | PSNR: 29.611 | MSE: 0.00109379 | BPP: 0.1016 | QP: 63
2026-07-20 12:43:06,215 [INFO] Train epoch 7: Loss: 5.636 | PSNR: 29.481 | MSE: 0.00112706 | BPP: 0.1020
2026-07-20 12:44:12,737 [INFO] Val epoch 7: Loss: 4.525 | PSNR: 30.435 | MSE: 0.00090473 | BPP: 0.0944
2026-07-20 12:44:16,769 [INFO] Checkpoint epoch 7: best model saved: yes | current loss: 4.524615 | best loss: 4.524615
2026-07-20 12:44:16,769 [INFO] Global step updated to: 8456
2026-07-20 12:44:16,769 [INFO] ====== Current epoch 8 ======
2026-07-20 12:44:16,769 [INFO] Learning rate: 0.0001
2026-07-20 12:44:18,529 [INFO] [0/1057] | Loss: 2.863 | PSNR: 32.423 | MSE: 0.00057245 | BPP: 0.0967 | QP: 63
2026-07-20 12:48:05,112 [INFO] [500/1057] | Loss: 5.027 | PSNR: 29.977 | MSE: 0.00100524 | BPP: 0.1046 | QP: 63
2026-07-20 12:51:51,357 [INFO] [1000/1057] | Loss: 4.882 | PSNR: 30.105 | MSE: 0.00097614 | BPP: 0.1051 | QP: 63
2026-07-20 12:52:16,367 [INFO] Train epoch 8: Loss: 4.918 | PSNR: 30.073 | MSE: 0.00098330 | BPP: 0.1053
2026-07-20 12:53:19,801 [INFO] Val epoch 8: Loss: 4.422 | PSNR: 30.535 | MSE: 0.00088419 | BPP: 0.1035
2026-07-20 12:53:23,725 [INFO] Checkpoint epoch 8: best model saved: yes | current loss: 4.421963 | best loss: 4.421963
2026-07-20 12:53:23,725 [INFO] Global step updated to: 9513
2026-07-20 12:53:23,725 [INFO] ====== Current epoch 9 ======
2026-07-20 12:53:23,725 [INFO] Learning rate: 0.0001
2026-07-20 12:53:25,452 [INFO] [0/1057] | Loss: 5.707 | PSNR: 29.427 | MSE: 0.00114116 | BPP: 0.1099 | QP: 63
2026-07-20 12:57:10,620 [INFO] [500/1057] | Loss: 4.761 | PSNR: 30.213 | MSE: 0.00095203 | BPP: 0.1089 | QP: 63
2026-07-20 13:00:57,425 [INFO] [1000/1057] | Loss: 4.646 | PSNR: 30.320 | MSE: 0.00092892 | BPP: 0.1084 | QP: 63
2026-07-20 13:01:22,372 [INFO] Train epoch 9: Loss: 4.635 | PSNR: 30.330 | MSE: 0.00092682 | BPP: 0.1085
2026-07-20 13:02:27,620 [INFO] Val epoch 9: Loss: 4.039 | PSNR: 30.928 | MSE: 0.00080769 | BPP: 0.1022
2026-07-20 13:02:31,677 [INFO] Checkpoint epoch 9: best model saved: yes | current loss: 4.039467 | best loss: 4.039467
2026-07-20 13:02:31,677 [INFO] Global step updated to: 10570
2026-07-20 13:02:31,678 [INFO] ====== Current epoch 10 ======
2026-07-20 13:02:31,678 [INFO] Learning rate: 0.0001
2026-07-20 13:02:33,326 [INFO] [0/1057] | Loss: 4.770 | PSNR: 30.206 | MSE: 0.00095371 | BPP: 0.1294 | QP: 63
2026-07-20 13:06:20,297 [INFO] [500/1057] | Loss: 4.381 | PSNR: 30.575 | MSE: 0.00087607 | BPP: 0.1101 | QP: 63
2026-07-20 13:10:07,170 [INFO] [1000/1057] | Loss: 4.276 | PSNR: 30.680 | MSE: 0.00085498 | BPP: 0.1110 | QP: 63
2026-07-20 13:10:31,742 [INFO] Train epoch 10: Loss: 4.329 | PSNR: 30.627 | MSE: 0.00086565 | BPP: 0.1118
2026-07-20 13:11:36,811 [INFO] Val epoch 10: Loss: 3.829 | PSNR: 31.160 | MSE: 0.00076558 | BPP: 0.1063
2026-07-20 13:11:40,740 [INFO] Checkpoint epoch 10: best model saved: yes | current loss: 3.828948 | best loss: 3.828948
2026-07-20 13:11:40,740 [INFO] Global step updated to: 11627
2026-07-20 13:11:40,740 [INFO] ====== Current epoch 11 ======
2026-07-20 13:11:40,740 [INFO] Learning rate: 0.0001
2026-07-20 13:11:42,517 [INFO] [0/1057] | Loss: 7.033 | PSNR: 28.519 | MSE: 0.00140640 | BPP: 0.1263 | QP: 63
2026-07-20 13:15:28,641 [INFO] [500/1057] | Loss: 3.725 | PSNR: 31.280 | MSE: 0.00074473 | BPP: 0.1130 | QP: 63
2026-07-20 13:19:15,850 [INFO] [1000/1057] | Loss: 3.709 | PSNR: 31.298 | MSE: 0.00074161 | BPP: 0.1133 | QP: 63
2026-07-20 13:19:40,615 [INFO] Train epoch 11: Loss: 3.669 | PSNR: 31.345 | MSE: 0.00073359 | BPP: 0.1136
2026-07-20 13:20:45,456 [INFO] Val epoch 11: Loss: 3.151 | PSNR: 32.006 | MSE: 0.00063004 | BPP: 0.1093
2026-07-20 13:20:49,554 [INFO] Checkpoint epoch 11: best model saved: yes | current loss: 3.151315 | best loss: 3.151315
2026-07-20 13:20:49,554 [INFO] Global step updated to: 12684
2026-07-20 13:20:49,554 [INFO] ====== Current epoch 12 ======
2026-07-20 13:20:49,554 [INFO] Learning rate: 0.0001
2026-07-20 13:20:51,281 [INFO] [0/1057] | Loss: 1.832 | PSNR: 34.363 | MSE: 0.00036623 | BPP: 0.1029 | QP: 63
2026-07-20 13:24:39,129 [INFO] [500/1057] | Loss: 3.551 | PSNR: 31.488 | MSE: 0.00070990 | BPP: 0.1151 | QP: 63
2026-07-20 13:28:25,876 [INFO] [1000/1057] | Loss: 3.595 | PSNR: 31.435 | MSE: 0.00071868 | BPP: 0.1153 | QP: 63
2026-07-20 13:28:50,290 [INFO] Train epoch 12: Loss: 3.509 | PSNR: 31.539 | MSE: 0.00070154 | BPP: 0.1150
2026-07-20 13:29:56,291 [INFO] Val epoch 12: Loss: 3.046 | PSNR: 32.154 | MSE: 0.00060892 | BPP: 0.1080
2026-07-20 13:30:00,501 [INFO] Checkpoint epoch 12: best model saved: yes | current loss: 3.045671 | best loss: 3.045671
2026-07-20 13:30:00,501 [INFO] Global step updated to: 13741
2026-07-20 13:30:00,501 [INFO] ====== Current epoch 13 ======
2026-07-20 13:30:00,501 [INFO] Learning rate: 0.0001
2026-07-20 13:30:02,249 [INFO] [0/1057] | Loss: 3.588 | PSNR: 31.442 | MSE: 0.00071744 | BPP: 0.1129 | QP: 63
2026-07-20 13:33:49,601 [INFO] [500/1057] | Loss: 3.406 | PSNR: 31.669 | MSE: 0.00068088 | BPP: 0.1174 | QP: 63
2026-07-20 13:37:35,184 [INFO] [1000/1057] | Loss: 3.392 | PSNR: 31.687 | MSE: 0.00067810 | BPP: 0.1166 | QP: 63
2026-07-20 13:37:59,504 [INFO] Train epoch 13: Loss: 3.349 | PSNR: 31.742 | MSE: 0.00066952 | BPP: 0.1166
2026-07-20 13:39:08,499 [INFO] Val epoch 13: Loss: 2.977 | PSNR: 32.254 | MSE: 0.00059512 | BPP: 0.1100
2026-07-20 13:39:12,676 [INFO] Checkpoint epoch 13: best model saved: yes | current loss: 2.976704 | best loss: 2.976704
2026-07-20 13:39:12,676 [INFO] Global step updated to: 14798
2026-07-20 13:39:12,676 [INFO] ====== Current epoch 14 ======
2026-07-20 13:39:12,676 [INFO] Learning rate: 0.0001
2026-07-20 13:39:14,381 [INFO] [0/1057] | Loss: 7.064 | PSNR: 28.500 | MSE: 0.00141252 | BPP: 0.1349 | QP: 63
2026-07-20 13:43:01,783 [INFO] [500/1057] | Loss: 3.275 | PSNR: 31.839 | MSE: 0.00065482 | BPP: 0.1175 | QP: 63
2026-07-20 13:46:47,951 [INFO] [1000/1057] | Loss: 3.275 | PSNR: 31.839 | MSE: 0.00065475 | BPP: 0.1169 | QP: 63
2026-07-20 13:47:12,634 [INFO] Train epoch 14: Loss: 3.236 | PSNR: 31.891 | MSE: 0.00064704 | BPP: 0.1169
2026-07-20 13:48:25,362 [INFO] Val epoch 14: Loss: 2.765 | PSNR: 32.575 | MSE: 0.00055273 | BPP: 0.1104
2026-07-20 13:48:29,508 [INFO] Checkpoint epoch 14: best model saved: yes | current loss: 2.764766 | best loss: 2.764766
2026-07-20 13:48:29,508 [INFO] Global step updated to: 15855
2026-07-20 13:48:29,508 [INFO] ====== Current epoch 15 ======
2026-07-20 13:48:29,508 [INFO] Learning rate: 0.0001
2026-07-20 13:48:31,183 [INFO] [0/1057] | Loss: 2.166 | PSNR: 33.635 | MSE: 0.00043299 | BPP: 0.1189 | QP: 63
2026-07-20 13:52:17,766 [INFO] [500/1057] | Loss: 3.208 | PSNR: 31.929 | MSE: 0.00064132 | BPP: 0.1173 | QP: 63
2026-07-20 13:56:05,047 [INFO] [1000/1057] | Loss: 3.176 | PSNR: 31.973 | MSE: 0.00063496 | BPP: 0.1179 | QP: 63
2026-07-20 13:56:30,420 [INFO] Train epoch 15: Loss: 3.138 | PSNR: 32.024 | MSE: 0.00062745 | BPP: 0.1171
2026-07-20 13:57:43,461 [INFO] Val epoch 15: Loss: 2.823 | PSNR: 32.485 | MSE: 0.00056433 | BPP: 0.1116
2026-07-20 13:57:46,265 [INFO] Checkpoint epoch 15: best model saved: no | current loss: 2.822756 | best loss: 2.764766
2026-07-20 13:57:46,265 [INFO] Global step updated to: 16912
2026-07-20 13:57:46,265 [INFO] ====== Current epoch 16 ======
2026-07-20 13:57:46,265 [INFO] Learning rate: 0.0001
2026-07-20 13:57:47,983 [INFO] [0/1057] | Loss: 3.102 | PSNR: 32.075 | MSE: 0.00062016 | BPP: 0.1012 | QP: 63
2026-07-20 14:01:34,950 [INFO] [500/1057] | Loss: 2.926 | PSNR: 32.328 | MSE: 0.00058500 | BPP: 0.1164 | QP: 63
2026-07-20 14:05:21,930 [INFO] [1000/1057] | Loss: 3.022 | PSNR: 32.188 | MSE: 0.00060423 | BPP: 0.1185 | QP: 63
2026-07-20 14:05:46,739 [INFO] Train epoch 16: Loss: 3.072 | PSNR: 32.117 | MSE: 0.00061415 | BPP: 0.1186
2026-07-20 14:06:50,388 [INFO] Val epoch 16: Loss: 2.739 | PSNR: 32.615 | MSE: 0.00054767 | BPP: 0.1133
2026-07-20 14:06:54,429 [INFO] Checkpoint epoch 16: best model saved: yes | current loss: 2.739458 | best loss: 2.739458
2026-07-20 14:06:54,429 [INFO] Global step updated to: 17969
2026-07-20 14:06:54,429 [INFO] ====== Current epoch 17 ======
2026-07-20 14:06:54,429 [INFO] Learning rate: 0.0001
2026-07-20 14:06:56,095 [INFO] [0/1057] | Loss: 2.845 | PSNR: 32.450 | MSE: 0.00056884 | BPP: 0.1135 | QP: 63
2026-07-20 14:10:43,350 [INFO] [500/1057] | Loss: 2.934 | PSNR: 32.316 | MSE: 0.00058666 | BPP: 0.1193 | QP: 63
2026-07-20 14:14:30,664 [INFO] [1000/1057] | Loss: 2.980 | PSNR: 32.250 | MSE: 0.00059567 | BPP: 0.1208 | QP: 63
2026-07-20 14:14:55,381 [INFO] Train epoch 17: Loss: 2.958 | PSNR: 32.282 | MSE: 0.00059129 | BPP: 0.1213
2026-07-20 14:15:59,414 [INFO] Val epoch 17: Loss: 2.656 | PSNR: 32.750 | MSE: 0.00053089 | BPP: 0.1148
2026-07-20 14:16:03,381 [INFO] Checkpoint epoch 17: best model saved: yes | current loss: 2.655598 | best loss: 2.655598
2026-07-20 14:16:03,381 [INFO] Global step updated to: 19026
2026-07-20 14:16:03,381 [INFO] ====== Current epoch 18 ======
2026-07-20 14:16:03,381 [INFO] Learning rate: 0.0001
2026-07-20 14:16:05,074 [INFO] [0/1057] | Loss: 1.714 | PSNR: 34.652 | MSE: 0.00034260 | BPP: 0.1325 | QP: 63
2026-07-20 14:19:52,093 [INFO] [500/1057] | Loss: 2.891 | PSNR: 32.381 | MSE: 0.00057791 | BPP: 0.1228 | QP: 63
2026-07-20 14:23:39,672 [INFO] [1000/1057] | Loss: 2.927 | PSNR: 32.328 | MSE: 0.00058507 | BPP: 0.1230 | QP: 63
2026-07-20 14:24:04,647 [INFO] Train epoch 18: Loss: 2.853 | PSNR: 32.439 | MSE: 0.00057030 | BPP: 0.1219
2026-07-20 14:25:09,921 [INFO] Val epoch 18: Loss: 2.477 | PSNR: 33.052 | MSE: 0.00049519 | BPP: 0.1153
2026-07-20 14:25:13,993 [INFO] Checkpoint epoch 18: best model saved: yes | current loss: 2.477079 | best loss: 2.477079
2026-07-20 14:25:13,993 [INFO] Global step updated to: 20083
2026-07-20 14:25:13,993 [INFO] ====== Current epoch 19 ======
2026-07-20 14:25:13,993 [INFO] Learning rate: 0.0001
2026-07-20 14:25:15,763 [INFO] [0/1057] | Loss: 3.031 | PSNR: 32.175 | MSE: 0.00060599 | BPP: 0.1372 | QP: 63
2026-07-20 14:29:02,589 [INFO] [500/1057] | Loss: 2.875 | PSNR: 32.405 | MSE: 0.00057475 | BPP: 0.1241 | QP: 63
2026-07-20 14:32:49,061 [INFO] [1000/1057] | Loss: 2.804 | PSNR: 32.513 | MSE: 0.00056062 | BPP: 0.1235 | QP: 63
2026-07-20 14:33:13,493 [INFO] Train epoch 19: Loss: 2.788 | PSNR: 32.539 | MSE: 0.00055735 | BPP: 0.1228
2026-07-20 14:34:21,029 [INFO] Val epoch 19: Loss: 2.418 | PSNR: 33.157 | MSE: 0.00048345 | BPP: 0.1168
2026-07-20 14:34:25,335 [INFO] Checkpoint epoch 19: best model saved: yes | current loss: 2.418403 | best loss: 2.418403
2026-07-20 14:34:25,335 [INFO] Global step updated to: 21140
2026-07-20 14:34:25,335 [INFO] ====== Current epoch 20 ======
2026-07-20 14:34:25,336 [INFO] Learning rate: 0.0001
2026-07-20 14:34:27,051 [INFO] [0/1057] | Loss: 0.900 | PSNR: 30.046 | MSE: 0.00098953 | BPP: 0.1404 | QP: 63
2026-07-20 14:38:14,921 [INFO] [500/1057] | Loss: 0.504 | PSNR: 32.604 | MSE: 0.00054903 | BPP: 0.0823 | QP: 63
2026-07-20 14:42:01,487 [INFO] [1000/1057] | Loss: 0.499 | PSNR: 32.568 | MSE: 0.00055360 | BPP: 0.0735 | QP: 63
2026-07-20 14:42:25,752 [INFO] Train epoch 20: Loss: 0.502 | PSNR: 32.535 | MSE: 0.00055787 | BPP: 0.0731
2026-07-20 14:43:34,527 [INFO] Val epoch 20: Loss: 0.433 | PSNR: 33.122 | MSE: 0.00048732 | BPP: 0.0585
2026-07-20 14:43:38,973 [INFO] Checkpoint epoch 20: best model saved: yes | current loss: 0.432731 | best loss: 0.432731
2026-07-20 14:43:38,974 [INFO] Global step updated to: 22197
2026-07-20 14:43:38,974 [INFO] ====== Current epoch 21 ======
2026-07-20 14:43:38,974 [INFO] Learning rate: 0.0001
2026-07-20 14:43:40,705 [INFO] [0/1057] | Loss: 0.646 | PSNR: 31.239 | MSE: 0.00075179 | BPP: 0.0683 | QP: 63
2026-07-20 14:47:29,598 [INFO] [500/1057] | Loss: 0.482 | PSNR: 32.607 | MSE: 0.00054864 | BPP: 0.0609 | QP: 63
2026-07-20 14:51:14,647 [INFO] [1000/1057] | Loss: 0.475 | PSNR: 32.672 | MSE: 0.00054046 | BPP: 0.0599 | QP: 63
2026-07-20 14:51:39,006 [INFO] Train epoch 21: Loss: 0.481 | PSNR: 32.609 | MSE: 0.00054846 | BPP: 0.0599
2026-07-20 14:52:41,099 [INFO] Val epoch 21: Loss: 0.440 | PSNR: 32.994 | MSE: 0.00050191 | BPP: 0.0549
2026-07-20 14:52:43,708 [INFO] Checkpoint epoch 21: best model saved: no | current loss: 0.440320 | best loss: 0.432731
2026-07-20 14:52:43,709 [INFO] Global step updated to: 23254
2026-07-20 14:52:43,709 [INFO] ====== Current epoch 22 ======
2026-07-20 14:52:43,709 [INFO] Learning rate: 0.0001
2026-07-20 14:52:45,301 [INFO] [0/1057] | Loss: 0.196 | PSNR: 36.929 | MSE: 0.00020281 | BPP: 0.0399 | QP: 63
2026-07-20 14:56:32,722 [INFO] [500/1057] | Loss: 0.473 | PSNR: 32.663 | MSE: 0.00054157 | BPP: 0.0574 | QP: 63
2026-07-20 15:00:19,636 [INFO] [1000/1057] | Loss: 0.470 | PSNR: 32.697 | MSE: 0.00053743 | BPP: 0.0573 | QP: 63
2026-07-20 15:00:44,584 [INFO] Train epoch 22: Loss: 0.471 | PSNR: 32.686 | MSE: 0.00053874 | BPP: 0.0574
2026-07-20 15:01:46,401 [INFO] Val epoch 22: Loss: 0.414 | PSNR: 33.271 | MSE: 0.00047088 | BPP: 0.0524
2026-07-20 15:01:50,433 [INFO] Checkpoint epoch 22: best model saved: yes | current loss: 0.414027 | best loss: 0.414027
2026-07-20 15:01:50,434 [INFO] Global step updated to: 24311
2026-07-20 15:01:50,434 [INFO] ====== Current epoch 23 ======
2026-07-20 15:01:50,434 [INFO] Learning rate: 0.0001
2026-07-20 15:01:52,115 [INFO] [0/1057] | Loss: 0.483 | PSNR: 32.425 | MSE: 0.00057219 | BPP: 0.0440 | QP: 63
2026-07-20 15:05:38,332 [INFO] [500/1057] | Loss: 0.479 | PSNR: 32.608 | MSE: 0.00054852 | BPP: 0.0573 | QP: 63
2026-07-20 15:09:24,044 [INFO] [1000/1057] | Loss: 0.468 | PSNR: 32.708 | MSE: 0.00053598 | BPP: 0.0563 | QP: 63
2026-07-20 15:09:48,626 [INFO] Train epoch 23: Loss: 0.460 | PSNR: 32.794 | MSE: 0.00052552 | BPP: 0.0561
2026-07-20 15:10:50,111 [INFO] Val epoch 23: Loss: 0.401 | PSNR: 33.414 | MSE: 0.00045565 | BPP: 0.0513
2026-07-20 15:10:54,190 [INFO] Checkpoint epoch 23: best model saved: yes | current loss: 0.401237 | best loss: 0.401237
2026-07-20 15:10:54,190 [INFO] Global step updated to: 25368
2026-07-20 15:10:54,190 [INFO] ====== Current epoch 24 ======
2026-07-20 15:10:54,190 [INFO] Learning rate: 0.0001
2026-07-20 15:10:55,764 [INFO] [0/1057] | Loss: 0.346 | PSNR: 34.113 | MSE: 0.00038785 | BPP: 0.0483 | QP: 63
2026-07-20 15:14:41,761 [INFO] [500/1057] | Loss: 0.445 | PSNR: 32.948 | MSE: 0.00050719 | BPP: 0.0554 | QP: 63
2026-07-20 15:18:27,234 [INFO] [1000/1057] | Loss: 0.450 | PSNR: 32.894 | MSE: 0.00051359 | BPP: 0.0557 | QP: 63
2026-07-20 15:18:51,888 [INFO] Train epoch 24: Loss: 0.450 | PSNR: 32.889 | MSE: 0.00051415 | BPP: 0.0556
2026-07-20 15:19:53,236 [INFO] Val epoch 24: Loss: 0.409 | PSNR: 33.320 | MSE: 0.00046554 | BPP: 0.0519
2026-07-20 15:19:55,563 [INFO] Checkpoint epoch 24: best model saved: no | current loss: 0.409411 | best loss: 0.401237
2026-07-20 15:19:55,564 [INFO] Global step updated to: 26425
2026-07-20 15:19:55,564 [INFO] ====== Current epoch 25 ======
2026-07-20 15:19:55,564 [INFO] Learning rate: 0.0001
2026-07-20 15:19:57,270 [INFO] [0/1057] | Loss: 0.928 | PSNR: 29.506 | MSE: 0.00112053 | BPP: 0.0678 | QP: 63
2026-07-20 15:23:42,396 [INFO] [500/1057] | Loss: 0.460 | PSNR: 32.786 | MSE: 0.00052647 | BPP: 0.0554 | QP: 63
2026-07-20 15:27:29,002 [INFO] [1000/1057] | Loss: 0.455 | PSNR: 32.840 | MSE: 0.00052001 | BPP: 0.0559 | QP: 63
2026-07-20 15:27:53,554 [INFO] Train epoch 25: Loss: 0.442 | PSNR: 32.976 | MSE: 0.00050394 | BPP: 0.0551
2026-07-20 15:28:56,034 [INFO] Val epoch 25: Loss: 0.388 | PSNR: 33.570 | MSE: 0.00043957 | BPP: 0.0505
2026-07-20 15:29:00,096 [INFO] Checkpoint epoch 25: best model saved: yes | current loss: 0.388107 | best loss: 0.388107
2026-07-20 15:29:00,096 [INFO] Global step updated to: 27482
2026-07-20 15:29:00,096 [INFO] ====== Current epoch 26 ======
2026-07-20 15:29:00,096 [INFO] Learning rate: 0.0001
2026-07-20 15:29:01,805 [INFO] [0/1057] | Loss: 0.317 | PSNR: 34.603 | MSE: 0.00034652 | BPP: 0.0511 | QP: 63
2026-07-20 15:32:47,496 [INFO] [500/1057] | Loss: 0.423 | PSNR: 33.187 | MSE: 0.00048004 | BPP: 0.0542 | QP: 63
2026-07-20 15:36:32,998 [INFO] [1000/1057] | Loss: 0.429 | PSNR: 33.121 | MSE: 0.00048746 | BPP: 0.0545 | QP: 63
2026-07-20 15:36:57,394 [INFO] Train epoch 26: Loss: 0.433 | PSNR: 33.081 | MSE: 0.00049191 | BPP: 0.0548
2026-07-20 15:38:00,713 [INFO] Val epoch 26: Loss: 0.387 | PSNR: 33.589 | MSE: 0.00043763 | BPP: 0.0509
2026-07-20 15:38:04,502 [INFO] Checkpoint epoch 26: best model saved: yes | current loss: 0.386960 | best loss: 0.386960
2026-07-20 15:38:04,502 [INFO] Global step updated to: 28539
2026-07-20 15:38:04,502 [INFO] ====== Current epoch 27 ======
2026-07-20 15:38:04,502 [INFO] Learning rate: 0.0001
2026-07-20 15:38:06,167 [INFO] [0/1057] | Loss: 0.589 | PSNR: 31.634 | MSE: 0.00068644 | BPP: 0.0619 | QP: 63
2026-07-20 15:41:52,003 [INFO] [500/1057] | Loss: 0.448 | PSNR: 32.925 | MSE: 0.00050990 | BPP: 0.0559 | QP: 63
2026-07-20 15:45:37,012 [INFO] [1000/1057] | Loss: 0.439 | PSNR: 33.012 | MSE: 0.00049976 | BPP: 0.0551 | QP: 63
2026-07-20 15:46:01,666 [INFO] Train epoch 27: Loss: 0.430 | PSNR: 33.112 | MSE: 0.00048840 | BPP: 0.0545
2026-07-20 15:47:04,615 [INFO] Val epoch 27: Loss: 0.376 | PSNR: 33.725 | MSE: 0.00042417 | BPP: 0.0498
2026-07-20 15:47:08,396 [INFO] Checkpoint epoch 27: best model saved: yes | current loss: 0.375608 | best loss: 0.375608
2026-07-20 15:47:08,396 [INFO] Global step updated to: 29596
2026-07-20 15:47:08,396 [INFO] ====== Current epoch 28 ======
2026-07-20 15:47:08,396 [INFO] Learning rate: 0.0001
2026-07-20 15:47:10,072 [INFO] [0/1057] | Loss: 0.416 | PSNR: 33.243 | MSE: 0.00047394 | BPP: 0.0521 | QP: 63
2026-07-20 15:50:55,164 [INFO] [500/1057] | Loss: 0.422 | PSNR: 33.196 | MSE: 0.00047904 | BPP: 0.0542 | QP: 63
2026-07-20 15:54:41,589 [INFO] [1000/1057] | Loss: 0.417 | PSNR: 33.252 | MSE: 0.00047294 | BPP: 0.0537 | QP: 63
2026-07-20 15:55:05,798 [INFO] Train epoch 28: Loss: 0.425 | PSNR: 33.162 | MSE: 0.00048278 | BPP: 0.0540
2026-07-20 15:56:06,256 [INFO] Val epoch 28: Loss: 0.367 | PSNR: 33.826 | MSE: 0.00041434 | BPP: 0.0490
2026-07-20 15:56:09,933 [INFO] Checkpoint epoch 28: best model saved: yes | current loss: 0.367263 | best loss: 0.367263
2026-07-20 15:56:09,933 [INFO] Global step updated to: 30653
2026-07-20 15:56:09,933 [INFO] ====== Current epoch 29 ======
2026-07-20 15:56:09,933 [INFO] Learning rate: 0.0001
2026-07-20 15:56:11,499 [INFO] [0/1057] | Loss: 0.263 | PSNR: 35.349 | MSE: 0.00029181 | BPP: 0.0386 | QP: 63
2026-07-20 15:59:57,606 [INFO] [500/1057] | Loss: 0.411 | PSNR: 33.323 | MSE: 0.00046528 | BPP: 0.0537 | QP: 63
2026-07-20 16:03:43,500 [INFO] [1000/1057] | Loss: 0.424 | PSNR: 33.176 | MSE: 0.00048124 | BPP: 0.0540 | QP: 63
2026-07-20 16:04:08,126 [INFO] Train epoch 29: Loss: 0.418 | PSNR: 33.232 | MSE: 0.00047515 | BPP: 0.0535
2026-07-20 16:05:11,602 [INFO] Val epoch 29: Loss: 0.369 | PSNR: 33.803 | MSE: 0.00041655 | BPP: 0.0494
2026-07-20 16:05:14,659 [INFO] Checkpoint epoch 29: best model saved: no | current loss: 0.369345 | best loss: 0.367263
2026-07-20 16:05:14,659 [INFO] Global step updated to: 31710
2026-07-20 16:05:14,659 [INFO] ====== Current epoch 30 ======
2026-07-20 16:05:14,659 [INFO] Learning rate: 0.0001
2026-07-20 16:05:16,312 [INFO] [0/1057] | Loss: 0.494 | PSNR: 32.471 | MSE: 0.00056616 | BPP: 0.0590 | QP: 63
2026-07-20 16:09:02,133 [INFO] [500/1057] | Loss: 0.421 | PSNR: 33.200 | MSE: 0.00047862 | BPP: 0.0538 | QP: 63
2026-07-20 16:12:47,736 [INFO] [1000/1057] | Loss: 0.413 | PSNR: 33.292 | MSE: 0.00046862 | BPP: 0.0532 | QP: 63
2026-07-20 16:13:12,267 [INFO] Train epoch 30: Loss: 0.412 | PSNR: 33.307 | MSE: 0.00046698 | BPP: 0.0532
2026-07-20 16:14:14,138 [INFO] Val epoch 30: Loss: 0.379 | PSNR: 33.687 | MSE: 0.00042787 | BPP: 0.0504
2026-07-20 16:14:16,605 [INFO] Checkpoint epoch 30: best model saved: no | current loss: 0.379042 | best loss: 0.367263
2026-07-20 16:14:16,605 [INFO] Global step updated to: 32767
2026-07-20 16:14:16,605 [INFO] ====== Current epoch 31 ======
2026-07-20 16:14:16,605 [INFO] Learning rate: 0.0001
2026-07-20 16:14:18,371 [INFO] [0/1057] | Loss: 0.231 | PSNR: 36.040 | MSE: 0.00024886 | BPP: 0.0394 | QP: 63
2026-07-20 16:18:04,096 [INFO] [500/1057] | Loss: 0.426 | PSNR: 33.136 | MSE: 0.00048576 | BPP: 0.0529 | QP: 63
2026-07-20 16:21:55,181 [INFO] [1000/1057] | Loss: 0.416 | PSNR: 33.255 | MSE: 0.00047257 | BPP: 0.0529 | QP: 63
2026-07-20 16:22:19,925 [INFO] Train epoch 31: Loss: 0.408 | PSNR: 33.352 | MSE: 0.00046220 | BPP: 0.0530
2026-07-20 16:23:20,884 [INFO] Val epoch 31: Loss: 0.359 | PSNR: 33.945 | MSE: 0.00040317 | BPP: 0.0489
2026-07-20 16:23:24,581 [INFO] Checkpoint epoch 31: best model saved: yes | current loss: 0.358559 | best loss: 0.358559
2026-07-20 16:23:24,582 [INFO] Global step updated to: 33824
2026-07-20 16:23:24,582 [INFO] ====== Current epoch 32 ======
2026-07-20 16:23:24,582 [INFO] Learning rate: 0.0001
2026-07-20 16:23:26,236 [INFO] [0/1057] | Loss: 0.463 | PSNR: 32.797 | MSE: 0.00052518 | BPP: 0.0595 | QP: 63
2026-07-20 16:27:14,859 [INFO] [500/1057] | Loss: 0.398 | PSNR: 33.467 | MSE: 0.00045011 | BPP: 0.0527 | QP: 63
2026-07-20 16:31:01,793 [INFO] [1000/1057] | Loss: 0.398 | PSNR: 33.462 | MSE: 0.00045057 | BPP: 0.0522 | QP: 63
2026-07-20 16:31:26,305 [INFO] Train epoch 32: Loss: 0.404 | PSNR: 33.395 | MSE: 0.00045764 | BPP: 0.0527
2026-07-20 16:32:27,118 [INFO] Val epoch 32: Loss: 0.360 | PSNR: 33.915 | MSE: 0.00040594 | BPP: 0.0484
2026-07-20 16:32:29,698 [INFO] Checkpoint epoch 32: best model saved: no | current loss: 0.360125 | best loss: 0.358559
2026-07-20 16:32:29,698 [INFO] Global step updated to: 34881
2026-07-20 16:32:29,698 [INFO] ====== Current epoch 33 ======
2026-07-20 16:32:29,698 [INFO] Learning rate: 0.0001
2026-07-20 16:32:31,416 [INFO] [0/1057] | Loss: 0.213 | PSNR: 36.569 | MSE: 0.00022036 | BPP: 0.0440 | QP: 63
2026-07-20 16:36:18,628 [INFO] [500/1057] | Loss: 0.408 | PSNR: 33.355 | MSE: 0.00046185 | BPP: 0.0529 | QP: 63
2026-07-20 16:40:05,547 [INFO] [1000/1057] | Loss: 0.404 | PSNR: 33.402 | MSE: 0.00045684 | BPP: 0.0527 | QP: 63
2026-07-20 16:40:30,530 [INFO] Train epoch 33: Loss: 0.401 | PSNR: 33.426 | MSE: 0.00045438 | BPP: 0.0525
2026-07-20 16:41:31,333 [INFO] Val epoch 33: Loss: 0.362 | PSNR: 33.896 | MSE: 0.00040778 | BPP: 0.0485
2026-07-20 16:41:33,798 [INFO] Checkpoint epoch 33: best model saved: no | current loss: 0.361722 | best loss: 0.358559
2026-07-20 16:41:33,798 [INFO] Global step updated to: 35938
2026-07-20 16:41:33,798 [INFO] ====== Current epoch 34 ======
2026-07-20 16:41:33,798 [INFO] Learning rate: 0.0001
2026-07-20 16:41:35,496 [INFO] [0/1057] | Loss: 0.229 | PSNR: 36.124 | MSE: 0.00024414 | BPP: 0.0412 | QP: 63
2026-07-20 16:45:22,524 [INFO] [500/1057] | Loss: 0.407 | PSNR: 33.357 | MSE: 0.00046160 | BPP: 0.0525 | QP: 63
2026-07-20 16:49:10,033 [INFO] [1000/1057] | Loss: 0.400 | PSNR: 33.442 | MSE: 0.00045269 | BPP: 0.0522 | QP: 63
2026-07-20 16:49:34,888 [INFO] Train epoch 34: Loss: 0.395 | PSNR: 33.502 | MSE: 0.00044651 | BPP: 0.0523
2026-07-20 16:50:35,823 [INFO] Val epoch 34: Loss: 0.352 | PSNR: 34.033 | MSE: 0.00039507 | BPP: 0.0484
2026-07-20 16:50:39,769 [INFO] Checkpoint epoch 34: best model saved: yes | current loss: 0.351827 | best loss: 0.351827
2026-07-20 16:50:39,769 [INFO] Global step updated to: 36995
2026-07-20 16:50:39,769 [INFO] ====== Current epoch 35 ======
2026-07-20 16:50:39,769 [INFO] Learning rate: 0.0001
2026-07-20 16:50:41,450 [INFO] [0/1057] | Loss: 0.680 | PSNR: 31.053 | MSE: 0.00078471 | BPP: 0.0778 | QP: 63
2026-07-20 16:54:27,156 [INFO] [500/1057] | Loss: 0.380 | PSNR: 33.697 | MSE: 0.00042687 | BPP: 0.0518 | QP: 63
2026-07-20 16:58:13,476 [INFO] [1000/1057] | Loss: 0.379 | PSNR: 33.703 | MSE: 0.00042628 | BPP: 0.0518 | QP: 63
2026-07-20 16:58:38,203 [INFO] Train epoch 35: Loss: 0.391 | PSNR: 33.553 | MSE: 0.00044123 | BPP: 0.0522
2026-07-20 16:59:39,302 [INFO] Val epoch 35: Loss: 0.349 | PSNR: 34.081 | MSE: 0.00039075 | BPP: 0.0487
2026-07-20 16:59:42,996 [INFO] Checkpoint epoch 35: best model saved: yes | current loss: 0.348803 | best loss: 0.348803
2026-07-20 16:59:42,996 [INFO] Global step updated to: 38052
2026-07-20 16:59:42,996 [INFO] ====== Current epoch 36 ======
2026-07-20 16:59:42,996 [INFO] Learning rate: 0.0001
2026-07-20 16:59:44,510 [INFO] [0/1057] | Loss: 0.185 | PSNR: 37.279 | MSE: 0.00018711 | BPP: 0.0410 | QP: 63
2026-07-20 17:03:29,331 [INFO] [500/1057] | Loss: 0.387 | PSNR: 33.602 | MSE: 0.00043631 | BPP: 0.0521 | QP: 63
2026-07-20 17:07:15,715 [INFO] [1000/1057] | Loss: 0.383 | PSNR: 33.651 | MSE: 0.00043138 | BPP: 0.0521 | QP: 63
2026-07-20 17:07:40,635 [INFO] Train epoch 36: Loss: 0.388 | PSNR: 33.597 | MSE: 0.00043684 | BPP: 0.0523
2026-07-20 17:08:41,779 [INFO] Val epoch 36: Loss: 0.351 | PSNR: 34.044 | MSE: 0.00039410 | BPP: 0.0486
2026-07-20 17:08:44,101 [INFO] Checkpoint epoch 36: best model saved: no | current loss: 0.351259 | best loss: 0.348803
2026-07-20 17:08:44,102 [INFO] Global step updated to: 39109
2026-07-20 17:08:44,102 [INFO] ====== Current epoch 37 ======
2026-07-20 17:08:44,102 [INFO] Learning rate: 0.0001
2026-07-20 17:08:45,873 [INFO] [0/1057] | Loss: 0.362 | PSNR: 34.044 | MSE: 0.00039413 | BPP: 0.0591 | QP: 63
2026-07-20 17:12:31,566 [INFO] [500/1057] | Loss: 0.384 | PSNR: 33.648 | MSE: 0.00043168 | BPP: 0.0524 | QP: 63
2026-07-20 17:16:17,954 [INFO] [1000/1057] | Loss: 0.386 | PSNR: 33.621 | MSE: 0.00043436 | BPP: 0.0525 | QP: 63
2026-07-20 17:16:42,893 [INFO] Train epoch 37: Loss: 0.384 | PSNR: 33.650 | MSE: 0.00043156 | BPP: 0.0525
2026-07-20 17:17:43,662 [INFO] Val epoch 37: Loss: 0.344 | PSNR: 34.139 | MSE: 0.00038556 | BPP: 0.0483
2026-07-20 17:17:47,316 [INFO] Checkpoint epoch 37: best model saved: yes | current loss: 0.344369 | best loss: 0.344369
2026-07-20 17:17:47,316 [INFO] Global step updated to: 40166
2026-07-20 17:17:47,316 [INFO] ====== Current epoch 38 ======
2026-07-20 17:17:47,317 [INFO] Learning rate: 0.0001
2026-07-20 17:17:48,992 [INFO] [0/1057] | Loss: 0.224 | PSNR: 36.267 | MSE: 0.00023619 | BPP: 0.0431 | QP: 63
2026-07-20 17:21:35,236 [INFO] [500/1057] | Loss: 0.371 | PSNR: 33.797 | MSE: 0.00041713 | BPP: 0.0511 | QP: 63
2026-07-20 17:25:22,039 [INFO] [1000/1057] | Loss: 0.374 | PSNR: 33.767 | MSE: 0.00042002 | BPP: 0.0517 | QP: 63
2026-07-20 17:25:46,087 [INFO] Train epoch 38: Loss: 0.381 | PSNR: 33.687 | MSE: 0.00042785 | BPP: 0.0524
2026-07-20 17:26:47,389 [INFO] Val epoch 38: Loss: 0.338 | PSNR: 34.250 | MSE: 0.00037588 | BPP: 0.0490
2026-07-20 17:26:51,154 [INFO] Checkpoint epoch 38: best model saved: yes | current loss: 0.337647 | best loss: 0.337647
2026-07-20 17:26:51,154 [INFO] Global step updated to: 41223
2026-07-20 17:26:51,154 [INFO] ====== Current epoch 39 ======
2026-07-20 17:26:51,154 [INFO] Learning rate: 0.0001
2026-07-20 17:26:52,768 [INFO] [0/1057] | Loss: 0.268 | PSNR: 35.455 | MSE: 0.00028479 | BPP: 0.0494 | QP: 63
2026-07-20 17:30:39,663 [INFO] [500/1057] | Loss: 0.375 | PSNR: 33.763 | MSE: 0.00042045 | BPP: 0.0525 | QP: 63
2026-07-20 17:34:26,136 [INFO] [1000/1057] | Loss: 0.377 | PSNR: 33.736 | MSE: 0.00042306 | BPP: 0.0524 | QP: 63
2026-07-20 17:34:49,799 [INFO] Train epoch 39: Loss: 0.375 | PSNR: 33.766 | MSE: 0.00042013 | BPP: 0.0522
2026-07-20 17:35:51,468 [INFO] Val epoch 39: Loss: 0.327 | PSNR: 34.401 | MSE: 0.00036297 | BPP: 0.0478
2026-07-20 17:35:55,184 [INFO] Checkpoint epoch 39: best model saved: yes | current loss: 0.326555 | best loss: 0.326555
2026-07-20 17:35:55,185 [INFO] Global step updated to: 42280
2026-07-20 17:35:55,185 [INFO] ====== Current epoch 40 ======
2026-07-20 17:35:55,185 [INFO] Learning rate: 0.0001
2026-07-20 17:35:56,931 [INFO] [0/1057] | Loss: 0.308 | PSNR: 34.709 | MSE: 0.00033815 | BPP: 0.0481 | QP: 63
2026-07-20 17:39:43,919 [INFO] [500/1057] | Loss: 0.368 | PSNR: 33.853 | MSE: 0.00041185 | BPP: 0.0522 | QP: 63
2026-07-20 17:43:31,178 [INFO] [1000/1057] | Loss: 0.365 | PSNR: 33.892 | MSE: 0.00040813 | BPP: 0.0520 | QP: 63
2026-07-20 17:43:55,633 [INFO] Train epoch 40: Loss: 0.374 | PSNR: 33.780 | MSE: 0.00041880 | BPP: 0.0523
2026-07-20 17:44:56,909 [INFO] Val epoch 40: Loss: 0.331 | PSNR: 34.345 | MSE: 0.00036774 | BPP: 0.0484
2026-07-20 17:44:59,255 [INFO] Checkpoint epoch 40: best model saved: no | current loss: 0.330808 | best loss: 0.326555
2026-07-20 17:44:59,256 [INFO] Global step updated to: 43337
2026-07-20 17:44:59,256 [INFO] ====== Current epoch 41 ======
2026-07-20 17:44:59,256 [INFO] Learning rate: 0.0001
2026-07-20 17:45:00,960 [INFO] [0/1057] | Loss: 0.423 | PSNR: 33.270 | MSE: 0.00047094 | BPP: 0.0611 | QP: 63
2026-07-20 17:48:47,415 [INFO] [500/1057] | Loss: 0.372 | PSNR: 33.809 | MSE: 0.00041601 | BPP: 0.0524 | QP: 63
2026-07-20 17:52:31,803 [INFO] [1000/1057] | Loss: 0.365 | PSNR: 33.894 | MSE: 0.00040794 | BPP: 0.0522 | QP: 63
2026-07-20 17:52:56,191 [INFO] Train epoch 41: Loss: 0.369 | PSNR: 33.851 | MSE: 0.00041197 | BPP: 0.0522
2026-07-20 17:53:57,540 [INFO] Val epoch 41: Loss: 0.320 | PSNR: 34.507 | MSE: 0.00035425 | BPP: 0.0481
2026-07-20 17:54:01,294 [INFO] Checkpoint epoch 41: best model saved: yes | current loss: 0.320126 | best loss: 0.320126
2026-07-20 17:54:01,294 [INFO] Global step updated to: 44394
2026-07-20 17:54:01,294 [INFO] ====== Current epoch 42 ======
2026-07-20 17:54:01,294 [INFO] Learning rate: 0.0001
2026-07-20 17:54:02,890 [INFO] [0/1057] | Loss: 0.214 | PSNR: 36.608 | MSE: 0.00021838 | BPP: 0.0465 | QP: 63
2026-07-20 17:57:49,143 [INFO] [500/1057] | Loss: 0.367 | PSNR: 33.870 | MSE: 0.00041016 | BPP: 0.0520 | QP: 63
2026-07-20 18:01:35,204 [INFO] [1000/1057] | Loss: 0.365 | PSNR: 33.902 | MSE: 0.00040717 | BPP: 0.0521 | QP: 63
2026-07-20 18:01:59,981 [INFO] Train epoch 42: Loss: 0.367 | PSNR: 33.879 | MSE: 0.00040938 | BPP: 0.0524
2026-07-20 18:03:01,296 [INFO] Val epoch 42: Loss: 0.338 | PSNR: 34.252 | MSE: 0.00037566 | BPP: 0.0493
2026-07-20 18:03:03,857 [INFO] Checkpoint epoch 42: best model saved: no | current loss: 0.337810 | best loss: 0.320126
2026-07-20 18:03:03,858 [INFO] Global step updated to: 45451
2026-07-20 18:03:03,858 [INFO] ====== Current epoch 43 ======
2026-07-20 18:03:03,858 [INFO] Learning rate: 0.0001
2026-07-20 18:03:05,433 [INFO] [0/1057] | Loss: 0.925 | PSNR: 29.611 | MSE: 0.00109379 | BPP: 0.0852 | QP: 63
2026-07-20 18:06:50,496 [INFO] [500/1057] | Loss: 0.363 | PSNR: 33.934 | MSE: 0.00040420 | BPP: 0.0523 | QP: 63
2026-07-20 18:10:37,287 [INFO] [1000/1057] | Loss: 0.359 | PSNR: 33.982 | MSE: 0.00039977 | BPP: 0.0522 | QP: 63
2026-07-20 18:11:02,232 [INFO] Train epoch 43: Loss: 0.362 | PSNR: 33.938 | MSE: 0.00040381 | BPP: 0.0524
2026-07-20 18:12:02,731 [INFO] Val epoch 43: Loss: 0.319 | PSNR: 34.525 | MSE: 0.00035281 | BPP: 0.0480
2026-07-20 18:12:06,475 [INFO] Checkpoint epoch 43: best model saved: yes | current loss: 0.318922 | best loss: 0.318922
2026-07-20 18:12:06,475 [INFO] Global step updated to: 46508
2026-07-20 18:12:06,475 [INFO] ====== Current epoch 44 ======
2026-07-20 18:12:06,475 [INFO] Learning rate: 0.0001
2026-07-20 18:12:08,017 [INFO] [0/1057] | Loss: 0.428 | PSNR: 33.170 | MSE: 0.00048193 | BPP: 0.0574 | QP: 63
2026-07-20 18:15:53,754 [INFO] [500/1057] | Loss: 0.360 | PSNR: 33.960 | MSE: 0.00040183 | BPP: 0.0517 | QP: 63
2026-07-20 18:19:39,478 [INFO] [1000/1057] | Loss: 0.356 | PSNR: 34.017 | MSE: 0.00039660 | BPP: 0.0516 | QP: 63
2026-07-20 18:20:04,634 [INFO] Train epoch 44: Loss: 0.359 | PSNR: 33.984 | MSE: 0.00039953 | BPP: 0.0523
2026-07-20 18:21:06,075 [INFO] Val epoch 44: Loss: 0.315 | PSNR: 34.579 | MSE: 0.00034843 | BPP: 0.0479
2026-07-20 18:21:10,003 [INFO] Checkpoint epoch 44: best model saved: yes | current loss: 0.315496 | best loss: 0.315496
2026-07-20 18:21:10,003 [INFO] Global step updated to: 47565
2026-07-20 18:21:10,003 [INFO] ====== Current epoch 45 ======
2026-07-20 18:21:10,003 [INFO] Learning rate: 0.0001
2026-07-20 18:21:11,613 [INFO] [0/1057] | Loss: 0.450 | PSNR: 32.895 | MSE: 0.00051348 | BPP: 0.0553 | QP: 63
2026-07-20 18:24:58,379 [INFO] [500/1057] | Loss: 0.366 | PSNR: 33.900 | MSE: 0.00040738 | BPP: 0.0528 | QP: 63
2026-07-20 18:28:45,546 [INFO] [1000/1057] | Loss: 0.358 | PSNR: 34.009 | MSE: 0.00039733 | BPP: 0.0524 | QP: 63
2026-07-20 18:29:09,933 [INFO] Train epoch 45: Loss: 0.357 | PSNR: 34.016 | MSE: 0.00039665 | BPP: 0.0522
2026-07-20 18:30:12,590 [INFO] Val epoch 45: Loss: 0.329 | PSNR: 34.379 | MSE: 0.00036484 | BPP: 0.0485
2026-07-20 18:30:14,997 [INFO] Checkpoint epoch 45: best model saved: no | current loss: 0.328707 | best loss: 0.315496
2026-07-20 18:30:14,998 [INFO] Global step updated to: 48622
2026-07-20 18:30:14,998 [INFO] ====== Current epoch 46 ======
2026-07-20 18:30:14,998 [INFO] Learning rate: 0.0001
2026-07-20 18:30:16,596 [INFO] [0/1057] | Loss: 0.340 | PSNR: 34.377 | MSE: 0.00036497 | BPP: 0.0597 | QP: 63
2026-07-20 18:34:03,020 [INFO] [500/1057] | Loss: 0.360 | PSNR: 33.960 | MSE: 0.00040176 | BPP: 0.0517 | QP: 63
2026-07-20 18:37:49,353 [INFO] [1000/1057] | Loss: 0.353 | PSNR: 34.063 | MSE: 0.00039240 | BPP: 0.0520 | QP: 63
2026-07-20 18:38:13,609 [INFO] Train epoch 46: Loss: 0.356 | PSNR: 34.033 | MSE: 0.00039505 | BPP: 0.0522
2026-07-20 18:39:15,448 [INFO] Val epoch 46: Loss: 0.312 | PSNR: 34.633 | MSE: 0.00034411 | BPP: 0.0479
2026-07-20 18:39:19,131 [INFO] Checkpoint epoch 46: best model saved: yes | current loss: 0.312132 | best loss: 0.312132
2026-07-20 18:39:19,131 [INFO] Global step updated to: 49679
2026-07-20 18:39:19,131 [INFO] ====== Current epoch 47 ======
2026-07-20 18:39:19,131 [INFO] Learning rate: 0.0001
2026-07-20 18:39:20,822 [INFO] [0/1057] | Loss: 0.087 | PSNR: 40.872 | MSE: 0.00008181 | BPP: 0.0245 | QP: 63
2026-07-20 18:43:07,871 [INFO] [500/1057] | Loss: 0.355 | PSNR: 34.047 | MSE: 0.00039381 | BPP: 0.0530 | QP: 63
2026-07-20 18:46:55,790 [INFO] [1000/1057] | Loss: 0.348 | PSNR: 34.140 | MSE: 0.00038547 | BPP: 0.0523 | QP: 63
2026-07-20 18:47:20,498 [INFO] Train epoch 47: Loss: 0.352 | PSNR: 34.088 | MSE: 0.00039015 | BPP: 0.0522
2026-07-20 18:48:22,616 [INFO] Val epoch 47: Loss: 0.311 | PSNR: 34.656 | MSE: 0.00034228 | BPP: 0.0479
2026-07-20 18:48:26,420 [INFO] Checkpoint epoch 47: best model saved: yes | current loss: 0.310748 | best loss: 0.310748
2026-07-20 18:48:26,420 [INFO] Global step updated to: 50736
2026-07-20 18:48:26,420 [INFO] ====== Current epoch 48 ======
2026-07-20 18:48:26,420 [INFO] Learning rate: 0.0001
2026-07-20 18:48:27,826 [INFO] [0/1057] | Loss: 0.135 | PSNR: 38.509 | MSE: 0.00014096 | BPP: 0.0272 | QP: 63
2026-07-20 18:52:13,841 [INFO] [500/1057] | Loss: 0.199 | PSNR: 32.582 | MSE: 0.00055178 | BPP: 0.0447 | QP: 37
2026-07-20 18:56:00,580 [INFO] [1000/1057] | Loss: 0.200 | PSNR: 32.300 | MSE: 0.00058890 | BPP: 0.0429 | QP: 16
2026-07-20 18:56:24,804 [INFO] Train epoch 48: Loss: 0.203 | PSNR: 32.265 | MSE: 0.00059365 | BPP: 0.0426
2026-07-20 18:57:27,170 [INFO] Val epoch 48: Loss: 0.338 | PSNR: 34.173 | MSE: 0.00038258 | BPP: 0.0443
2026-07-20 18:57:29,490 [INFO] Checkpoint epoch 48: best model saved: no | current loss: 0.338169 | best loss: 0.310748
2026-07-20 18:57:29,490 [INFO] Global step updated to: 51793
2026-07-20 18:57:29,491 [INFO] ====== Current epoch 49 ======
2026-07-20 18:57:29,491 [INFO] Learning rate: 0.0001
2026-07-20 18:57:31,193 [INFO] [0/1057] | Loss: 0.462 | PSNR: 32.697 | MSE: 0.00053734 | BPP: 0.0490 | QP: 63
2026-07-20 19:01:18,495 [INFO] [500/1057] | Loss: 0.210 | PSNR: 31.739 | MSE: 0.00066998 | BPP: 0.0397 | QP: 30
2026-07-20 19:05:05,036 [INFO] [1000/1057] | Loss: 0.204 | PSNR: 31.751 | MSE: 0.00066819 | BPP: 0.0385 | QP: 35
2026-07-20 19:05:29,955 [INFO] Train epoch 49: Loss: 0.204 | PSNR: 31.807 | MSE: 0.00065967 | BPP: 0.0386
2026-07-20 19:06:31,132 [INFO] Val epoch 49: Loss: 0.378 | PSNR: 33.653 | MSE: 0.00043122 | BPP: 0.0465
2026-07-20 19:06:33,560 [INFO] Checkpoint epoch 49: best model saved: no | current loss: 0.377669 | best loss: 0.310748
2026-07-20 19:06:33,560 [INFO] Global step updated to: 52850
2026-07-20 19:06:33,561 [INFO] ====== Current epoch 50 ======
2026-07-20 19:06:33,561 [INFO] Learning rate: 0.0001
2026-07-20 19:06:35,151 [INFO] [0/1057] | Loss: 0.229 | PSNR: 36.261 | MSE: 0.00023654 | BPP: 0.0474 | QP: 63
2026-07-20 19:10:20,621 [INFO] [500/1057] | Loss: 0.213 | PSNR: 31.821 | MSE: 0.00065748 | BPP: 0.0383 | QP: 50
2026-07-20 19:14:05,572 [INFO] [1000/1057] | Loss: 0.208 | PSNR: 31.687 | MSE: 0.00067805 | BPP: 0.0378 | QP: 37
2026-07-20 19:14:30,216 [INFO] Train epoch 50: Loss: 0.205 | PSNR: 31.770 | MSE: 0.00066522 | BPP: 0.0379
2026-07-20 19:15:31,150 [INFO] Val epoch 50: Loss: 0.372 | PSNR: 33.758 | MSE: 0.00042089 | BPP: 0.0486
2026-07-20 19:15:33,542 [INFO] Checkpoint epoch 50: best model saved: no | current loss: 0.371868 | best loss: 0.310748
2026-07-20 19:15:33,542 [INFO] Global step updated to: 53907
2026-07-20 19:15:33,542 [INFO] ====== Current epoch 51 ======
2026-07-20 19:15:33,542 [INFO] Learning rate: 0.0001
2026-07-20 19:15:35,151 [INFO] [0/1057] | Loss: 0.491 | PSNR: 32.498 | MSE: 0.00056262 | BPP: 0.0593 | QP: 63
2026-07-20 19:19:20,935 [INFO] [500/1057] | Loss: 0.193 | PSNR: 31.971 | MSE: 0.00063518 | BPP: 0.0372 | QP: 26
2026-07-20 19:23:06,026 [INFO] [1000/1057] | Loss: 0.204 | PSNR: 31.776 | MSE: 0.00066440 | BPP: 0.0376 | QP: 42
2026-07-20 19:23:31,225 [INFO] Train epoch 51: Loss: 0.200 | PSNR: 31.839 | MSE: 0.00065482 | BPP: 0.0374
2026-07-20 19:24:32,551 [INFO] Val epoch 51: Loss: 0.383 | PSNR: 33.579 | MSE: 0.00043858 | BPP: 0.0459
2026-07-20 19:24:34,923 [INFO] Checkpoint epoch 51: best model saved: no | current loss: 0.382759 | best loss: 0.310748
2026-07-20 19:24:34,924 [INFO] Global step updated to: 54964
2026-07-20 19:24:34,924 [INFO] ====== Current epoch 52 ======
2026-07-20 19:24:34,924 [INFO] Learning rate: 0.0001
2026-07-20 19:24:36,525 [INFO] [0/1057] | Loss: 0.284 | PSNR: 34.954 | MSE: 0.00031962 | BPP: 0.0387 | QP: 63
2026-07-20 19:28:21,886 [INFO] [500/1057] | Loss: 0.205 | PSNR: 31.722 | MSE: 0.00067271 | BPP: 0.0367 | QP: 54
2026-07-20 19:32:07,107 [INFO] [1000/1057] | Loss: 0.205 | PSNR: 31.718 | MSE: 0.00067333 | BPP: 0.0363 | QP: 46
2026-07-20 19:32:32,024 [INFO] Train epoch 52: Loss: 0.200 | PSNR: 31.765 | MSE: 0.00066605 | BPP: 0.0366
2026-07-20 19:33:33,885 [INFO] Val epoch 52: Loss: 0.337 | PSNR: 34.181 | MSE: 0.00038182 | BPP: 0.0441
2026-07-20 19:33:36,407 [INFO] Checkpoint epoch 52: best model saved: no | current loss: 0.337383 | best loss: 0.310748
2026-07-20 19:33:36,408 [INFO] Global step updated to: 56021
2026-07-20 19:33:36,408 [INFO] ====== Current epoch 53 ======
2026-07-20 19:33:36,408 [INFO] Learning rate: 0.0001
2026-07-20 19:33:37,988 [INFO] [0/1057] | Loss: 0.202 | PSNR: 36.653 | MSE: 0.00021610 | BPP: 0.0364 | QP: 63
2026-07-20 19:37:24,082 [INFO] [500/1057] | Loss: 0.198 | PSNR: 32.078 | MSE: 0.00061977 | BPP: 0.0364 | QP: 26
2026-07-20 19:41:09,995 [INFO] [1000/1057] | Loss: 0.195 | PSNR: 31.860 | MSE: 0.00065160 | BPP: 0.0361 | QP: 1
2026-07-20 19:41:34,492 [INFO] Train epoch 53: Loss: 0.200 | PSNR: 31.739 | MSE: 0.00066997 | BPP: 0.0364
2026-07-20 19:42:35,912 [INFO] Val epoch 53: Loss: 0.364 | PSNR: 33.834 | MSE: 0.00041364 | BPP: 0.0463
2026-07-20 19:42:38,471 [INFO] Checkpoint epoch 53: best model saved: no | current loss: 0.363964 | best loss: 0.310748
2026-07-20 19:42:38,472 [INFO] Global step updated to: 57078
2026-07-20 19:42:38,472 [INFO] ====== Current epoch 54 ======
2026-07-20 19:42:38,472 [INFO] Learning rate: 0.0001
2026-07-20 19:42:40,089 [INFO] [0/1057] | Loss: 0.289 | PSNR: 34.971 | MSE: 0.00031838 | BPP: 0.0447 | QP: 63
2026-07-20 19:46:27,210 [INFO] [500/1057] | Loss: 0.200 | PSNR: 31.854 | MSE: 0.00065259 | BPP: 0.0362 | QP: 19
2026-07-20 19:50:13,325 [INFO] [1000/1057] | Loss: 0.194 | PSNR: 31.947 | MSE: 0.00063871 | BPP: 0.0359 | QP: 57
2026-07-20 19:50:37,253 [INFO] Train epoch 54: Loss: 0.198 | PSNR: 31.874 | MSE: 0.00064948 | BPP: 0.0363
2026-07-20 19:51:38,311 [INFO] Val epoch 54: Loss: 0.338 | PSNR: 34.171 | MSE: 0.00038270 | BPP: 0.0442
2026-07-20 19:51:40,828 [INFO] Checkpoint epoch 54: best model saved: no | current loss: 0.338062 | best loss: 0.310748
2026-07-20 19:51:40,828 [INFO] Global step updated to: 58135
2026-07-20 19:51:40,828 [INFO] ====== Current epoch 55 ======
2026-07-20 19:51:40,828 [INFO] Learning rate: 0.0001
2026-07-20 19:51:42,473 [INFO] [0/1057] | Loss: 0.131 | PSNR: 38.536 | MSE: 0.00014009 | BPP: 0.0237 | QP: 63
2026-07-20 19:55:28,005 [INFO] [500/1057] | Loss: 0.213 | PSNR: 31.716 | MSE: 0.00067365 | BPP: 0.0364 | QP: 16
2026-07-20 19:59:15,159 [INFO] [1000/1057] | Loss: 0.201 | PSNR: 31.882 | MSE: 0.00064827 | BPP: 0.0361 | QP: 59
2026-07-20 19:59:39,016 [INFO] Train epoch 55: Loss: 0.204 | PSNR: 31.820 | MSE: 0.00065760 | BPP: 0.0364
2026-07-20 20:00:40,090 [INFO] Val epoch 55: Loss: 0.340 | PSNR: 34.134 | MSE: 0.00038600 | BPP: 0.0433
2026-07-20 20:00:42,705 [INFO] Checkpoint epoch 55: best model saved: no | current loss: 0.339784 | best loss: 0.310748
2026-07-20 20:00:42,705 [INFO] Global step updated to: 59192
2026-07-20 20:00:42,705 [INFO] ====== Current epoch 56 ======
2026-07-20 20:00:42,705 [INFO] Learning rate: 0.0001
2026-07-20 20:00:44,540 [INFO] [0/1057] | Loss: 0.272 | PSNR: 35.392 | MSE: 0.00028894 | BPP: 0.0496 | QP: 63
2026-07-20 20:04:29,956 [INFO] [500/1057] | Loss: 0.194 | PSNR: 31.941 | MSE: 0.00063964 | BPP: 0.0363 | QP: 31
2026-07-20 20:08:16,445 [INFO] [1000/1057] | Loss: 0.201 | PSNR: 31.941 | MSE: 0.00063962 | BPP: 0.0367 | QP: 21
2026-07-20 20:08:40,683 [INFO] Train epoch 56: Loss: 0.202 | PSNR: 31.876 | MSE: 0.00064919 | BPP: 0.0365
2026-07-20 20:09:43,144 [INFO] Val epoch 56: Loss: 0.339 | PSNR: 34.170 | MSE: 0.00038279 | BPP: 0.0446
2026-07-20 20:09:45,448 [INFO] Checkpoint epoch 56: best model saved: no | current loss: 0.338629 | best loss: 0.310748
2026-07-20 20:09:45,448 [INFO] Global step updated to: 60249
2026-07-20 20:09:45,449 [INFO] ====== Current epoch 57 ======
2026-07-20 20:09:45,449 [INFO] Learning rate: 0.0001
2026-07-20 20:09:47,183 [INFO] [0/1057] | Loss: 0.757 | PSNR: 30.439 | MSE: 0.00090386 | BPP: 0.0625 | QP: 63
2026-07-20 20:13:33,750 [INFO] [500/1057] | Loss: 0.198 | PSNR: 32.005 | MSE: 0.00063025 | BPP: 0.0366 | QP: 19
2026-07-20 20:17:20,620 [INFO] [1000/1057] | Loss: 0.196 | PSNR: 31.986 | MSE: 0.00063303 | BPP: 0.0362 | QP: 59
2026-07-20 20:17:45,395 [INFO] Train epoch 57: Loss: 0.197 | PSNR: 31.985 | MSE: 0.00063308 | BPP: 0.0362
2026-07-20 20:18:46,677 [INFO] Val epoch 57: Loss: 0.350 | PSNR: 34.014 | MSE: 0.00039685 | BPP: 0.0451
2026-07-20 20:18:48,951 [INFO] Checkpoint epoch 57: best model saved: no | current loss: 0.349904 | best loss: 0.310748
2026-07-20 20:18:48,951 [INFO] Global step updated to: 61306
2026-07-20 20:18:48,951 [INFO] ====== Current epoch 58 ======
2026-07-20 20:18:48,951 [INFO] Learning rate: 0.0001
2026-07-20 20:18:50,576 [INFO] [0/1057] | Loss: 0.478 | PSNR: 32.597 | MSE: 0.00054998 | BPP: 0.0552 | QP: 63
2026-07-20 20:22:39,974 [INFO] [500/1057] | Loss: 0.191 | PSNR: 31.937 | MSE: 0.00064020 | BPP: 0.0353 | QP: 23
2026-07-20 20:26:27,004 [INFO] [1000/1057] | Loss: 0.191 | PSNR: 32.034 | MSE: 0.00062601 | BPP: 0.0354 | QP: 62
2026-07-20 20:26:52,211 [INFO] Train epoch 58: Loss: 0.195 | PSNR: 31.927 | MSE: 0.00064162 | BPP: 0.0354
2026-07-20 20:27:53,457 [INFO] Val epoch 58: Loss: 0.333 | PSNR: 34.259 | MSE: 0.00037505 | BPP: 0.0445
2026-07-20 20:27:56,118 [INFO] Checkpoint epoch 58: best model saved: no | current loss: 0.332559 | best loss: 0.310748
2026-07-20 20:27:56,118 [INFO] Global step updated to: 62363
2026-07-20 20:27:56,119 [INFO] ====== Current epoch 59 ======
2026-07-20 20:27:56,119 [INFO] Learning rate: 0.0001
2026-07-20 20:27:57,779 [INFO] [0/1057] | Loss: 0.340 | PSNR: 34.208 | MSE: 0.00037948 | BPP: 0.0487 | QP: 63
2026-07-20 20:31:47,355 [INFO] [500/1057] | Loss: 0.199 | PSNR: 31.869 | MSE: 0.00065027 | BPP: 0.0360 | QP: 14
2026-07-20 20:35:35,240 [INFO] [1000/1057] | Loss: 0.194 | PSNR: 31.888 | MSE: 0.00064743 | BPP: 0.0357 | QP: 36
2026-07-20 20:36:00,529 [INFO] Train epoch 59: Loss: 0.196 | PSNR: 31.872 | MSE: 0.00064984 | BPP: 0.0355
2026-07-20 20:37:02,040 [INFO] Val epoch 59: Loss: 0.345 | PSNR: 34.080 | MSE: 0.00039081 | BPP: 0.0447
2026-07-20 20:37:04,366 [INFO] Checkpoint epoch 59: best model saved: no | current loss: 0.344815 | best loss: 0.310748
2026-07-20 20:37:04,367 [INFO] Global step updated to: 63420
2026-07-20 20:37:04,367 [INFO] ====== Current epoch 60 ======
2026-07-20 20:37:04,367 [INFO] Learning rate: 0.0001
2026-07-20 20:37:06,013 [INFO] [0/1057] | Loss: 0.290 | PSNR: 34.886 | MSE: 0.00032465 | BPP: 0.0404 | QP: 63
2026-07-20 20:40:52,438 [INFO] [500/1057] | Loss: 0.180 | PSNR: 31.977 | MSE: 0.00063436 | BPP: 0.0342 | QP: 17
2026-07-20 20:44:40,636 [INFO] [1000/1057] | Loss: 0.188 | PSNR: 31.965 | MSE: 0.00063599 | BPP: 0.0351 | QP: 39
2026-07-20 20:45:05,334 [INFO] Train epoch 60: Loss: 0.190 | PSNR: 31.966 | MSE: 0.00063596 | BPP: 0.0353
2026-07-20 20:46:06,566 [INFO] Val epoch 60: Loss: 0.417 | PSNR: 33.150 | MSE: 0.00048422 | BPP: 0.0454
2026-07-20 20:46:09,052 [INFO] Checkpoint epoch 60: best model saved: no | current loss: 0.417251 | best loss: 0.310748
2026-07-20 20:46:09,052 [INFO] Global step updated to: 64477
2026-07-20 20:46:09,052 [INFO] ====== Current epoch 61 ======
2026-07-20 20:46:09,052 [INFO] Learning rate: 0.0001
2026-07-20 20:46:10,849 [INFO] [0/1057] | Loss: 0.552 | PSNR: 31.933 | MSE: 0.00064075 | BPP: 0.0604 | QP: 63
2026-07-20 20:49:59,418 [INFO] [500/1057] | Loss: 0.194 | PSNR: 32.026 | MSE: 0.00062712 | BPP: 0.0351 | QP: 21
2026-07-20 20:53:48,142 [INFO] [1000/1057] | Loss: 0.193 | PSNR: 32.051 | MSE: 0.00062354 | BPP: 0.0355 | QP: 49
2026-07-20 20:54:12,509 [INFO] Train epoch 61: Loss: 0.192 | PSNR: 32.081 | MSE: 0.00061927 | BPP: 0.0356
2026-07-20 20:55:14,291 [INFO] Val epoch 61: Loss: 0.363 | PSNR: 33.859 | MSE: 0.00041127 | BPP: 0.0475
2026-07-20 20:55:16,703 [INFO] Checkpoint epoch 61: best model saved: no | current loss: 0.363322 | best loss: 0.310748
2026-07-20 20:55:16,703 [INFO] Global step updated to: 65534
2026-07-20 20:55:16,704 [INFO] ====== Current epoch 62 ======
2026-07-20 20:55:16,704 [INFO] Learning rate: 0.0001
2026-07-20 20:55:18,527 [INFO] [0/1057] | Loss: 0.583 | PSNR: 31.758 | MSE: 0.00066718 | BPP: 0.0706 | QP: 63
2026-07-20 20:59:06,484 [INFO] [500/1057] | Loss: 0.199 | PSNR: 32.067 | MSE: 0.00062132 | BPP: 0.0366 | QP: 33
2026-07-20 21:02:55,621 [INFO] [1000/1057] | Loss: 0.195 | PSNR: 32.083 | MSE: 0.00061895 | BPP: 0.0359 | QP: 33
2026-07-20 21:03:19,768 [INFO] Train epoch 62: Loss: 0.192 | PSNR: 32.106 | MSE: 0.00061571 | BPP: 0.0356
2026-07-20 21:04:21,058 [INFO] Val epoch 62: Loss: 0.344 | PSNR: 34.114 | MSE: 0.00038776 | BPP: 0.0459
2026-07-20 21:04:23,593 [INFO] Checkpoint epoch 62: best model saved: no | current loss: 0.343679 | best loss: 0.310748
2026-07-20 21:04:23,593 [INFO] Global step updated to: 66591
2026-07-20 21:04:23,593 [INFO] ====== Current epoch 63 ======
2026-07-20 21:04:23,593 [INFO] Learning rate: 0.0001
2026-07-20 21:04:25,361 [INFO] [0/1057] | Loss: 0.389 | PSNR: 33.682 | MSE: 0.00042833 | BPP: 0.0604 | QP: 63
2026-07-20 21:08:13,936 [INFO] [500/1057] | Loss: 0.189 | PSNR: 32.288 | MSE: 0.00059041 | BPP: 0.0358 | QP: 30
2026-07-20 21:12:00,434 [INFO] [1000/1057] | Loss: 0.184 | PSNR: 32.207 | MSE: 0.00060165 | BPP: 0.0350 | QP: 62
2026-07-20 21:12:24,279 [INFO] Train epoch 63: Loss: 0.188 | PSNR: 32.112 | MSE: 0.00061491 | BPP: 0.0348
2026-07-20 21:13:25,810 [INFO] Val epoch 63: Loss: 0.395 | PSNR: 33.413 | MSE: 0.00045571 | BPP: 0.0449
2026-07-20 21:13:28,314 [INFO] Checkpoint epoch 63: best model saved: no | current loss: 0.394869 | best loss: 0.310748
2026-07-20 21:13:28,315 [INFO] Global step updated to: 67648
2026-07-20 21:13:28,315 [INFO] ====== Current epoch 64 ======
2026-07-20 21:13:28,315 [INFO] Learning rate: 0.0001
2026-07-20 21:13:30,085 [INFO] [0/1057] | Loss: 0.354 | PSNR: 33.962 | MSE: 0.00040162 | BPP: 0.0460 | QP: 63
2026-07-20 21:17:17,387 [INFO] [500/1057] | Loss: 0.178 | PSNR: 32.185 | MSE: 0.00060464 | BPP: 0.0342 | QP: 5
2026-07-20 21:21:04,531 [INFO] [1000/1057] | Loss: 0.179 | PSNR: 32.254 | MSE: 0.00059508 | BPP: 0.0343 | QP: 40
2026-07-20 21:21:29,174 [INFO] Train epoch 64: Loss: 0.186 | PSNR: 32.128 | MSE: 0.00061265 | BPP: 0.0348
2026-07-20 21:22:29,802 [INFO] Val epoch 64: Loss: 0.387 | PSNR: 33.541 | MSE: 0.00044244 | BPP: 0.0473
2026-07-20 21:22:32,278 [INFO] Checkpoint epoch 64: best model saved: no | current loss: 0.387105 | best loss: 0.310748
2026-07-20 21:22:32,278 [INFO] Global step updated to: 68705
2026-07-20 21:22:32,278 [INFO] ====== Current epoch 65 ======
2026-07-20 21:22:32,278 [INFO] Learning rate: 0.0001
2026-07-20 21:22:33,899 [INFO] [0/1057] | Loss: 0.686 | PSNR: 30.929 | MSE: 0.00080734 | BPP: 0.0659 | QP: 63
2026-07-20 21:26:20,772 [INFO] [500/1057] | Loss: 0.187 | PSNR: 32.119 | MSE: 0.00061397 | BPP: 0.0347 | QP: 30
2026-07-20 21:30:08,410 [INFO] [1000/1057] | Loss: 0.189 | PSNR: 32.145 | MSE: 0.00061027 | BPP: 0.0349 | QP: 11
2026-07-20 21:30:33,143 [INFO] Train epoch 65: Loss: 0.183 | PSNR: 32.133 | MSE: 0.00061194 | BPP: 0.0344
2026-07-20 21:31:34,956 [INFO] Val epoch 65: Loss: 0.388 | PSNR: 33.519 | MSE: 0.00044475 | BPP: 0.0463
2026-07-20 21:31:37,354 [INFO] Checkpoint epoch 65: best model saved: no | current loss: 0.387869 | best loss: 0.310748
2026-07-20 21:31:37,354 [INFO] Global step updated to: 69762
2026-07-20 21:31:37,354 [INFO] ====== Current epoch 66 ======
2026-07-20 21:31:37,354 [INFO] Learning rate: 0.0001
2026-07-20 21:31:39,003 [INFO] [0/1057] | Loss: 0.267 | PSNR: 35.389 | MSE: 0.00028912 | BPP: 0.0451 | QP: 63
2026-07-20 21:35:26,134 [INFO] [500/1057] | Loss: 0.196 | PSNR: 31.798 | MSE: 0.00066094 | BPP: 0.0348 | QP: 6
2026-07-20 21:39:13,242 [INFO] [1000/1057] | Loss: 0.190 | PSNR: 31.900 | MSE: 0.00064569 | BPP: 0.0343 | QP: 29
2026-07-20 21:39:38,383 [INFO] Train epoch 66: Loss: 0.189 | PSNR: 31.993 | MSE: 0.00063196 | BPP: 0.0344
2026-07-20 21:40:39,611 [INFO] Val epoch 66: Loss: 0.319 | PSNR: 34.442 | MSE: 0.00035957 | BPP: 0.0424
2026-07-20 21:40:41,934 [INFO] Checkpoint epoch 66: best model saved: no | current loss: 0.318580 | best loss: 0.310748
2026-07-20 21:40:41,934 [INFO] Global step updated to: 70819
2026-07-20 21:40:41,934 [INFO] ====== Current epoch 67 ======
2026-07-20 21:40:41,934 [INFO] Learning rate: 0.0001
2026-07-20 21:40:43,725 [INFO] [0/1057] | Loss: 0.295 | PSNR: 34.705 | MSE: 0.00033844 | BPP: 0.0347 | QP: 63
2026-07-20 21:44:31,219 [INFO] [500/1057] | Loss: 0.187 | PSNR: 31.992 | MSE: 0.00063212 | BPP: 0.0343 | QP: 16
2026-07-20 21:48:18,027 [INFO] [1000/1057] | Loss: 0.182 | PSNR: 32.194 | MSE: 0.00060337 | BPP: 0.0342 | QP: 52
2026-07-20 21:48:42,833 [INFO] Train epoch 67: Loss: 0.184 | PSNR: 32.188 | MSE: 0.00060424 | BPP: 0.0346
2026-07-20 21:49:44,636 [INFO] Val epoch 67: Loss: 0.323 | PSNR: 34.393 | MSE: 0.00036365 | BPP: 0.0438
2026-07-20 21:49:47,200 [INFO] Checkpoint epoch 67: best model saved: no | current loss: 0.323129 | best loss: 0.310748
2026-07-20 21:49:47,200 [INFO] Global step updated to: 71876
2026-07-20 21:49:47,200 [INFO] ====== Current epoch 68 ======
2026-07-20 21:49:47,200 [INFO] Learning rate: 0.0001
2026-07-20 21:49:48,885 [INFO] [0/1057] | Loss: 0.201 | PSNR: 36.780 | MSE: 0.00020988 | BPP: 0.0396 | QP: 63
2026-07-20 21:53:35,048 [INFO] [500/1057] | Loss: 0.177 | PSNR: 32.121 | MSE: 0.00061364 | BPP: 0.0335 | QP: 31
2026-07-20 21:57:24,307 [INFO] [1000/1057] | Loss: 0.177 | PSNR: 32.140 | MSE: 0.00061093 | BPP: 0.0336 | QP: 29
2026-07-20 21:57:49,205 [INFO] Train epoch 68: Loss: 0.179 | PSNR: 32.124 | MSE: 0.00061322 | BPP: 0.0338
2026-07-20 21:58:51,521 [INFO] Val epoch 68: Loss: 0.310 | PSNR: 34.621 | MSE: 0.00034508 | BPP: 0.0446
2026-07-20 21:58:55,428 [INFO] Checkpoint epoch 68: best model saved: yes | current loss: 0.309615 | best loss: 0.309615
2026-07-20 21:58:55,429 [INFO] Global step updated to: 72933
2026-07-20 21:58:55,429 [INFO] ====== Current epoch 69 ======
2026-07-20 21:58:55,429 [INFO] Learning rate: 0.0001
2026-07-20 21:58:56,978 [INFO] [0/1057] | Loss: 0.287 | PSNR: 35.216 | MSE: 0.00030089 | BPP: 0.0556 | QP: 63
2026-07-20 22:02:43,908 [INFO] [500/1057] | Loss: 0.180 | PSNR: 32.372 | MSE: 0.00057921 | BPP: 0.0344 | QP: 10
2026-07-20 22:06:31,233 [INFO] [1000/1057] | Loss: 0.179 | PSNR: 32.349 | MSE: 0.00058222 | BPP: 0.0343 | QP: 32
2026-07-20 22:06:55,811 [INFO] Train epoch 69: Loss: 0.183 | PSNR: 32.284 | MSE: 0.00059108 | BPP: 0.0345
2026-07-20 22:07:57,706 [INFO] Val epoch 69: Loss: 0.328 | PSNR: 34.337 | MSE: 0.00036837 | BPP: 0.0455
2026-07-20 22:08:00,015 [INFO] Checkpoint epoch 69: best model saved: no | current loss: 0.328425 | best loss: 0.309615
2026-07-20 22:08:00,016 [INFO] Global step updated to: 73990
2026-07-20 22:08:00,016 [INFO] ====== Current epoch 70 ======
2026-07-20 22:08:00,016 [INFO] Learning rate: 0.0001
2026-07-20 22:08:01,801 [INFO] [0/1057] | Loss: 0.375 | PSNR: 33.776 | MSE: 0.00041917 | BPP: 0.0533 | QP: 63
2026-07-20 22:11:50,047 [INFO] [500/1057] | Loss: 0.179 | PSNR: 32.203 | MSE: 0.00060211 | BPP: 0.0337 | QP: 59
2026-07-20 22:15:39,720 [INFO] [1000/1057] | Loss: 0.182 | PSNR: 32.211 | MSE: 0.00060104 | BPP: 0.0342 | QP: 12
2026-07-20 22:16:03,991 [INFO] Train epoch 70: Loss: 0.182 | PSNR: 32.219 | MSE: 0.00059998 | BPP: 0.0341
2026-07-20 22:17:05,607 [INFO] Val epoch 70: Loss: 0.316 | PSNR: 34.540 | MSE: 0.00035160 | BPP: 0.0455
2026-07-20 22:17:07,907 [INFO] Checkpoint epoch 70: best model saved: no | current loss: 0.315516 | best loss: 0.309615
2026-07-20 22:17:07,907 [INFO] Global step updated to: 75047
2026-07-20 22:17:07,908 [INFO] ====== Current epoch 71 ======
2026-07-20 22:17:07,908 [INFO] Learning rate: 0.0001
2026-07-20 22:17:09,683 [INFO] [0/1057] | Loss: 0.259 | PSNR: 35.797 | MSE: 0.00026319 | BPP: 0.0572 | QP: 63
2026-07-20 22:20:57,231 [INFO] [500/1057] | Loss: 0.180 | PSNR: 32.243 | MSE: 0.00059668 | BPP: 0.0344 | QP: 9
2026-07-20 22:24:44,201 [INFO] [1000/1057] | Loss: 0.183 | PSNR: 32.253 | MSE: 0.00059521 | BPP: 0.0345 | QP: 7
2026-07-20 22:25:08,160 [INFO] Train epoch 71: Loss: 0.179 | PSNR: 32.351 | MSE: 0.00058198 | BPP: 0.0341
2026-07-20 22:26:09,980 [INFO] Val epoch 71: Loss: 0.317 | PSNR: 34.506 | MSE: 0.00035434 | BPP: 0.0452
2026-07-20 22:26:12,364 [INFO] Checkpoint epoch 71: best model saved: no | current loss: 0.317288 | best loss: 0.309615
2026-07-20 22:26:12,364 [INFO] Global step updated to: 76104
2026-07-20 22:26:12,364 [INFO] ====== Current epoch 72 ======
2026-07-20 22:26:12,364 [INFO] Learning rate: 0.0001
2026-07-20 22:26:14,017 [INFO] [0/1057] | Loss: 0.530 | PSNR: 32.174 | MSE: 0.00060622 | BPP: 0.0646 | QP: 63
2026-07-20 22:30:01,196 [INFO] [500/1057] | Loss: 0.186 | PSNR: 32.269 | MSE: 0.00059302 | BPP: 0.0347 | QP: 23
2026-07-20 22:33:47,808 [INFO] [1000/1057] | Loss: 0.184 | PSNR: 32.114 | MSE: 0.00061467 | BPP: 0.0342 | QP: 21
2026-07-20 22:34:12,177 [INFO] Train epoch 72: Loss: 0.182 | PSNR: 32.201 | MSE: 0.00060240 | BPP: 0.0340
2026-07-20 22:35:14,773 [INFO] Val epoch 72: Loss: 0.314 | PSNR: 34.550 | MSE: 0.00035077 | BPP: 0.0445
2026-07-20 22:35:17,122 [INFO] Checkpoint epoch 72: best model saved: no | current loss: 0.313939 | best loss: 0.309615
2026-07-20 22:35:17,122 [INFO] Global step updated to: 77161
2026-07-20 22:35:17,122 [INFO] ====== Current epoch 73 ======
2026-07-20 22:35:17,122 [INFO] Learning rate: 0.0001
2026-07-20 22:35:18,807 [INFO] [0/1057] | Loss: 0.625 | PSNR: 31.356 | MSE: 0.00073181 | BPP: 0.0634 | QP: 63
2026-07-20 22:39:05,943 [INFO] [500/1057] | Loss: 0.175 | PSNR: 32.400 | MSE: 0.00057544 | BPP: 0.0341 | QP: 62
2026-07-20 22:42:54,929 [INFO] [1000/1057] | Loss: 0.177 | PSNR: 32.283 | MSE: 0.00059119 | BPP: 0.0339 | QP: 28
2026-07-20 22:43:20,118 [INFO] Train epoch 73: Loss: 0.177 | PSNR: 32.245 | MSE: 0.00059628 | BPP: 0.0335
2026-07-20 22:44:22,405 [INFO] Val epoch 73: Loss: 0.441 | PSNR: 32.881 | MSE: 0.00051514 | BPP: 0.0459
2026-07-20 22:44:24,734 [INFO] Checkpoint epoch 73: best model saved: no | current loss: 0.441498 | best loss: 0.309615
2026-07-20 22:44:24,734 [INFO] Global step updated to: 78218
2026-07-20 22:44:24,734 [INFO] ====== Current epoch 74 ======
2026-07-20 22:44:24,734 [INFO] Learning rate: 0.0001
2026-07-20 22:44:26,544 [INFO] [0/1057] | Loss: 0.566 | PSNR: 31.809 | MSE: 0.00065931 | BPP: 0.0594 | QP: 63
2026-07-20 22:48:13,127 [INFO] [500/1057] | Loss: 0.168 | PSNR: 32.281 | MSE: 0.00059147 | BPP: 0.0331 | QP: 18
2026-07-20 22:51:59,415 [INFO] [1000/1057] | Loss: 0.171 | PSNR: 32.219 | MSE: 0.00059987 | BPP: 0.0334 | QP: 15
2026-07-20 22:52:24,536 [INFO] Train epoch 74: Loss: 0.176 | PSNR: 32.271 | MSE: 0.00059273 | BPP: 0.0337
2026-07-20 22:53:26,313 [INFO] Val epoch 74: Loss: 0.313 | PSNR: 34.568 | MSE: 0.00034926 | BPP: 0.0443
2026-07-20 22:53:28,599 [INFO] Checkpoint epoch 74: best model saved: no | current loss: 0.312507 | best loss: 0.309615
2026-07-20 22:53:28,600 [INFO] Global step updated to: 79275
2026-07-20 22:53:28,600 [INFO] ====== Current epoch 75 ======
2026-07-20 22:53:28,600 [INFO] Learning rate: 0.0001
2026-07-20 22:53:30,335 [INFO] [0/1057] | Loss: 0.429 | PSNR: 33.195 | MSE: 0.00047916 | BPP: 0.0613 | QP: 63
2026-07-20 22:57:17,883 [INFO] [500/1057] | Loss: 0.181 | PSNR: 32.129 | MSE: 0.00061243 | BPP: 0.0333 | QP: 48
2026-07-20 23:01:04,014 [INFO] [1000/1057] | Loss: 0.178 | PSNR: 32.189 | MSE: 0.00060403 | BPP: 0.0332 | QP: 41
2026-07-20 23:01:28,675 [INFO] Train epoch 75: Loss: 0.180 | PSNR: 32.178 | MSE: 0.00060562 | BPP: 0.0337
2026-07-20 23:02:30,616 [INFO] Val epoch 75: Loss: 0.306 | PSNR: 34.686 | MSE: 0.00033991 | BPP: 0.0446
2026-07-20 23:02:34,533 [INFO] Checkpoint epoch 75: best model saved: yes | current loss: 0.305657 | best loss: 0.305657
2026-07-20 23:02:34,534 [INFO] Global step updated to: 80332
2026-07-20 23:02:34,534 [INFO] ====== Current epoch 76 ======
2026-07-20 23:02:34,534 [INFO] Learning rate: 0.0001
2026-07-20 23:02:36,207 [INFO] [0/1057] | Loss: 0.569 | PSNR: 31.811 | MSE: 0.00065902 | BPP: 0.0633 | QP: 63
2026-07-20 23:06:25,496 [INFO] [500/1057] | Loss: 0.176 | PSNR: 32.165 | MSE: 0.00060749 | BPP: 0.0334 | QP: 23
2026-07-20 23:10:13,025 [INFO] [1000/1057] | Loss: 0.180 | PSNR: 32.059 | MSE: 0.00062243 | BPP: 0.0336 | QP: 27
2026-07-20 23:10:37,625 [INFO] Train epoch 76: Loss: 0.178 | PSNR: 32.144 | MSE: 0.00061040 | BPP: 0.0332
2026-07-20 23:11:39,526 [INFO] Val epoch 76: Loss: 0.331 | PSNR: 34.309 | MSE: 0.00037076 | BPP: 0.0458
2026-07-20 23:11:41,960 [INFO] Checkpoint epoch 76: best model saved: no | current loss: 0.330534 | best loss: 0.305657
2026-07-20 23:11:41,961 [INFO] Global step updated to: 81389
2026-07-20 23:11:41,961 [INFO] ====== Current epoch 77 ======
2026-07-20 23:11:41,961 [INFO] Learning rate: 0.0001
2026-07-20 23:11:43,760 [INFO] [0/1057] | Loss: 0.441 | PSNR: 32.999 | MSE: 0.00050127 | BPP: 0.0563 | QP: 63
2026-07-20 23:15:29,381 [INFO] [500/1057] | Loss: 0.169 | PSNR: 32.496 | MSE: 0.00056284 | BPP: 0.0334 | QP: 31
2026-07-20 23:19:17,446 [INFO] [1000/1057] | Loss: 0.173 | PSNR: 32.367 | MSE: 0.00057984 | BPP: 0.0335 | QP: 27
2026-07-20 23:19:42,067 [INFO] Train epoch 77: Loss: 0.175 | PSNR: 32.331 | MSE: 0.00058464 | BPP: 0.0334
2026-07-20 23:20:44,249 [INFO] Val epoch 77: Loss: 0.355 | PSNR: 33.960 | MSE: 0.00040177 | BPP: 0.0461
2026-07-20 23:20:46,742 [INFO] Checkpoint epoch 77: best model saved: no | current loss: 0.354691 | best loss: 0.305657
2026-07-20 23:20:46,742 [INFO] Global step updated to: 82446
2026-07-20 23:20:46,742 [INFO] ====== Current epoch 78 ======
2026-07-20 23:20:46,742 [INFO] Learning rate: 0.0001
2026-07-20 23:20:48,526 [INFO] [0/1057] | Loss: 0.380 | PSNR: 33.800 | MSE: 0.00041687 | BPP: 0.0599 | QP: 63
2026-07-20 23:24:36,603 [INFO] [500/1057] | Loss: 0.173 | PSNR: 32.269 | MSE: 0.00059305 | BPP: 0.0333 | QP: 9
2026-07-20 23:28:23,232 [INFO] [1000/1057] | Loss: 0.172 | PSNR: 32.413 | MSE: 0.00057373 | BPP: 0.0333 | QP: 32
2026-07-20 23:28:47,517 [INFO] Train epoch 78: Loss: 0.175 | PSNR: 32.384 | MSE: 0.00057753 | BPP: 0.0337
2026-07-20 23:29:49,127 [INFO] Val epoch 78: Loss: 0.309 | PSNR: 34.631 | MSE: 0.00034429 | BPP: 0.0450
2026-07-20 23:29:51,503 [INFO] Checkpoint epoch 78: best model saved: no | current loss: 0.309387 | best loss: 0.305657
2026-07-20 23:29:51,504 [INFO] Global step updated to: 83503
2026-07-20 23:29:51,504 [INFO] ====== Current epoch 79 ======
2026-07-20 23:29:51,504 [INFO] Learning rate: 0.0001
2026-07-20 23:29:53,148 [INFO] [0/1057] | Loss: 0.508 | PSNR: 32.414 | MSE: 0.00057354 | BPP: 0.0672 | QP: 63
2026-07-20 23:33:43,206 [INFO] [500/1057] | Loss: 0.178 | PSNR: 32.166 | MSE: 0.00060736 | BPP: 0.0330 | QP: 9
2026-07-20 23:37:29,775 [INFO] [1000/1057] | Loss: 0.178 | PSNR: 32.128 | MSE: 0.00061268 | BPP: 0.0332 | QP: 52
2026-07-20 23:37:53,863 [INFO] Train epoch 79: Loss: 0.174 | PSNR: 32.237 | MSE: 0.00059748 | BPP: 0.0330
2026-07-20 23:38:55,580 [INFO] Val epoch 79: Loss: 0.322 | PSNR: 34.441 | MSE: 0.00035963 | BPP: 0.0454
2026-07-20 23:38:57,968 [INFO] Checkpoint epoch 79: best model saved: no | current loss: 0.321590 | best loss: 0.305657
2026-07-20 23:38:57,968 [INFO] Global step updated to: 84560
2026-07-20 23:38:57,968 [INFO] ====== Current epoch 80 ======
2026-07-20 23:38:57,969 [INFO] Learning rate: 0.0001
2026-07-20 23:38:59,509 [INFO] [0/1057] | Loss: 0.628 | PSNR: 31.314 | MSE: 0.00073894 | BPP: 0.0604 | QP: 63
2026-07-20 23:42:47,210 [INFO] [500/1057] | Loss: 0.172 | PSNR: 32.328 | MSE: 0.00058504 | BPP: 0.0329 | QP: 9
2026-07-20 23:46:34,032 [INFO] [1000/1057] | Loss: 0.169 | PSNR: 32.207 | MSE: 0.00060154 | BPP: 0.0330 | QP: 31
2026-07-20 23:46:59,242 [INFO] Train epoch 80: Loss: 0.176 | PSNR: 32.254 | MSE: 0.00059518 | BPP: 0.0333
2026-07-20 23:48:00,793 [INFO] Val epoch 80: Loss: 0.350 | PSNR: 34.024 | MSE: 0.00039588 | BPP: 0.0458
2026-07-20 23:48:03,106 [INFO] Checkpoint epoch 80: best model saved: no | current loss: 0.349838 | best loss: 0.305657
2026-07-20 23:48:03,106 [INFO] Global step updated to: 85617
2026-07-20 23:48:03,106 [INFO] ====== Current epoch 81 ======
2026-07-20 23:48:03,106 [INFO] Learning rate: 0.0001
2026-07-20 23:48:04,866 [INFO] [0/1057] | Loss: 0.510 | PSNR: 32.375 | MSE: 0.00057879 | BPP: 0.0652 | QP: 63
2026-07-20 23:51:50,568 [INFO] [500/1057] | Loss: 0.167 | PSNR: 32.382 | MSE: 0.00057779 | BPP: 0.0326 | QP: 37
2026-07-20 23:55:37,827 [INFO] [1000/1057] | Loss: 0.165 | PSNR: 32.326 | MSE: 0.00058536 | BPP: 0.0324 | QP: 12
2026-07-20 23:56:02,930 [INFO] Train epoch 81: Loss: 0.169 | PSNR: 32.264 | MSE: 0.00059376 | BPP: 0.0326
2026-07-20 23:57:04,746 [INFO] Val epoch 81: Loss: 0.303 | PSNR: 34.735 | MSE: 0.00033614 | BPP: 0.0450
2026-07-20 23:57:08,593 [INFO] Checkpoint epoch 81: best model saved: yes | current loss: 0.303117 | best loss: 0.303117
2026-07-20 23:57:08,594 [INFO] Global step updated to: 86674
2026-07-20 23:57:08,594 [INFO] ====== Current epoch 82 ======
2026-07-20 23:57:08,594 [INFO] Learning rate: 0.0001
2026-07-20 23:57:10,281 [INFO] [0/1057] | Loss: 0.181 | PSNR: 37.234 | MSE: 0.00018908 | BPP: 0.0360 | QP: 63
2026-07-21 00:00:58,142 [INFO] [500/1057] | Loss: 0.173 | PSNR: 32.407 | MSE: 0.00057448 | BPP: 0.0332 | QP: 20
2026-07-21 00:04:45,145 [INFO] [1000/1057] | Loss: 0.174 | PSNR: 32.500 | MSE: 0.00056239 | BPP: 0.0331 | QP: 36
2026-07-21 00:05:09,905 [INFO] Train epoch 82: Loss: 0.171 | PSNR: 32.377 | MSE: 0.00057853 | BPP: 0.0329
2026-07-21 00:06:13,834 [INFO] Val epoch 82: Loss: 0.316 | PSNR: 34.543 | MSE: 0.00035128 | BPP: 0.0458
2026-07-21 00:06:16,339 [INFO] Checkpoint epoch 82: best model saved: no | current loss: 0.315605 | best loss: 0.303117
2026-07-21 00:06:16,339 [INFO] Global step updated to: 87731
2026-07-21 00:06:16,339 [INFO] ====== Current epoch 83 ======
2026-07-21 00:06:16,339 [INFO] Learning rate: 0.0001
2026-07-21 00:06:18,115 [INFO] [0/1057] | Loss: 0.566 | PSNR: 31.859 | MSE: 0.00065171 | BPP: 0.0658 | QP: 63
2026-07-21 00:10:03,957 [INFO] [500/1057] | Loss: 0.166 | PSNR: 32.477 | MSE: 0.00056532 | BPP: 0.0323 | QP: 22
2026-07-21 00:13:52,422 [INFO] [1000/1057] | Loss: 0.172 | PSNR: 32.443 | MSE: 0.00056981 | BPP: 0.0327 | QP: 25
2026-07-21 00:14:17,140 [INFO] Train epoch 83: Loss: 0.168 | PSNR: 32.417 | MSE: 0.00057317 | BPP: 0.0327
2026-07-21 00:15:19,231 [INFO] Val epoch 83: Loss: 0.342 | PSNR: 34.128 | MSE: 0.00038658 | BPP: 0.0450
2026-07-21 00:15:21,727 [INFO] Checkpoint epoch 83: best model saved: no | current loss: 0.341900 | best loss: 0.303117
2026-07-21 00:15:21,727 [INFO] Global step updated to: 88788
2026-07-21 00:15:21,727 [INFO] ====== Current epoch 84 ======
2026-07-21 00:15:21,727 [INFO] Learning rate: 0.0001
2026-07-21 00:15:23,459 [INFO] [0/1057] | Loss: 0.625 | PSNR: 31.347 | MSE: 0.00073331 | BPP: 0.0616 | QP: 63
2026-07-21 00:19:09,903 [INFO] [500/1057] | Loss: 0.165 | PSNR: 32.376 | MSE: 0.00057863 | BPP: 0.0319 | QP: 26
2026-07-21 00:22:57,260 [INFO] [1000/1057] | Loss: 0.169 | PSNR: 32.357 | MSE: 0.00058122 | BPP: 0.0326 | QP: 21
2026-07-21 00:23:21,788 [INFO] Train epoch 84: Loss: 0.167 | PSNR: 32.377 | MSE: 0.00057847 | BPP: 0.0326
2026-07-21 00:24:23,668 [INFO] Val epoch 84: Loss: 0.312 | PSNR: 34.602 | MSE: 0.00034657 | BPP: 0.0459
2026-07-21 00:24:25,971 [INFO] Checkpoint epoch 84: best model saved: no | current loss: 0.312081 | best loss: 0.303117
2026-07-21 00:24:25,971 [INFO] Global step updated to: 89845
2026-07-21 00:24:25,971 [INFO] ====== Current epoch 85 ======
2026-07-21 00:24:25,971 [INFO] Learning rate: 0.0001
2026-07-21 00:24:27,806 [INFO] [0/1057] | Loss: 0.493 | PSNR: 32.575 | MSE: 0.00055276 | BPP: 0.0681 | QP: 63
2026-07-21 00:28:15,388 [INFO] [500/1057] | Loss: 0.165 | PSNR: 32.392 | MSE: 0.00057654 | BPP: 0.0327 | QP: 33
2026-07-21 00:32:02,048 [INFO] [1000/1057] | Loss: 0.165 | PSNR: 32.349 | MSE: 0.00058222 | BPP: 0.0326 | QP: 39
2026-07-21 00:32:26,236 [INFO] Train epoch 85: Loss: 0.166 | PSNR: 32.386 | MSE: 0.00057733 | BPP: 0.0327
2026-07-21 00:33:28,172 [INFO] Val epoch 85: Loss: 0.314 | PSNR: 34.563 | MSE: 0.00034968 | BPP: 0.0452
2026-07-21 00:33:30,721 [INFO] Checkpoint epoch 85: best model saved: no | current loss: 0.313782 | best loss: 0.303117
2026-07-21 00:33:30,721 [INFO] Global step updated to: 90902
2026-07-21 00:33:30,721 [INFO] ====== Current epoch 86 ======
2026-07-21 00:33:30,721 [INFO] Learning rate: 0.0001
2026-07-21 00:33:32,350 [INFO] [0/1057] | Loss: 0.401 | PSNR: 33.558 | MSE: 0.00044071 | BPP: 0.0626 | QP: 63
2026-07-21 00:37:19,304 [INFO] [500/1057] | Loss: 0.167 | PSNR: 32.209 | MSE: 0.00060133 | BPP: 0.0321 | QP: 33
2026-07-21 00:41:06,948 [INFO] [1000/1057] | Loss: 0.170 | PSNR: 32.294 | MSE: 0.00058971 | BPP: 0.0327 | QP: 28
2026-07-21 00:41:31,249 [INFO] Train epoch 86: Loss: 0.167 | PSNR: 32.337 | MSE: 0.00058389 | BPP: 0.0326
2026-07-21 00:42:33,927 [INFO] Val epoch 86: Loss: 0.289 | PSNR: 34.983 | MSE: 0.00031744 | BPP: 0.0451
2026-07-21 00:42:37,808 [INFO] Checkpoint epoch 86: best model saved: yes | current loss: 0.288868 | best loss: 0.288868
2026-07-21 00:42:37,808 [INFO] Global step updated to: 91959
2026-07-21 00:42:37,809 [INFO] ====== Current epoch 87 ======
2026-07-21 00:42:37,809 [INFO] Learning rate: 0.0001
2026-07-21 00:42:39,371 [INFO] [0/1057] | Loss: 0.580 | PSNR: 31.741 | MSE: 0.00066979 | BPP: 0.0657 | QP: 63
2026-07-21 00:46:28,052 [INFO] [500/1057] | Loss: 0.159 | PSNR: 32.628 | MSE: 0.00054601 | BPP: 0.0313 | QP: 58
2026-07-21 00:50:16,094 [INFO] [1000/1057] | Loss: 0.167 | PSNR: 32.585 | MSE: 0.00055145 | BPP: 0.0321 | QP: 27
2026-07-21 00:50:39,861 [INFO] Train epoch 87: Loss: 0.167 | PSNR: 32.411 | MSE: 0.00057399 | BPP: 0.0325
2026-07-21 00:51:41,551 [INFO] Val epoch 87: Loss: 0.317 | PSNR: 34.531 | MSE: 0.00035229 | BPP: 0.0460
2026-07-21 00:51:44,129 [INFO] Checkpoint epoch 87: best model saved: no | current loss: 0.316589 | best loss: 0.288868
2026-07-21 00:51:44,129 [INFO] Global step updated to: 93016
2026-07-21 00:51:44,130 [INFO] ====== Current epoch 88 ======
2026-07-21 00:51:44,130 [INFO] Learning rate: 0.0001
2026-07-21 00:51:45,770 [INFO] [0/1057] | Loss: 0.291 | PSNR: 35.082 | MSE: 0.00031029 | BPP: 0.0530 | QP: 63
2026-07-21 00:55:32,588 [INFO] [500/1057] | Loss: 0.169 | PSNR: 32.171 | MSE: 0.00060657 | BPP: 0.0327 | QP: 57
2026-07-21 00:59:18,587 [INFO] [1000/1057] | Loss: 0.166 | PSNR: 32.290 | MSE: 0.00059017 | BPP: 0.0330 | QP: 47
2026-07-21 00:59:43,434 [INFO] Train epoch 88: Loss: 0.168 | PSNR: 32.403 | MSE: 0.00057510 | BPP: 0.0326
2026-07-21 01:00:44,877 [INFO] Val epoch 88: Loss: 0.333 | PSNR: 34.276 | MSE: 0.00037359 | BPP: 0.0457
2026-07-21 01:00:47,379 [INFO] Checkpoint epoch 88: best model saved: no | current loss: 0.332641 | best loss: 0.288868
2026-07-21 01:00:47,379 [INFO] Global step updated to: 94073
2026-07-21 01:00:47,379 [INFO] ====== Current epoch 89 ======
2026-07-21 01:00:47,379 [INFO] Learning rate: 0.0001
2026-07-21 01:00:49,059 [INFO] [0/1057] | Loss: 0.475 | PSNR: 32.648 | MSE: 0.00054345 | BPP: 0.0579 | QP: 63
2026-07-21 01:04:37,064 [INFO] [500/1057] | Loss: 0.163 | PSNR: 32.349 | MSE: 0.00058228 | BPP: 0.0321 | QP: 12
2026-07-21 01:08:25,275 [INFO] [1000/1057] | Loss: 0.164 | PSNR: 32.445 | MSE: 0.00056944 | BPP: 0.0326 | QP: 37
2026-07-21 01:08:50,388 [INFO] Train epoch 89: Loss: 0.169 | PSNR: 32.428 | MSE: 0.00057177 | BPP: 0.0328
2026-07-21 01:09:52,988 [INFO] Val epoch 89: Loss: 0.335 | PSNR: 34.255 | MSE: 0.00037541 | BPP: 0.0466
2026-07-21 01:09:55,585 [INFO] Checkpoint epoch 89: best model saved: no | current loss: 0.334927 | best loss: 0.288868
2026-07-21 01:09:55,585 [INFO] Global step updated to: 95130
2026-07-21 01:09:55,585 [INFO] ====== Current epoch 90 ======
2026-07-21 01:09:55,585 [INFO] Learning rate: 0.0001
2026-07-21 01:09:57,260 [INFO] [0/1057] | Loss: 0.176 | PSNR: 37.378 | MSE: 0.00018289 | BPP: 0.0354 | QP: 63
2026-07-21 01:13:44,918 [INFO] [500/1057] | Loss: 0.167 | PSNR: 32.281 | MSE: 0.00059141 | BPP: 0.0318 | QP: 51
2026-07-21 01:17:33,931 [INFO] [1000/1057] | Loss: 0.167 | PSNR: 32.215 | MSE: 0.00060044 | BPP: 0.0319 | QP: 6
2026-07-21 01:17:58,914 [INFO] Train epoch 90: Loss: 0.166 | PSNR: 32.215 | MSE: 0.00060047 | BPP: 0.0318
2026-07-21 01:19:01,435 [INFO] Val epoch 90: Loss: 0.323 | PSNR: 34.418 | MSE: 0.00036158 | BPP: 0.0450
2026-07-21 01:19:03,943 [INFO] Checkpoint epoch 90: best model saved: no | current loss: 0.322690 | best loss: 0.288868
2026-07-21 01:19:03,944 [INFO] Global step updated to: 96187
2026-07-21 01:19:03,944 [INFO] ====== Current epoch 91 ======
2026-07-21 01:19:03,944 [INFO] Learning rate: 0.0001
2026-07-21 01:19:05,754 [INFO] [0/1057] | Loss: 0.571 | PSNR: 31.848 | MSE: 0.00065344 | BPP: 0.0695 | QP: 63
2026-07-21 01:22:52,116 [INFO] [500/1057] | Loss: 0.167 | PSNR: 32.309 | MSE: 0.00058768 | BPP: 0.0327 | QP: 9
2026-07-21 01:26:39,561 [INFO] [1000/1057] | Loss: 0.163 | PSNR: 32.359 | MSE: 0.00058086 | BPP: 0.0320 | QP: 9
2026-07-21 01:27:03,850 [INFO] Train epoch 91: Loss: 0.165 | PSNR: 32.363 | MSE: 0.00058042 | BPP: 0.0321
2026-07-21 01:28:06,012 [INFO] Val epoch 91: Loss: 0.302 | PSNR: 34.765 | MSE: 0.00033381 | BPP: 0.0460
2026-07-21 01:28:08,530 [INFO] Checkpoint epoch 91: best model saved: no | current loss: 0.302390 | best loss: 0.288868
2026-07-21 01:28:08,530 [INFO] Global step updated to: 97244
2026-07-21 01:28:08,530 [INFO] ====== Current epoch 92 ======
2026-07-21 01:28:08,530 [INFO] Learning rate: 0.0001
2026-07-21 01:28:10,279 [INFO] [0/1057] | Loss: 0.494 | PSNR: 32.437 | MSE: 0.00057057 | BPP: 0.0560 | QP: 63
2026-07-21 01:31:58,794 [INFO] [500/1057] | Loss: 0.170 | PSNR: 32.379 | MSE: 0.00057818 | BPP: 0.0327 | QP: 17
2026-07-21 01:35:46,706 [INFO] [1000/1057] | Loss: 0.167 | PSNR: 32.351 | MSE: 0.00058196 | BPP: 0.0324 | QP: 28
2026-07-21 01:36:11,713 [INFO] Train epoch 92: Loss: 0.163 | PSNR: 32.441 | MSE: 0.00057001 | BPP: 0.0320
2026-07-21 01:37:13,619 [INFO] Val epoch 92: Loss: 0.316 | PSNR: 34.549 | MSE: 0.00035084 | BPP: 0.0463
2026-07-21 01:37:16,320 [INFO] Checkpoint epoch 92: best model saved: no | current loss: 0.315700 | best loss: 0.288868
2026-07-21 01:37:16,320 [INFO] Global step updated to: 98301
2026-07-21 01:37:16,320 [INFO] ====== Current epoch 93 ======
2026-07-21 01:37:16,320 [INFO] Learning rate: 0.0001
2026-07-21 01:37:17,883 [INFO] [0/1057] | Loss: 0.287 | PSNR: 35.077 | MSE: 0.00031067 | BPP: 0.0480 | QP: 63
2026-07-21 01:41:07,486 [INFO] [500/1057] | Loss: 0.159 | PSNR: 32.523 | MSE: 0.00055941 | BPP: 0.0320 | QP: 46
2026-07-21 01:44:54,522 [INFO] [1000/1057] | Loss: 0.159 | PSNR: 32.640 | MSE: 0.00054456 | BPP: 0.0320 | QP: 3
2026-07-21 01:45:18,985 [INFO] Train epoch 93: Loss: 0.161 | PSNR: 32.591 | MSE: 0.00055071 | BPP: 0.0323
2026-07-21 01:46:22,338 [INFO] Val epoch 93: Loss: 0.323 | PSNR: 34.419 | MSE: 0.00036151 | BPP: 0.0454
2026-07-21 01:46:24,938 [INFO] Checkpoint epoch 93: best model saved: no | current loss: 0.323044 | best loss: 0.288868
2026-07-21 01:46:24,938 [INFO] Global step updated to: 99358
2026-07-21 01:46:24,938 [INFO] ====== Current epoch 94 ======
2026-07-21 01:46:24,939 [INFO] Learning rate: 0.0001
2026-07-21 01:46:26,631 [INFO] [0/1057] | Loss: 0.323 | PSNR: 34.721 | MSE: 0.00033718 | BPP: 0.0644 | QP: 63
2026-07-21 01:50:15,226 [INFO] [500/1057] | Loss: 0.147 | PSNR: 32.416 | MSE: 0.00057331 | BPP: 0.0305 | QP: 12
2026-07-21 01:54:03,001 [INFO] [1000/1057] | Loss: 0.160 | PSNR: 32.462 | MSE: 0.00056725 | BPP: 0.0316 | QP: 29
2026-07-21 01:54:27,490 [INFO] Train epoch 94: Loss: 0.162 | PSNR: 32.423 | MSE: 0.00057244 | BPP: 0.0317
2026-07-21 01:55:28,767 [INFO] Val epoch 94: Loss: 0.290 | PSNR: 34.977 | MSE: 0.00031794 | BPP: 0.0457
2026-07-21 01:55:31,225 [INFO] Checkpoint epoch 94: best model saved: no | current loss: 0.289852 | best loss: 0.288868
2026-07-21 01:55:31,225 [INFO] Global step updated to: 100415
2026-07-21 01:55:31,225 [INFO] ====== Current epoch 95 ======
2026-07-21 01:55:31,225 [INFO] Learning rate: 0.0001
2026-07-21 01:55:32,945 [INFO] [0/1057] | Loss: 0.157 | PSNR: 38.103 | MSE: 0.00015478 | BPP: 0.0381 | QP: 63
2026-07-21 01:59:22,182 [INFO] [500/1057] | Loss: 0.164 | PSNR: 32.766 | MSE: 0.00052891 | BPP: 0.0328 | QP: 52
2026-07-21 02:03:11,186 [INFO] [1000/1057] | Loss: 0.166 | PSNR: 32.710 | MSE: 0.00053581 | BPP: 0.0330 | QP: 56
2026-07-21 02:03:35,712 [INFO] Train epoch 95: Loss: 0.165 | PSNR: 32.626 | MSE: 0.00054630 | BPP: 0.0331
2026-07-21 02:04:37,868 [INFO] Val epoch 95: Loss: 0.304 | PSNR: 34.755 | MSE: 0.00033455 | BPP: 0.0474
2026-07-21 02:04:40,481 [INFO] Checkpoint epoch 95: best model saved: no | current loss: 0.304351 | best loss: 0.288868
2026-07-21 02:04:40,481 [INFO] Global step updated to: 101472
2026-07-21 02:04:40,481 [INFO] ====== Current epoch 96 ======
2026-07-21 02:04:40,481 [INFO] Learning rate: 0.0001
2026-07-21 02:04:42,044 [INFO] [0/1057] | Loss: 0.270 | PSNR: 35.121 | MSE: 0.00030754 | BPP: 0.0338 | QP: 63
2026-07-21 02:08:30,148 [INFO] [500/1057] | Loss: 0.155 | PSNR: 32.483 | MSE: 0.00056450 | BPP: 0.0320 | QP: 1
2026-07-21 02:12:17,090 [INFO] [1000/1057] | Loss: 0.160 | PSNR: 32.379 | MSE: 0.00057823 | BPP: 0.0320 | QP: 9
2026-07-21 02:12:42,219 [INFO] Train epoch 96: Loss: 0.159 | PSNR: 32.449 | MSE: 0.00056895 | BPP: 0.0318
2026-07-21 02:13:45,575 [INFO] Val epoch 96: Loss: 0.295 | PSNR: 34.884 | MSE: 0.00032480 | BPP: 0.0456
2026-07-21 02:13:48,018 [INFO] Checkpoint epoch 96: best model saved: no | current loss: 0.295068 | best loss: 0.288868
2026-07-21 02:13:48,019 [INFO] Global step updated to: 102529
2026-07-21 02:13:48,019 [INFO] ====== Current epoch 97 ======
2026-07-21 02:13:48,019 [INFO] Learning rate: 0.0001
2026-07-21 02:13:49,790 [INFO] [0/1057] | Loss: 0.388 | PSNR: 33.643 | MSE: 0.00043220 | BPP: 0.0564 | QP: 63
2026-07-21 02:17:38,599 [INFO] [500/1057] | Loss: 0.170 | PSNR: 32.622 | MSE: 0.00054672 | BPP: 0.0332 | QP: 40
2026-07-21 02:21:25,468 [INFO] [1000/1057] | Loss: 0.164 | PSNR: 32.641 | MSE: 0.00054433 | BPP: 0.0325 | QP: 4
2026-07-21 02:21:50,277 [INFO] Train epoch 97: Loss: 0.162 | PSNR: 32.610 | MSE: 0.00054823 | BPP: 0.0323
2026-07-21 02:22:52,506 [INFO] Val epoch 97: Loss: 0.291 | PSNR: 34.961 | MSE: 0.00031908 | BPP: 0.0458
2026-07-21 02:22:54,983 [INFO] Checkpoint epoch 97: best model saved: no | current loss: 0.290887 | best loss: 0.288868
2026-07-21 02:22:54,983 [INFO] Global step updated to: 103586
2026-07-21 02:22:54,983 [INFO] ====== Current epoch 98 ======
2026-07-21 02:22:54,983 [INFO] Learning rate: 0.0001
2026-07-21 02:22:56,683 [INFO] [0/1057] | Loss: 0.161 | PSNR: 37.435 | MSE: 0.00018051 | BPP: 0.0221 | QP: 63
2026-07-21 02:26:44,600 [INFO] [500/1057] | Loss: 0.157 | PSNR: 32.547 | MSE: 0.00055631 | BPP: 0.0322 | QP: 0
2026-07-21 02:30:31,243 [INFO] [1000/1057] | Loss: 0.155 | PSNR: 32.505 | MSE: 0.00056164 | BPP: 0.0321 | QP: 12
2026-07-21 02:30:56,056 [INFO] Train epoch 98: Loss: 0.160 | PSNR: 32.477 | MSE: 0.00056538 | BPP: 0.0320
2026-07-21 02:31:58,226 [INFO] Val epoch 98: Loss: 0.278 | PSNR: 35.196 | MSE: 0.00030227 | BPP: 0.0457
2026-07-21 02:32:02,004 [INFO] Checkpoint epoch 98: best model saved: yes | current loss: 0.277816 | best loss: 0.277816
2026-07-21 02:32:02,004 [INFO] Global step updated to: 104643
2026-07-21 02:32:02,004 [INFO] ====== Current epoch 99 ======
2026-07-21 02:32:02,004 [INFO] Learning rate: 0.0001
2026-07-21 02:32:03,662 [INFO] [0/1057] | Loss: 0.244 | PSNR: 35.849 | MSE: 0.00026005 | BPP: 0.0439 | QP: 63
2026-07-21 02:35:48,811 [INFO] [500/1057] | Loss: 0.161 | PSNR: 32.332 | MSE: 0.00058448 | BPP: 0.0318 | QP: 12
2026-07-21 02:39:35,825 [INFO] [1000/1057] | Loss: 0.161 | PSNR: 32.407 | MSE: 0.00057453 | BPP: 0.0316 | QP: 37
2026-07-21 02:40:00,454 [INFO] Train epoch 99: Loss: 0.161 | PSNR: 32.511 | MSE: 0.00056094 | BPP: 0.0318
2026-07-21 02:41:02,346 [INFO] Val epoch 99: Loss: 0.289 | PSNR: 35.007 | MSE: 0.00031575 | BPP: 0.0464
2026-07-21 02:41:04,896 [INFO] Checkpoint epoch 99: best model saved: no | current loss: 0.288906 | best loss: 0.277816
2026-07-21 02:41:04,896 [INFO] Global step updated to: 105700
2026-07-21 02:41:04,896 [INFO] ====== Current epoch 100 ======
2026-07-21 02:41:04,896 [INFO] Learning rate: 4e-05
2026-07-21 02:41:06,511 [INFO] [0/1057] | Loss: 0.170 | PSNR: 37.836 | MSE: 0.00016459 | BPP: 0.0432 | QP: 63
2026-07-21 02:44:54,145 [INFO] [500/1057] | Loss: 0.148 | PSNR: 32.944 | MSE: 0.00050774 | BPP: 0.0319 | QP: 35
2026-07-21 02:48:41,224 [INFO] [1000/1057] | Loss: 0.140 | PSNR: 32.918 | MSE: 0.00051069 | BPP: 0.0310 | QP: 30
2026-07-21 02:49:05,769 [INFO] Train epoch 100: Loss: 0.141 | PSNR: 32.915 | MSE: 0.00051105 | BPP: 0.0312
2026-07-21 02:50:07,964 [INFO] Val epoch 100: Loss: 0.259 | PSNR: 35.545 | MSE: 0.00027896 | BPP: 0.0450
2026-07-21 02:50:11,749 [INFO] Checkpoint epoch 100: best model saved: yes | current loss: 0.259246 | best loss: 0.259246
2026-07-21 02:50:11,750 [INFO] Global step updated to: 106757
2026-07-21 02:50:11,750 [INFO] ====== Current epoch 101 ======
2026-07-21 02:50:11,750 [INFO] Learning rate: 4e-05
2026-07-21 02:50:13,193 [INFO] [0/1057] | Loss: 0.141 | PSNR: 38.481 | MSE: 0.00014188 | BPP: 0.0318 | QP: 63
2026-07-21 02:53:59,969 [INFO] [500/1057] | Loss: 0.139 | PSNR: 32.870 | MSE: 0.00051646 | BPP: 0.0314 | QP: 11
2026-07-21 02:57:47,366 [INFO] [1000/1057] | Loss: 0.140 | PSNR: 33.019 | MSE: 0.00049901 | BPP: 0.0314 | QP: 36
2026-07-21 02:58:12,043 [INFO] Train epoch 101: Loss: 0.140 | PSNR: 33.009 | MSE: 0.00050015 | BPP: 0.0313
2026-07-21 02:59:14,212 [INFO] Val epoch 101: Loss: 0.263 | PSNR: 35.475 | MSE: 0.00028348 | BPP: 0.0452
2026-07-21 02:59:16,754 [INFO] Checkpoint epoch 101: best model saved: no | current loss: 0.262922 | best loss: 0.259246
2026-07-21 02:59:16,754 [INFO] Global step updated to: 107814
2026-07-21 02:59:16,755 [INFO] ====== Current epoch 102 ======
2026-07-21 02:59:16,755 [INFO] Learning rate: 4e-05
2026-07-21 02:59:18,449 [INFO] [0/1057] | Loss: 0.179 | PSNR: 37.573 | MSE: 0.00017486 | BPP: 0.0446 | QP: 63
2026-07-21 03:03:06,505 [INFO] [500/1057] | Loss: 0.140 | PSNR: 33.112 | MSE: 0.00048840 | BPP: 0.0318 | QP: 33
2026-07-21 03:06:52,673 [INFO] [1000/1057] | Loss: 0.142 | PSNR: 32.968 | MSE: 0.00050487 | BPP: 0.0317 | QP: 62
2026-07-21 03:07:17,031 [INFO] Train epoch 102: Loss: 0.141 | PSNR: 32.977 | MSE: 0.00050381 | BPP: 0.0314
2026-07-21 03:08:18,623 [INFO] Val epoch 102: Loss: 0.256 | PSNR: 35.619 | MSE: 0.00027422 | BPP: 0.0455
2026-07-21 03:08:22,403 [INFO] Checkpoint epoch 102: best model saved: yes | current loss: 0.256074 | best loss: 0.256074
2026-07-21 03:08:22,403 [INFO] Global step updated to: 108871
2026-07-21 03:08:22,403 [INFO] ====== Current epoch 103 ======
2026-07-21 03:08:22,403 [INFO] Learning rate: 4e-05
2026-07-21 03:08:24,211 [INFO] [0/1057] | Loss: 0.241 | PSNR: 35.929 | MSE: 0.00025532 | BPP: 0.0445 | QP: 63
2026-07-21 03:12:11,996 [INFO] [500/1057] | Loss: 0.140 | PSNR: 32.801 | MSE: 0.00052463 | BPP: 0.0304 | QP: 50
2026-07-21 03:15:58,815 [INFO] [1000/1057] | Loss: 0.139 | PSNR: 32.909 | MSE: 0.00051180 | BPP: 0.0308 | QP: 29
2026-07-21 03:16:23,426 [INFO] Train epoch 103: Loss: 0.139 | PSNR: 32.913 | MSE: 0.00051128 | BPP: 0.0310
2026-07-21 03:17:26,065 [INFO] Val epoch 103: Loss: 0.256 | PSNR: 35.617 | MSE: 0.00027436 | BPP: 0.0455
2026-07-21 03:17:28,660 [INFO] Checkpoint epoch 103: best model saved: no | current loss: 0.256171 | best loss: 0.256074
2026-07-21 03:17:28,661 [INFO] Global step updated to: 109928
2026-07-21 03:17:28,661 [INFO] ====== Current epoch 104 ======
2026-07-21 03:17:28,661 [INFO] Learning rate: 4e-05
2026-07-21 03:17:30,409 [INFO] [0/1057] | Loss: 0.312 | PSNR: 34.756 | MSE: 0.00033448 | BPP: 0.0552 | QP: 63
2026-07-21 03:21:19,317 [INFO] [500/1057] | Loss: 0.144 | PSNR: 32.961 | MSE: 0.00050568 | BPP: 0.0323 | QP: 63
2026-07-21 03:25:08,857 [INFO] [1000/1057] | Loss: 0.139 | PSNR: 33.015 | MSE: 0.00049950 | BPP: 0.0317 | QP: 53
2026-07-21 03:25:33,760 [INFO] Train epoch 104: Loss: 0.140 | PSNR: 32.980 | MSE: 0.00050346 | BPP: 0.0316
2026-07-21 03:26:35,179 [INFO] Val epoch 104: Loss: 0.254 | PSNR: 35.672 | MSE: 0.00027089 | BPP: 0.0458
2026-07-21 03:26:38,964 [INFO] Checkpoint epoch 104: best model saved: yes | current loss: 0.253825 | best loss: 0.253825
2026-07-21 03:26:38,964 [INFO] Global step updated to: 110985
2026-07-21 03:26:38,965 [INFO] ====== Current epoch 105 ======
2026-07-21 03:26:38,965 [INFO] Learning rate: 4e-05
2026-07-21 03:26:40,591 [INFO] [0/1057] | Loss: 0.257 | PSNR: 35.809 | MSE: 0.00026248 | BPP: 0.0550 | QP: 63
2026-07-21 03:30:27,564 [INFO] [500/1057] | Loss: 0.138 | PSNR: 32.851 | MSE: 0.00051872 | BPP: 0.0316 | QP: 28
2026-07-21 03:34:11,737 [INFO] [1000/1057] | Loss: 0.139 | PSNR: 33.015 | MSE: 0.00049941 | BPP: 0.0320 | QP: 58
2026-07-21 03:34:36,350 [INFO] Train epoch 105: Loss: 0.140 | PSNR: 33.132 | MSE: 0.00048613 | BPP: 0.0319
2026-07-21 03:35:37,356 [INFO] Val epoch 105: Loss: 0.255 | PSNR: 35.639 | MSE: 0.00027299 | BPP: 0.0457
2026-07-21 03:35:39,803 [INFO] Checkpoint epoch 105: best model saved: no | current loss: 0.255355 | best loss: 0.253825
2026-07-21 03:35:39,804 [INFO] Global step updated to: 112042
2026-07-21 03:35:39,804 [INFO] ====== Current epoch 106 ======
2026-07-21 03:35:39,804 [INFO] Learning rate: 4e-05
2026-07-21 03:35:41,541 [INFO] [0/1057] | Loss: 0.193 | PSNR: 37.212 | MSE: 0.00019001 | BPP: 0.0471 | QP: 63
2026-07-21 03:39:30,150 [INFO] [500/1057] | Loss: 0.137 | PSNR: 33.101 | MSE: 0.00048972 | BPP: 0.0312 | QP: 49
2026-07-21 03:43:17,271 [INFO] [1000/1057] | Loss: 0.136 | PSNR: 32.970 | MSE: 0.00050471 | BPP: 0.0313 | QP: 59
2026-07-21 03:43:42,049 [INFO] Train epoch 106: Loss: 0.136 | PSNR: 33.107 | MSE: 0.00048897 | BPP: 0.0313
2026-07-21 03:44:44,398 [INFO] Val epoch 106: Loss: 0.255 | PSNR: 35.638 | MSE: 0.00027301 | BPP: 0.0456
2026-07-21 03:44:46,775 [INFO] Checkpoint epoch 106: best model saved: no | current loss: 0.255271 | best loss: 0.253825
2026-07-21 03:44:46,775 [INFO] Global step updated to: 113099
2026-07-21 03:44:46,775 [INFO] ====== Current epoch 107 ======
2026-07-21 03:44:46,775 [INFO] Learning rate: 4e-05
2026-07-21 03:44:48,451 [INFO] [0/1057] | Loss: 0.309 | PSNR: 34.823 | MSE: 0.00032939 | BPP: 0.0563 | QP: 63
2026-07-21 03:48:35,757 [INFO] [500/1057] | Loss: 0.139 | PSNR: 33.075 | MSE: 0.00049263 | BPP: 0.0320 | QP: 36
2026-07-21 03:52:22,266 [INFO] [1000/1057] | Loss: 0.140 | PSNR: 33.083 | MSE: 0.00049168 | BPP: 0.0314 | QP: 14
2026-07-21 03:52:47,143 [INFO] Train epoch 107: Loss: 0.136 | PSNR: 33.061 | MSE: 0.00049417 | BPP: 0.0311
2026-07-21 03:53:49,177 [INFO] Val epoch 107: Loss: 0.253 | PSNR: 35.687 | MSE: 0.00026999 | BPP: 0.0457
2026-07-21 03:53:52,815 [INFO] Checkpoint epoch 107: best model saved: yes | current loss: 0.253097 | best loss: 0.253097
2026-07-21 03:53:52,815 [INFO] Global step updated to: 114156
2026-07-21 03:53:52,815 [INFO] ====== Current epoch 108 ======
2026-07-21 03:53:52,815 [INFO] Learning rate: 4e-05
2026-07-21 03:53:54,360 [INFO] [0/1057] | Loss: 0.274 | PSNR: 35.352 | MSE: 0.00029158 | BPP: 0.0501 | QP: 63
2026-07-21 03:57:41,051 [INFO] [500/1057] | Loss: 0.137 | PSNR: 32.905 | MSE: 0.00051226 | BPP: 0.0318 | QP: 6
2026-07-21 04:01:27,422 [INFO] [1000/1057] | Loss: 0.137 | PSNR: 32.960 | MSE: 0.00050579 | BPP: 0.0313 | QP: 62
2026-07-21 04:01:52,228 [INFO] Train epoch 108: Loss: 0.137 | PSNR: 33.024 | MSE: 0.00049841 | BPP: 0.0314
2026-07-21 04:02:53,417 [INFO] Val epoch 108: Loss: 0.256 | PSNR: 35.643 | MSE: 0.00027271 | BPP: 0.0461
2026-07-21 04:02:55,998 [INFO] Checkpoint epoch 108: best model saved: no | current loss: 0.255564 | best loss: 0.253097
2026-07-21 04:02:55,998 [INFO] Global step updated to: 115213
2026-07-21 04:02:55,998 [INFO] ====== Current epoch 109 ======
2026-07-21 04:02:55,998 [INFO] Learning rate: 4e-05
2026-07-21 04:02:57,550 [INFO] [0/1057] | Loss: 0.160 | PSNR: 38.164 | MSE: 0.00015260 | BPP: 0.0428 | QP: 63
2026-07-21 04:06:44,699 [INFO] [500/1057] | Loss: 0.137 | PSNR: 33.175 | MSE: 0.00048144 | BPP: 0.0317 | QP: 29
2026-07-21 04:10:30,260 [INFO] [1000/1057] | Loss: 0.132 | PSNR: 33.022 | MSE: 0.00049864 | BPP: 0.0308 | QP: 35
2026-07-21 04:10:54,762 [INFO] Train epoch 109: Loss: 0.137 | PSNR: 32.893 | MSE: 0.00051368 | BPP: 0.0312
2026-07-21 04:11:57,034 [INFO] Val epoch 109: Loss: 0.255 | PSNR: 35.659 | MSE: 0.00027173 | BPP: 0.0466
2026-07-21 04:11:59,456 [INFO] Checkpoint epoch 109: best model saved: no | current loss: 0.255246 | best loss: 0.253097
2026-07-21 04:11:59,456 [INFO] Global step updated to: 116270
2026-07-21 04:11:59,456 [INFO] ====== Current epoch 110 ======
2026-07-21 04:11:59,456 [INFO] Learning rate: 4e-05
2026-07-21 04:12:01,198 [INFO] [0/1057] | Loss: 0.310 | PSNR: 34.553 | MSE: 0.00035047 | BPP: 0.0413 | QP: 63
2026-07-21 04:15:49,485 [INFO] [500/1057] | Loss: 0.139 | PSNR: 33.160 | MSE: 0.00048309 | BPP: 0.0322 | QP: 5
2026-07-21 04:19:35,754 [INFO] [1000/1057] | Loss: 0.135 | PSNR: 33.073 | MSE: 0.00049283 | BPP: 0.0314 | QP: 24
2026-07-21 04:20:00,406 [INFO] Train epoch 110: Loss: 0.136 | PSNR: 33.052 | MSE: 0.00049527 | BPP: 0.0314
2026-07-21 04:21:02,533 [INFO] Val epoch 110: Loss: 0.255 | PSNR: 35.659 | MSE: 0.00027172 | BPP: 0.0461
2026-07-21 04:21:05,065 [INFO] Checkpoint epoch 110: best model saved: no | current loss: 0.254816 | best loss: 0.253097
2026-07-21 04:21:05,065 [INFO] Global step updated to: 117327
2026-07-21 04:21:05,065 [INFO] ====== Current epoch 111 ======
2026-07-21 04:21:05,065 [INFO] Learning rate: 4e-05
2026-07-21 04:21:06,865 [INFO] [0/1057] | Loss: 0.520 | PSNR: 32.299 | MSE: 0.00058892 | BPP: 0.0680 | QP: 63
2026-07-21 04:24:53,584 [INFO] [500/1057] | Loss: 0.141 | PSNR: 33.248 | MSE: 0.00047339 | BPP: 0.0320 | QP: 57
2026-07-21 04:28:41,150 [INFO] [1000/1057] | Loss: 0.138 | PSNR: 33.189 | MSE: 0.00047986 | BPP: 0.0317 | QP: 46
2026-07-21 04:29:05,838 [INFO] Train epoch 111: Loss: 0.138 | PSNR: 33.117 | MSE: 0.00048791 | BPP: 0.0317
2026-07-21 04:30:07,761 [INFO] Val epoch 111: Loss: 0.252 | PSNR: 35.718 | MSE: 0.00026803 | BPP: 0.0462
2026-07-21 04:30:11,479 [INFO] Checkpoint epoch 111: best model saved: yes | current loss: 0.252089 | best loss: 0.252089
2026-07-21 04:30:11,479 [INFO] Global step updated to: 118384
2026-07-21 04:30:11,479 [INFO] ====== Current epoch 112 ======
2026-07-21 04:30:11,479 [INFO] Learning rate: 4e-05
2026-07-21 04:30:13,048 [INFO] [0/1057] | Loss: 1.302 | PSNR: 27.972 | MSE: 0.00159521 | BPP: 0.0768 | QP: 63
2026-07-21 04:33:59,566 [INFO] [500/1057] | Loss: 0.140 | PSNR: 33.105 | MSE: 0.00048922 | BPP: 0.0318 | QP: 16
2026-07-21 04:37:46,137 [INFO] [1000/1057] | Loss: 0.141 | PSNR: 33.111 | MSE: 0.00048858 | BPP: 0.0316 | QP: 57
2026-07-21 04:38:10,351 [INFO] Train epoch 112: Loss: 0.137 | PSNR: 33.089 | MSE: 0.00049100 | BPP: 0.0315
2026-07-21 04:39:12,344 [INFO] Val epoch 112: Loss: 0.251 | PSNR: 35.737 | MSE: 0.00026688 | BPP: 0.0462
2026-07-21 04:39:16,141 [INFO] Checkpoint epoch 112: best model saved: yes | current loss: 0.251187 | best loss: 0.251187
2026-07-21 04:39:16,142 [INFO] Global step updated to: 119441
2026-07-21 04:39:16,142 [INFO] ====== Current epoch 113 ======
2026-07-21 04:39:16,142 [INFO] Learning rate: 4e-05
2026-07-21 04:39:17,732 [INFO] [0/1057] | Loss: 0.365 | PSNR: 34.030 | MSE: 0.00039534 | BPP: 0.0616 | QP: 63
2026-07-21 04:43:03,346 [INFO] [500/1057] | Loss: 0.128 | PSNR: 33.264 | MSE: 0.00047166 | BPP: 0.0314 | QP: 5
2026-07-21 04:46:50,055 [INFO] [1000/1057] | Loss: 0.133 | PSNR: 33.147 | MSE: 0.00048447 | BPP: 0.0312 | QP: 24
2026-07-21 04:47:14,631 [INFO] Train epoch 113: Loss: 0.136 | PSNR: 33.081 | MSE: 0.00049192 | BPP: 0.0313
2026-07-21 04:48:17,060 [INFO] Val epoch 113: Loss: 0.249 | PSNR: 35.788 | MSE: 0.00026378 | BPP: 0.0459
2026-07-21 04:48:20,681 [INFO] Checkpoint epoch 113: best model saved: yes | current loss: 0.248507 | best loss: 0.248507
2026-07-21 04:48:20,681 [INFO] Global step updated to: 120498
2026-07-21 04:48:20,681 [INFO] ====== Current epoch 114 ======
2026-07-21 04:48:20,681 [INFO] Learning rate: 4e-05
2026-07-21 04:48:22,294 [INFO] [0/1057] | Loss: 0.345 | PSNR: 34.278 | MSE: 0.00037343 | BPP: 0.0585 | QP: 63
2026-07-21 04:52:08,856 [INFO] [500/1057] | Loss: 0.142 | PSNR: 33.022 | MSE: 0.00049871 | BPP: 0.0326 | QP: 48
2026-07-21 04:55:56,030 [INFO] [1000/1057] | Loss: 0.137 | PSNR: 33.068 | MSE: 0.00049341 | BPP: 0.0321 | QP: 15
2026-07-21 04:56:20,605 [INFO] Train epoch 114: Loss: 0.138 | PSNR: 33.079 | MSE: 0.00049216 | BPP: 0.0319
2026-07-21 04:57:22,491 [INFO] Val epoch 114: Loss: 0.250 | PSNR: 35.760 | MSE: 0.00026548 | BPP: 0.0461
2026-07-21 04:57:25,130 [INFO] Checkpoint epoch 114: best model saved: no | current loss: 0.249964 | best loss: 0.248507
2026-07-21 04:57:25,131 [INFO] Global step updated to: 121555
2026-07-21 04:57:25,131 [INFO] ====== Current epoch 115 ======
2026-07-21 04:57:25,131 [INFO] Learning rate: 4e-05
2026-07-21 04:57:26,740 [INFO] [0/1057] | Loss: 0.272 | PSNR: 35.442 | MSE: 0.00028566 | BPP: 0.0524 | QP: 63
2026-07-21 05:01:13,124 [INFO] [500/1057] | Loss: 0.133 | PSNR: 32.964 | MSE: 0.00050530 | BPP: 0.0305 | QP: 49
2026-07-21 05:04:59,647 [INFO] [1000/1057] | Loss: 0.134 | PSNR: 32.991 | MSE: 0.00050222 | BPP: 0.0312 | QP: 35
2026-07-21 05:05:24,220 [INFO] Train epoch 115: Loss: 0.135 | PSNR: 33.001 | MSE: 0.00050112 | BPP: 0.0312
2026-07-21 05:06:25,840 [INFO] Val epoch 115: Loss: 0.248 | PSNR: 35.802 | MSE: 0.00026291 | BPP: 0.0460
2026-07-21 05:06:29,751 [INFO] Checkpoint epoch 115: best model saved: yes | current loss: 0.247945 | best loss: 0.247945
2026-07-21 05:06:29,751 [INFO] Global step updated to: 122612
2026-07-21 05:06:29,751 [INFO] ====== Current epoch 116 ======
2026-07-21 05:06:29,751 [INFO] Learning rate: 4e-05
2026-07-21 05:06:31,368 [INFO] [0/1057] | Loss: 0.234 | PSNR: 36.151 | MSE: 0.00024258 | BPP: 0.0476 | QP: 63
2026-07-21 05:10:17,338 [INFO] [500/1057] | Loss: 0.140 | PSNR: 33.035 | MSE: 0.00049716 | BPP: 0.0313 | QP: 25
2026-07-21 05:14:04,418 [INFO] [1000/1057] | Loss: 0.136 | PSNR: 33.101 | MSE: 0.00048965 | BPP: 0.0315 | QP: 0
2026-07-21 05:14:29,188 [INFO] Train epoch 116: Loss: 0.136 | PSNR: 33.093 | MSE: 0.00049062 | BPP: 0.0317
2026-07-21 05:15:30,834 [INFO] Val epoch 116: Loss: 0.248 | PSNR: 35.805 | MSE: 0.00026272 | BPP: 0.0462
2026-07-21 05:15:34,658 [INFO] Checkpoint epoch 116: best model saved: yes | current loss: 0.247917 | best loss: 0.247917
2026-07-21 05:15:34,658 [INFO] Global step updated to: 123669
2026-07-21 05:15:34,659 [INFO] ====== Current epoch 117 ======
2026-07-21 05:15:34,659 [INFO] Learning rate: 4e-05
2026-07-21 05:15:36,337 [INFO] [0/1057] | Loss: 0.316 | PSNR: 34.688 | MSE: 0.00033982 | BPP: 0.0545 | QP: 63
2026-07-21 05:19:22,669 [INFO] [500/1057] | Loss: 0.147 | PSNR: 32.965 | MSE: 0.00050526 | BPP: 0.0319 | QP: 41
2026-07-21 05:23:07,767 [INFO] [1000/1057] | Loss: 0.140 | PSNR: 32.988 | MSE: 0.00050262 | BPP: 0.0311 | QP: 63
2026-07-21 05:23:32,639 [INFO] Train epoch 117: Loss: 0.135 | PSNR: 33.033 | MSE: 0.00049741 | BPP: 0.0312
2026-07-21 05:24:34,043 [INFO] Val epoch 117: Loss: 0.249 | PSNR: 35.775 | MSE: 0.00026452 | BPP: 0.0459
2026-07-21 05:24:36,519 [INFO] Checkpoint epoch 117: best model saved: no | current loss: 0.249037 | best loss: 0.247917
2026-07-21 05:24:36,519 [INFO] Global step updated to: 124726
2026-07-21 05:24:36,519 [INFO] ====== Current epoch 118 ======
2026-07-21 05:24:36,519 [INFO] Learning rate: 4e-05
2026-07-21 05:24:38,265 [INFO] [0/1057] | Loss: 0.344 | PSNR: 34.170 | MSE: 0.00038286 | BPP: 0.0504 | QP: 63
2026-07-21 05:28:25,015 [INFO] [500/1057] | Loss: 0.133 | PSNR: 33.069 | MSE: 0.00049330 | BPP: 0.0309 | QP: 32
2026-07-21 05:32:11,874 [INFO] [1000/1057] | Loss: 0.133 | PSNR: 33.020 | MSE: 0.00049891 | BPP: 0.0310 | QP: 49
2026-07-21 05:32:36,535 [INFO] Train epoch 118: Loss: 0.132 | PSNR: 33.034 | MSE: 0.00049732 | BPP: 0.0310
2026-07-21 05:33:38,011 [INFO] Val epoch 118: Loss: 0.247 | PSNR: 35.838 | MSE: 0.00026071 | BPP: 0.0464
2026-07-21 05:33:42,025 [INFO] Checkpoint epoch 118: best model saved: yes | current loss: 0.246620 | best loss: 0.246620
2026-07-21 05:33:42,025 [INFO] Global step updated to: 125783
2026-07-21 05:33:42,025 [INFO] ====== Current epoch 119 ======
2026-07-21 05:33:42,025 [INFO] Learning rate: 4e-05
2026-07-21 05:33:43,747 [INFO] [0/1057] | Loss: 0.118 | PSNR: 39.644 | MSE: 0.00010853 | BPP: 0.0350 | QP: 63
2026-07-21 05:37:30,185 [INFO] [500/1057] | Loss: 0.136 | PSNR: 32.851 | MSE: 0.00051873 | BPP: 0.0311 | QP: 31
2026-07-21 05:41:18,804 [INFO] [1000/1057] | Loss: 0.138 | PSNR: 33.038 | MSE: 0.00049684 | BPP: 0.0314 | QP: 27
2026-07-21 05:41:42,770 [INFO] Train epoch 119: Loss: 0.133 | PSNR: 33.098 | MSE: 0.00049004 | BPP: 0.0312
2026-07-21 05:42:44,762 [INFO] Val epoch 119: Loss: 0.247 | PSNR: 35.826 | MSE: 0.00026148 | BPP: 0.0462
2026-07-21 05:42:47,166 [INFO] Checkpoint epoch 119: best model saved: no | current loss: 0.247019 | best loss: 0.246620
2026-07-21 05:42:47,166 [INFO] Global step updated to: 126840
2026-07-21 05:42:47,166 [INFO] ====== Current epoch 120 ======
2026-07-21 05:42:47,166 [INFO] Learning rate: 4e-05
2026-07-21 05:42:48,860 [INFO] [0/1057] | Loss: 0.209 | PSNR: 36.587 | MSE: 0.00021942 | BPP: 0.0400 | QP: 63
2026-07-21 05:46:35,480 [INFO] [500/1057] | Loss: 0.135 | PSNR: 32.813 | MSE: 0.00052328 | BPP: 0.0312 | QP: 3
2026-07-21 05:50:23,687 [INFO] [1000/1057] | Loss: 0.133 | PSNR: 32.920 | MSE: 0.00051054 | BPP: 0.0309 | QP: 10
2026-07-21 05:50:48,059 [INFO] Train epoch 120: Loss: 0.133 | PSNR: 32.881 | MSE: 0.00051510 | BPP: 0.0308
2026-07-21 05:51:50,606 [INFO] Val epoch 120: Loss: 0.250 | PSNR: 35.765 | MSE: 0.00026514 | BPP: 0.0463
2026-07-21 05:51:53,146 [INFO] Checkpoint epoch 120: best model saved: no | current loss: 0.249965 | best loss: 0.246620
2026-07-21 05:51:53,146 [INFO] Global step updated to: 127897
2026-07-21 05:51:53,146 [INFO] ====== Current epoch 121 ======
2026-07-21 05:51:53,146 [INFO] Learning rate: 4e-05
2026-07-21 05:51:54,913 [INFO] [0/1057] | Loss: 0.396 | PSNR: 33.736 | MSE: 0.00042305 | BPP: 0.0710 | QP: 63
2026-07-21 05:55:40,866 [INFO] [500/1057] | Loss: 0.130 | PSNR: 33.102 | MSE: 0.00048953 | BPP: 0.0308 | QP: 16
2026-07-21 05:59:27,708 [INFO] [1000/1057] | Loss: 0.133 | PSNR: 33.126 | MSE: 0.00048689 | BPP: 0.0312 | QP: 53
2026-07-21 05:59:52,648 [INFO] Train epoch 121: Loss: 0.134 | PSNR: 33.067 | MSE: 0.00049354 | BPP: 0.0314
2026-07-21 06:00:54,754 [INFO] Val epoch 121: Loss: 0.257 | PSNR: 35.614 | MSE: 0.00027455 | BPP: 0.0463
2026-07-21 06:00:57,368 [INFO] Checkpoint epoch 121: best model saved: no | current loss: 0.257119 | best loss: 0.246620
2026-07-21 06:00:57,368 [INFO] Global step updated to: 128954
2026-07-21 06:00:57,368 [INFO] ====== Current epoch 122 ======
2026-07-21 06:00:57,368 [INFO] Learning rate: 4e-05
2026-07-21 06:00:58,988 [INFO] [0/1057] | Loss: 0.257 | PSNR: 35.718 | MSE: 0.00026805 | BPP: 0.0510 | QP: 63
2026-07-21 06:04:47,062 [INFO] [500/1057] | Loss: 0.125 | PSNR: 33.187 | MSE: 0.00048008 | BPP: 0.0306 | QP: 19
2026-07-21 06:08:33,892 [INFO] [1000/1057] | Loss: 0.127 | PSNR: 33.219 | MSE: 0.00047658 | BPP: 0.0308 | QP: 23
2026-07-21 06:08:58,775 [INFO] Train epoch 122: Loss: 0.135 | PSNR: 33.109 | MSE: 0.00048878 | BPP: 0.0315
2026-07-21 06:10:00,359 [INFO] Val epoch 122: Loss: 0.251 | PSNR: 35.745 | MSE: 0.00026640 | BPP: 0.0467
2026-07-21 06:10:02,723 [INFO] Checkpoint epoch 122: best model saved: no | current loss: 0.251284 | best loss: 0.246620
2026-07-21 06:10:02,724 [INFO] Global step updated to: 130011
2026-07-21 06:10:02,724 [INFO] ====== Current epoch 123 ======
2026-07-21 06:10:02,724 [INFO] Learning rate: 4e-05
2026-07-21 06:10:04,441 [INFO] [0/1057] | Loss: 0.158 | PSNR: 38.292 | MSE: 0.00014819 | BPP: 0.0444 | QP: 63
2026-07-21 06:13:53,256 [INFO] [500/1057] | Loss: 0.134 | PSNR: 33.023 | MSE: 0.00049859 | BPP: 0.0314 | QP: 38
2026-07-21 06:17:42,262 [INFO] [1000/1057] | Loss: 0.130 | PSNR: 33.080 | MSE: 0.00049205 | BPP: 0.0309 | QP: 45
2026-07-21 06:18:07,659 [INFO] Train epoch 123: Loss: 0.133 | PSNR: 33.012 | MSE: 0.00049980 | BPP: 0.0309
2026-07-21 06:19:09,775 [INFO] Val epoch 123: Loss: 0.244 | PSNR: 35.907 | MSE: 0.00025664 | BPP: 0.0465
2026-07-21 06:19:13,443 [INFO] Checkpoint epoch 123: best model saved: yes | current loss: 0.243606 | best loss: 0.243606
2026-07-21 06:19:13,443 [INFO] Global step updated to: 131068
2026-07-21 06:19:13,443 [INFO] ====== Current epoch 124 ======
2026-07-21 06:19:13,443 [INFO] Learning rate: 4e-05
2026-07-21 06:19:15,098 [INFO] [0/1057] | Loss: 0.210 | PSNR: 36.566 | MSE: 0.00022050 | BPP: 0.0404 | QP: 63
2026-07-21 06:23:01,234 [INFO] [500/1057] | Loss: 0.136 | PSNR: 33.100 | MSE: 0.00048974 | BPP: 0.0319 | QP: 32
2026-07-21 06:26:48,559 [INFO] [1000/1057] | Loss: 0.131 | PSNR: 33.090 | MSE: 0.00049094 | BPP: 0.0311 | QP: 7
2026-07-21 06:27:13,572 [INFO] Train epoch 124: Loss: 0.132 | PSNR: 33.069 | MSE: 0.00049333 | BPP: 0.0312
2026-07-21 06:28:16,809 [INFO] Val epoch 124: Loss: 0.244 | PSNR: 35.887 | MSE: 0.00025783 | BPP: 0.0463
2026-07-21 06:28:19,284 [INFO] Checkpoint epoch 124: best model saved: no | current loss: 0.244333 | best loss: 0.243606
2026-07-21 06:28:19,284 [INFO] Global step updated to: 132125
2026-07-21 06:28:19,284 [INFO] ====== Current epoch 125 ======
2026-07-21 06:28:19,284 [INFO] Learning rate: 4e-05
2026-07-21 06:28:21,042 [INFO] [0/1057] | Loss: 0.341 | PSNR: 34.381 | MSE: 0.00036464 | BPP: 0.0612 | QP: 63
2026-07-21 06:32:09,319 [INFO] [500/1057] | Loss: 0.137 | PSNR: 33.047 | MSE: 0.00049584 | BPP: 0.0319 | QP: 25
2026-07-21 06:35:55,960 [INFO] [1000/1057] | Loss: 0.133 | PSNR: 33.171 | MSE: 0.00048181 | BPP: 0.0316 | QP: 12
2026-07-21 06:36:21,163 [INFO] Train epoch 125: Loss: 0.134 | PSNR: 33.113 | MSE: 0.00048832 | BPP: 0.0316
2026-07-21 06:37:22,889 [INFO] Val epoch 125: Loss: 0.244 | PSNR: 35.888 | MSE: 0.00025778 | BPP: 0.0461
2026-07-21 06:37:25,206 [INFO] Checkpoint epoch 125: best model saved: no | current loss: 0.244041 | best loss: 0.243606
2026-07-21 06:37:25,206 [INFO] Global step updated to: 133182
2026-07-21 06:37:25,206 [INFO] ====== Current epoch 126 ======
2026-07-21 06:37:25,206 [INFO] Learning rate: 4e-05
2026-07-21 06:37:27,092 [INFO] [0/1057] | Loss: 0.581 | PSNR: 31.780 | MSE: 0.00066378 | BPP: 0.0708 | QP: 63
2026-07-21 06:41:15,617 [INFO] [500/1057] | Loss: 0.142 | PSNR: 33.038 | MSE: 0.00049683 | BPP: 0.0320 | QP: 25
2026-07-21 06:45:04,431 [INFO] [1000/1057] | Loss: 0.136 | PSNR: 33.033 | MSE: 0.00049744 | BPP: 0.0316 | QP: 11
2026-07-21 06:45:28,970 [INFO] Train epoch 126: Loss: 0.134 | PSNR: 33.107 | MSE: 0.00048905 | BPP: 0.0315
2026-07-21 06:46:30,492 [INFO] Val epoch 126: Loss: 0.249 | PSNR: 35.789 | MSE: 0.00026366 | BPP: 0.0469
2026-07-21 06:46:32,941 [INFO] Checkpoint epoch 126: best model saved: no | current loss: 0.249385 | best loss: 0.243606
2026-07-21 06:46:32,942 [INFO] Global step updated to: 134239
2026-07-21 06:46:32,942 [INFO] ====== Current epoch 127 ======
2026-07-21 06:46:32,942 [INFO] Learning rate: 4e-05
2026-07-21 06:46:34,847 [INFO] [0/1057] | Loss: 0.218 | PSNR: 36.623 | MSE: 0.00021761 | BPP: 0.0509 | QP: 63
2026-07-21 06:50:23,013 [INFO] [500/1057] | Loss: 0.132 | PSNR: 33.229 | MSE: 0.00047549 | BPP: 0.0321 | QP: 41
2026-07-21 06:54:10,808 [INFO] [1000/1057] | Loss: 0.132 | PSNR: 33.107 | MSE: 0.00048900 | BPP: 0.0317 | QP: 50
2026-07-21 06:54:34,782 [INFO] Train epoch 127: Loss: 0.134 | PSNR: 33.160 | MSE: 0.00048303 | BPP: 0.0317
2026-07-21 06:55:36,729 [INFO] Val epoch 127: Loss: 0.243 | PSNR: 35.915 | MSE: 0.00025613 | BPP: 0.0464
2026-07-21 06:55:40,671 [INFO] Checkpoint epoch 127: best model saved: yes | current loss: 0.243070 | best loss: 0.243070
2026-07-21 06:55:40,671 [INFO] Global step updated to: 135296
2026-07-21 06:55:40,671 [INFO] ====== Current epoch 128 ======
2026-07-21 06:55:40,671 [INFO] Learning rate: 4e-05
2026-07-21 06:55:42,386 [INFO] [0/1057] | Loss: 0.115 | PSNR: 39.800 | MSE: 0.00010471 | BPP: 0.0343 | QP: 63
2026-07-21 06:59:29,720 [INFO] [500/1057] | Loss: 0.127 | PSNR: 33.160 | MSE: 0.00048307 | BPP: 0.0311 | QP: 9
2026-07-21 07:03:15,965 [INFO] [1000/1057] | Loss: 0.127 | PSNR: 33.184 | MSE: 0.00048034 | BPP: 0.0310 | QP: 41
2026-07-21 07:03:40,700 [INFO] Train epoch 128: Loss: 0.133 | PSNR: 33.079 | MSE: 0.00049216 | BPP: 0.0315
2026-07-21 07:04:42,081 [INFO] Val epoch 128: Loss: 0.245 | PSNR: 35.866 | MSE: 0.00025904 | BPP: 0.0465
2026-07-21 07:04:44,513 [INFO] Checkpoint epoch 128: best model saved: no | current loss: 0.245442 | best loss: 0.243070
2026-07-21 07:04:44,514 [INFO] Global step updated to: 136353
2026-07-21 07:04:44,514 [INFO] ====== Current epoch 129 ======
2026-07-21 07:04:44,514 [INFO] Learning rate: 4e-05
2026-07-21 07:04:46,299 [INFO] [0/1057] | Loss: 0.459 | PSNR: 32.809 | MSE: 0.00052376 | BPP: 0.0569 | QP: 63
2026-07-21 07:08:33,584 [INFO] [500/1057] | Loss: 0.129 | PSNR: 33.154 | MSE: 0.00048378 | BPP: 0.0310 | QP: 6
2026-07-21 07:12:19,798 [INFO] [1000/1057] | Loss: 0.129 | PSNR: 33.305 | MSE: 0.00046724 | BPP: 0.0313 | QP: 54
2026-07-21 07:12:44,926 [INFO] Train epoch 129: Loss: 0.134 | PSNR: 33.216 | MSE: 0.00047684 | BPP: 0.0317
2026-07-21 07:13:47,000 [INFO] Val epoch 129: Loss: 0.245 | PSNR: 35.892 | MSE: 0.00025752 | BPP: 0.0468
2026-07-21 07:13:49,486 [INFO] Checkpoint epoch 129: best model saved: no | current loss: 0.244542 | best loss: 0.243070
2026-07-21 07:13:49,487 [INFO] Global step updated to: 137410
2026-07-21 07:13:49,487 [INFO] ====== Current epoch 130 ======
2026-07-21 07:13:49,487 [INFO] Learning rate: 4e-05
2026-07-21 07:13:51,247 [INFO] [0/1057] | Loss: 0.107 | PSNR: 40.554 | MSE: 0.00008802 | BPP: 0.0397 | QP: 63
2026-07-21 07:17:38,937 [INFO] [500/1057] | Loss: 0.128 | PSNR: 32.902 | MSE: 0.00051263 | BPP: 0.0302 | QP: 59
2026-07-21 07:21:27,278 [INFO] [1000/1057] | Loss: 0.128 | PSNR: 33.018 | MSE: 0.00049911 | BPP: 0.0306 | QP: 46
2026-07-21 07:21:52,234 [INFO] Train epoch 130: Loss: 0.130 | PSNR: 33.052 | MSE: 0.00049527 | BPP: 0.0309
2026-07-21 07:22:53,536 [INFO] Val epoch 130: Loss: 0.243 | PSNR: 35.913 | MSE: 0.00025627 | BPP: 0.0464
2026-07-21 07:22:56,040 [INFO] Checkpoint epoch 130: best model saved: no | current loss: 0.243213 | best loss: 0.243070
2026-07-21 07:22:56,040 [INFO] Global step updated to: 138467
2026-07-21 07:22:56,040 [INFO] ====== Current epoch 131 ======
2026-07-21 07:22:56,040 [INFO] Learning rate: 4e-05
2026-07-21 07:22:57,703 [INFO] [0/1057] | Loss: 0.128 | PSNR: 39.183 | MSE: 0.00012070 | BPP: 0.0351 | QP: 63
2026-07-21 07:26:44,704 [INFO] [500/1057] | Loss: 0.129 | PSNR: 33.382 | MSE: 0.00045896 | BPP: 0.0316 | QP: 31
2026-07-21 07:30:31,272 [INFO] [1000/1057] | Loss: 0.131 | PSNR: 33.198 | MSE: 0.00047890 | BPP: 0.0315 | QP: 0
2026-07-21 07:30:56,136 [INFO] Train epoch 131: Loss: 0.132 | PSNR: 33.114 | MSE: 0.00048822 | BPP: 0.0314
2026-07-21 07:31:58,981 [INFO] Val epoch 131: Loss: 0.243 | PSNR: 35.911 | MSE: 0.00025639 | BPP: 0.0462
2026-07-21 07:32:01,566 [INFO] Checkpoint epoch 131: best model saved: no | current loss: 0.243086 | best loss: 0.243070
2026-07-21 07:32:01,567 [INFO] Global step updated to: 139524
2026-07-21 07:32:01,567 [INFO] ====== Current epoch 132 ======
2026-07-21 07:32:01,567 [INFO] Learning rate: 4e-05
2026-07-21 07:32:03,248 [INFO] [0/1057] | Loss: 0.217 | PSNR: 36.437 | MSE: 0.00022712 | BPP: 0.0426 | QP: 63
2026-07-21 07:35:50,062 [INFO] [500/1057] | Loss: 0.128 | PSNR: 33.259 | MSE: 0.00047218 | BPP: 0.0313 | QP: 58
2026-07-21 07:39:36,845 [INFO] [1000/1057] | Loss: 0.130 | PSNR: 33.288 | MSE: 0.00046905 | BPP: 0.0316 | QP: 27
2026-07-21 07:40:01,463 [INFO] Train epoch 132: Loss: 0.133 | PSNR: 33.166 | MSE: 0.00048243 | BPP: 0.0315
2026-07-21 07:41:03,867 [INFO] Val epoch 132: Loss: 0.245 | PSNR: 35.886 | MSE: 0.00025784 | BPP: 0.0465
2026-07-21 07:41:06,439 [INFO] Checkpoint epoch 132: best model saved: no | current loss: 0.244557 | best loss: 0.243070
2026-07-21 07:41:06,439 [INFO] Global step updated to: 140581
2026-07-21 07:41:06,439 [INFO] ====== Current epoch 133 ======
2026-07-21 07:41:06,439 [INFO] Learning rate: 4e-05
2026-07-21 07:41:08,107 [INFO] [0/1057] | Loss: 0.130 | PSNR: 38.918 | MSE: 0.00012829 | BPP: 0.0319 | QP: 63
2026-07-21 07:44:55,739 [INFO] [500/1057] | Loss: 0.127 | PSNR: 32.971 | MSE: 0.00050458 | BPP: 0.0307 | QP: 60
2026-07-21 07:48:44,012 [INFO] [1000/1057] | Loss: 0.129 | PSNR: 33.157 | MSE: 0.00048341 | BPP: 0.0308 | QP: 48
2026-07-21 07:49:08,472 [INFO] Train epoch 133: Loss: 0.130 | PSNR: 33.097 | MSE: 0.00049007 | BPP: 0.0311
2026-07-21 07:50:10,791 [INFO] Val epoch 133: Loss: 0.242 | PSNR: 35.947 | MSE: 0.00025428 | BPP: 0.0468
2026-07-21 07:50:14,476 [INFO] Checkpoint epoch 133: best model saved: yes | current loss: 0.242046 | best loss: 0.242046
2026-07-21 07:50:14,476 [INFO] Global step updated to: 141638
2026-07-21 07:50:14,476 [INFO] ====== Current epoch 134 ======
2026-07-21 07:50:14,476 [INFO] Learning rate: 4e-05
2026-07-21 07:50:16,069 [INFO] [0/1057] | Loss: 0.563 | PSNR: 31.700 | MSE: 0.00067612 | BPP: 0.0438 | QP: 63
2026-07-21 07:54:03,794 [INFO] [500/1057] | Loss: 0.135 | PSNR: 33.260 | MSE: 0.00047209 | BPP: 0.0316 | QP: 29
2026-07-21 07:57:52,497 [INFO] [1000/1057] | Loss: 0.131 | PSNR: 33.312 | MSE: 0.00046639 | BPP: 0.0313 | QP: 16
2026-07-21 07:58:16,959 [INFO] Train epoch 134: Loss: 0.131 | PSNR: 33.172 | MSE: 0.00048172 | BPP: 0.0313
2026-07-21 07:59:19,344 [INFO] Val epoch 134: Loss: 0.241 | PSNR: 35.971 | MSE: 0.00025288 | BPP: 0.0465
2026-07-21 07:59:23,095 [INFO] Checkpoint epoch 134: best model saved: yes | current loss: 0.240676 | best loss: 0.240676
2026-07-21 07:59:23,095 [INFO] Global step updated to: 142695
2026-07-21 07:59:23,095 [INFO] ====== Current epoch 135 ======
2026-07-21 07:59:23,095 [INFO] Learning rate: 4e-05
2026-07-21 07:59:24,645 [INFO] [0/1057] | Loss: 0.182 | PSNR: 37.351 | MSE: 0.00018405 | BPP: 0.0403 | QP: 63
2026-07-21 08:03:11,181 [INFO] [500/1057] | Loss: 0.136 | PSNR: 33.237 | MSE: 0.00047461 | BPP: 0.0318 | QP: 1
2026-07-21 08:06:58,515 [INFO] [1000/1057] | Loss: 0.137 | PSNR: 33.244 | MSE: 0.00047386 | BPP: 0.0320 | QP: 16
2026-07-21 08:07:22,568 [INFO] Train epoch 135: Loss: 0.134 | PSNR: 33.245 | MSE: 0.00047372 | BPP: 0.0317
2026-07-21 08:08:24,286 [INFO] Val epoch 135: Loss: 0.243 | PSNR: 35.929 | MSE: 0.00025532 | BPP: 0.0466
2026-07-21 08:08:26,960 [INFO] Checkpoint epoch 135: best model saved: no | current loss: 0.242696 | best loss: 0.240676
2026-07-21 08:08:26,960 [INFO] Global step updated to: 143752
2026-07-21 08:08:26,960 [INFO] ====== Current epoch 136 ======
2026-07-21 08:08:26,960 [INFO] Learning rate: 4e-05
2026-07-21 08:08:28,507 [INFO] [0/1057] | Loss: 0.240 | PSNR: 36.027 | MSE: 0.00024963 | BPP: 0.0478 | QP: 63
2026-07-21 08:12:15,176 [INFO] [500/1057] | Loss: 0.138 | PSNR: 33.262 | MSE: 0.00047188 | BPP: 0.0321 | QP: 35
2026-07-21 08:16:03,679 [INFO] [1000/1057] | Loss: 0.137 | PSNR: 33.239 | MSE: 0.00047436 | BPP: 0.0319 | QP: 14
2026-07-21 08:16:28,823 [INFO] Train epoch 136: Loss: 0.134 | PSNR: 33.243 | MSE: 0.00047393 | BPP: 0.0318
2026-07-21 08:17:30,279 [INFO] Val epoch 136: Loss: 0.240 | PSNR: 35.994 | MSE: 0.00025155 | BPP: 0.0468
2026-07-21 08:17:33,819 [INFO] Checkpoint epoch 136: best model saved: yes | current loss: 0.240005 | best loss: 0.240005
2026-07-21 08:17:33,819 [INFO] Global step updated to: 144809
2026-07-21 08:17:33,819 [INFO] ====== Current epoch 137 ======
2026-07-21 08:17:33,819 [INFO] Learning rate: 4e-05
2026-07-21 08:17:35,361 [INFO] [0/1057] | Loss: 0.150 | PSNR: 38.416 | MSE: 0.00014400 | BPP: 0.0391 | QP: 63
2026-07-21 08:21:21,956 [INFO] [500/1057] | Loss: 0.128 | PSNR: 33.358 | MSE: 0.00046155 | BPP: 0.0314 | QP: 40
2026-07-21 08:25:09,361 [INFO] [1000/1057] | Loss: 0.129 | PSNR: 33.087 | MSE: 0.00049123 | BPP: 0.0313 | QP: 49
2026-07-21 08:25:34,103 [INFO] Train epoch 137: Loss: 0.129 | PSNR: 33.165 | MSE: 0.00048245 | BPP: 0.0313
2026-07-21 08:26:35,883 [INFO] Val epoch 137: Loss: 0.248 | PSNR: 35.799 | MSE: 0.00026309 | BPP: 0.0463
2026-07-21 08:26:38,438 [INFO] Checkpoint epoch 137: best model saved: no | current loss: 0.248361 | best loss: 0.240005
2026-07-21 08:26:38,438 [INFO] Global step updated to: 145866
2026-07-21 08:26:38,438 [INFO] ====== Current epoch 138 ======
2026-07-21 08:26:38,438 [INFO] Learning rate: 4e-05
2026-07-21 08:26:40,037 [INFO] [0/1057] | Loss: 0.357 | PSNR: 34.125 | MSE: 0.00038683 | BPP: 0.0594 | QP: 63
2026-07-21 08:30:28,030 [INFO] [500/1057] | Loss: 0.135 | PSNR: 33.117 | MSE: 0.00048788 | BPP: 0.0316 | QP: 50
2026-07-21 08:34:14,636 [INFO] [1000/1057] | Loss: 0.129 | PSNR: 33.098 | MSE: 0.00048999 | BPP: 0.0308 | QP: 9
2026-07-21 08:34:39,562 [INFO] Train epoch 138: Loss: 0.131 | PSNR: 33.119 | MSE: 0.00048769 | BPP: 0.0313
2026-07-21 08:35:42,178 [INFO] Val epoch 138: Loss: 0.241 | PSNR: 35.968 | MSE: 0.00025306 | BPP: 0.0467
2026-07-21 08:35:44,751 [INFO] Checkpoint epoch 138: best model saved: no | current loss: 0.241037 | best loss: 0.240005
2026-07-21 08:35:44,752 [INFO] Global step updated to: 146923
2026-07-21 08:35:44,752 [INFO] ====== Current epoch 139 ======
2026-07-21 08:35:44,752 [INFO] Learning rate: 4e-05
2026-07-21 08:35:46,402 [INFO] [0/1057] | Loss: 0.257 | PSNR: 35.929 | MSE: 0.00025532 | BPP: 0.0614 | QP: 63
2026-07-21 08:39:35,304 [INFO] [500/1057] | Loss: 0.130 | PSNR: 33.149 | MSE: 0.00048426 | BPP: 0.0311 | QP: 26
2026-07-21 08:43:23,619 [INFO] [1000/1057] | Loss: 0.129 | PSNR: 33.236 | MSE: 0.00047473 | BPP: 0.0311 | QP: 53
2026-07-21 08:43:48,441 [INFO] Train epoch 139: Loss: 0.131 | PSNR: 33.168 | MSE: 0.00048220 | BPP: 0.0312
2026-07-21 08:44:50,683 [INFO] Val epoch 139: Loss: 0.238 | PSNR: 36.022 | MSE: 0.00024995 | BPP: 0.0464
2026-07-21 08:44:54,750 [INFO] Checkpoint epoch 139: best model saved: yes | current loss: 0.238361 | best loss: 0.238361
2026-07-21 08:44:54,750 [INFO] Global step updated to: 147980
2026-07-21 08:44:54,750 [INFO] ====== Current epoch 140 ======
2026-07-21 08:44:54,750 [INFO] Learning rate: 4e-05
2026-07-21 08:44:56,356 [INFO] [0/1057] | Loss: 0.296 | PSNR: 34.990 | MSE: 0.00031696 | BPP: 0.0522 | QP: 63
2026-07-21 08:48:43,943 [INFO] [500/1057] | Loss: 0.127 | PSNR: 33.312 | MSE: 0.00046642 | BPP: 0.0314 | QP: 30
2026-07-21 08:52:32,186 [INFO] [1000/1057] | Loss: 0.125 | PSNR: 33.214 | MSE: 0.00047710 | BPP: 0.0310 | QP: 57
2026-07-21 08:52:57,124 [INFO] Train epoch 140: Loss: 0.127 | PSNR: 33.157 | MSE: 0.00048344 | BPP: 0.0311
2026-07-21 08:53:59,932 [INFO] Val epoch 140: Loss: 0.241 | PSNR: 35.972 | MSE: 0.00025284 | BPP: 0.0466
2026-07-21 08:54:02,396 [INFO] Checkpoint epoch 140: best model saved: no | current loss: 0.240765 | best loss: 0.238361
2026-07-21 08:54:02,396 [INFO] Global step updated to: 149037
2026-07-21 08:54:02,396 [INFO] ====== Current epoch 141 ======
2026-07-21 08:54:02,396 [INFO] Learning rate: 4e-05
2026-07-21 08:54:04,031 [INFO] [0/1057] | Loss: 0.073 | PSNR: 42.003 | MSE: 0.00006306 | BPP: 0.0248 | QP: 63
2026-07-21 08:57:48,771 [INFO] [500/1057] | Loss: 0.129 | PSNR: 33.067 | MSE: 0.00049346 | BPP: 0.0307 | QP: 2
2026-07-21 09:01:34,036 [INFO] [1000/1057] | Loss: 0.129 | PSNR: 33.115 | MSE: 0.00048811 | BPP: 0.0308 | QP: 1
2026-07-21 09:01:58,564 [INFO] Train epoch 141: Loss: 0.128 | PSNR: 33.072 | MSE: 0.00049290 | BPP: 0.0309
2026-07-21 09:03:00,098 [INFO] Val epoch 141: Loss: 0.239 | PSNR: 36.016 | MSE: 0.00025024 | BPP: 0.0466
2026-07-21 09:03:02,736 [INFO] Checkpoint epoch 141: best model saved: no | current loss: 0.238798 | best loss: 0.238361
2026-07-21 09:03:02,736 [INFO] Global step updated to: 150094
2026-07-21 09:03:02,736 [INFO] ====== Current epoch 142 ======
2026-07-21 09:03:02,736 [INFO] Learning rate: 4e-05
2026-07-21 09:03:04,526 [INFO] [0/1057] | Loss: 0.272 | PSNR: 35.380 | MSE: 0.00028976 | BPP: 0.0493 | QP: 63
2026-07-21 09:06:52,521 [INFO] [500/1057] | Loss: 0.126 | PSNR: 33.422 | MSE: 0.00045479 | BPP: 0.0310 | QP: 9
2026-07-21 09:10:40,394 [INFO] [1000/1057] | Loss: 0.127 | PSNR: 33.241 | MSE: 0.00047410 | BPP: 0.0311 | QP: 38
2026-07-21 09:11:04,603 [INFO] Train epoch 142: Loss: 0.126 | PSNR: 33.183 | MSE: 0.00048054 | BPP: 0.0309
2026-07-21 09:12:06,046 [INFO] Val epoch 142: Loss: 0.240 | PSNR: 35.996 | MSE: 0.00025143 | BPP: 0.0466
2026-07-21 09:12:08,544 [INFO] Checkpoint epoch 142: best model saved: no | current loss: 0.239654 | best loss: 0.238361
2026-07-21 09:12:08,545 [INFO] Global step updated to: 151151
2026-07-21 09:12:08,545 [INFO] ====== Current epoch 143 ======
2026-07-21 09:12:08,545 [INFO] Learning rate: 4e-05
2026-07-21 09:12:10,064 [INFO] [0/1057] | Loss: 0.135 | PSNR: 38.798 | MSE: 0.00013189 | BPP: 0.0335 | QP: 63
2026-07-21 09:15:55,900 [INFO] [500/1057] | Loss: 0.131 | PSNR: 33.172 | MSE: 0.00048172 | BPP: 0.0309 | QP: 15
2026-07-21 09:19:43,965 [INFO] [1000/1057] | Loss: 0.130 | PSNR: 33.172 | MSE: 0.00048170 | BPP: 0.0311 | QP: 62
2026-07-21 09:20:08,293 [INFO] Train epoch 143: Loss: 0.131 | PSNR: 33.200 | MSE: 0.00047866 | BPP: 0.0314
2026-07-21 09:21:10,745 [INFO] Val epoch 143: Loss: 0.238 | PSNR: 36.028 | MSE: 0.00024959 | BPP: 0.0465
2026-07-21 09:21:14,415 [INFO] Checkpoint epoch 143: best model saved: yes | current loss: 0.238158 | best loss: 0.238158
2026-07-21 09:21:14,415 [INFO] Global step updated to: 152208
2026-07-21 09:21:14,415 [INFO] ====== Current epoch 144 ======
2026-07-21 09:21:14,415 [INFO] Learning rate: 4e-05
2026-07-21 09:21:15,852 [INFO] [0/1057] | Loss: 0.134 | PSNR: 39.153 | MSE: 0.00012152 | BPP: 0.0409 | QP: 63
2026-07-21 09:25:01,982 [INFO] [500/1057] | Loss: 0.125 | PSNR: 33.317 | MSE: 0.00046596 | BPP: 0.0311 | QP: 26
2026-07-21 09:28:48,756 [INFO] [1000/1057] | Loss: 0.123 | PSNR: 33.234 | MSE: 0.00047487 | BPP: 0.0308 | QP: 43
2026-07-21 09:29:13,407 [INFO] Train epoch 144: Loss: 0.129 | PSNR: 33.198 | MSE: 0.00047883 | BPP: 0.0311
2026-07-21 09:30:15,354 [INFO] Val epoch 144: Loss: 0.237 | PSNR: 36.068 | MSE: 0.00024729 | BPP: 0.0467
2026-07-21 09:30:19,126 [INFO] Checkpoint epoch 144: best model saved: yes | current loss: 0.236579 | best loss: 0.236579
2026-07-21 09:30:19,126 [INFO] Global step updated to: 153265
2026-07-21 09:30:19,127 [INFO] ====== Current epoch 145 ======
2026-07-21 09:30:19,127 [INFO] Learning rate: 4e-05
2026-07-21 09:30:20,721 [INFO] [0/1057] | Loss: 0.114 | PSNR: 39.895 | MSE: 0.00010245 | BPP: 0.0353 | QP: 63
2026-07-21 09:34:07,311 [INFO] [500/1057] | Loss: 0.138 | PSNR: 33.052 | MSE: 0.00049520 | BPP: 0.0327 | QP: 7
2026-07-21 09:37:53,833 [INFO] [1000/1057] | Loss: 0.138 | PSNR: 33.326 | MSE: 0.00046499 | BPP: 0.0328 | QP: 22
2026-07-21 09:38:19,081 [INFO] Train epoch 145: Loss: 0.134 | PSNR: 33.318 | MSE: 0.00046584 | BPP: 0.0323
2026-07-21 09:39:20,981 [INFO] Val epoch 145: Loss: 0.236 | PSNR: 36.076 | MSE: 0.00024681 | BPP: 0.0466
2026-07-21 09:39:24,829 [INFO] Checkpoint epoch 145: best model saved: yes | current loss: 0.236130 | best loss: 0.236130
2026-07-21 09:39:24,829 [INFO] Global step updated to: 154322
2026-07-21 09:39:24,829 [INFO] ====== Current epoch 146 ======
2026-07-21 09:39:24,829 [INFO] Learning rate: 4e-05
2026-07-21 09:39:26,471 [INFO] [0/1057] | Loss: 0.285 | PSNR: 35.170 | MSE: 0.00030406 | BPP: 0.0513 | QP: 63
2026-07-21 09:43:13,419 [INFO] [500/1057] | Loss: 0.143 | PSNR: 33.075 | MSE: 0.00049265 | BPP: 0.0326 | QP: 44
2026-07-21 09:46:59,479 [INFO] [1000/1057] | Loss: 0.134 | PSNR: 33.180 | MSE: 0.00048079 | BPP: 0.0317 | QP: 35
2026-07-21 09:47:24,567 [INFO] Train epoch 146: Loss: 0.131 | PSNR: 33.155 | MSE: 0.00048366 | BPP: 0.0312
2026-07-21 09:48:26,146 [INFO] Val epoch 146: Loss: 0.239 | PSNR: 36.009 | MSE: 0.00025064 | BPP: 0.0469
2026-07-21 09:48:28,739 [INFO] Checkpoint epoch 146: best model saved: no | current loss: 0.239398 | best loss: 0.236130
2026-07-21 09:48:28,739 [INFO] Global step updated to: 155379
2026-07-21 09:48:28,739 [INFO] ====== Current epoch 147 ======
2026-07-21 09:48:28,739 [INFO] Learning rate: 4e-05
2026-07-21 09:48:30,463 [INFO] [0/1057] | Loss: 0.534 | PSNR: 32.201 | MSE: 0.00060245 | BPP: 0.0710 | QP: 63
2026-07-21 09:52:17,511 [INFO] [500/1057] | Loss: 0.129 | PSNR: 33.162 | MSE: 0.00048285 | BPP: 0.0315 | QP: 58
2026-07-21 09:56:04,115 [INFO] [1000/1057] | Loss: 0.127 | PSNR: 33.169 | MSE: 0.00048210 | BPP: 0.0312 | QP: 26
2026-07-21 09:56:29,134 [INFO] Train epoch 147: Loss: 0.128 | PSNR: 33.194 | MSE: 0.00047934 | BPP: 0.0313
2026-07-21 09:57:30,822 [INFO] Val epoch 147: Loss: 0.238 | PSNR: 36.055 | MSE: 0.00024804 | BPP: 0.0470
2026-07-21 09:57:33,337 [INFO] Checkpoint epoch 147: best model saved: no | current loss: 0.237517 | best loss: 0.236130
2026-07-21 09:57:33,338 [INFO] Global step updated to: 156436
2026-07-21 09:57:33,338 [INFO] ====== Current epoch 148 ======
2026-07-21 09:57:33,338 [INFO] Learning rate: 4e-05
2026-07-21 09:57:35,027 [INFO] [0/1057] | Loss: 0.172 | PSNR: 37.565 | MSE: 0.00017519 | BPP: 0.0375 | QP: 63
2026-07-21 10:01:20,902 [INFO] [500/1057] | Loss: 0.126 | PSNR: 33.242 | MSE: 0.00047404 | BPP: 0.0309 | QP: 2
2026-07-21 10:05:06,857 [INFO] [1000/1057] | Loss: 0.130 | PSNR: 33.123 | MSE: 0.00048717 | BPP: 0.0311 | QP: 32
2026-07-21 10:05:31,352 [INFO] Train epoch 148: Loss: 0.129 | PSNR: 33.189 | MSE: 0.00047982 | BPP: 0.0313
2026-07-21 10:06:32,971 [INFO] Val epoch 148: Loss: 0.238 | PSNR: 36.027 | MSE: 0.00024961 | BPP: 0.0466
2026-07-21 10:06:35,457 [INFO] Checkpoint epoch 148: best model saved: no | current loss: 0.238308 | best loss: 0.236130
2026-07-21 10:06:35,458 [INFO] Global step updated to: 157493
2026-07-21 10:06:35,458 [INFO] ====== Current epoch 149 ======
2026-07-21 10:06:35,458 [INFO] Learning rate: 4e-05
2026-07-21 10:06:37,090 [INFO] [0/1057] | Loss: 0.168 | PSNR: 37.623 | MSE: 0.00017285 | BPP: 0.0349 | QP: 63
2026-07-21 10:10:24,857 [INFO] [500/1057] | Loss: 0.128 | PSNR: 32.876 | MSE: 0.00051570 | BPP: 0.0312 | QP: 13
2026-07-21 10:14:13,407 [INFO] [1000/1057] | Loss: 0.133 | PSNR: 33.089 | MSE: 0.00049104 | BPP: 0.0319 | QP: 44
2026-07-21 10:14:37,735 [INFO] Train epoch 149: Loss: 0.131 | PSNR: 33.161 | MSE: 0.00048299 | BPP: 0.0315
2026-07-21 10:15:39,681 [INFO] Val epoch 149: Loss: 0.240 | PSNR: 35.989 | MSE: 0.00025181 | BPP: 0.0471
2026-07-21 10:15:42,229 [INFO] Checkpoint epoch 149: best model saved: no | current loss: 0.240463 | best loss: 0.236130
2026-07-21 10:15:42,229 [INFO] Global step updated to: 158550
2026-07-21 10:15:42,229 [INFO] ====== Current epoch 150 ======
2026-07-21 10:15:42,229 [INFO] Learning rate: 4e-05
2026-07-21 10:15:43,703 [INFO] [0/1057] | Loss: 0.355 | PSNR: 33.914 | MSE: 0.00040606 | BPP: 0.0434 | QP: 63
2026-07-21 10:19:30,455 [INFO] [500/1057] | Loss: 0.126 | PSNR: 33.217 | MSE: 0.00047679 | BPP: 0.0313 | QP: 56
2026-07-21 10:23:18,069 [INFO] [1000/1057] | Loss: 0.126 | PSNR: 33.220 | MSE: 0.00047646 | BPP: 0.0311 | QP: 24
2026-07-21 10:23:42,645 [INFO] Train epoch 150: Loss: 0.129 | PSNR: 33.189 | MSE: 0.00047980 | BPP: 0.0314
2026-07-21 10:24:44,692 [INFO] Val epoch 150: Loss: 0.249 | PSNR: 35.797 | MSE: 0.00026321 | BPP: 0.0468
2026-07-21 10:24:47,157 [INFO] Checkpoint epoch 150: best model saved: no | current loss: 0.248958 | best loss: 0.236130
2026-07-21 10:24:47,157 [INFO] Global step updated to: 159607
2026-07-21 10:24:47,157 [INFO] ====== Current epoch 151 ======
2026-07-21 10:24:47,157 [INFO] Learning rate: 4e-05
2026-07-21 10:24:48,811 [INFO] [0/1057] | Loss: 0.202 | PSNR: 37.022 | MSE: 0.00019850 | BPP: 0.0500 | QP: 63
2026-07-21 10:28:35,200 [INFO] [500/1057] | Loss: 0.117 | PSNR: 33.229 | MSE: 0.00047547 | BPP: 0.0307 | QP: 55
2026-07-21 10:32:23,195 [INFO] [1000/1057] | Loss: 0.118 | PSNR: 33.168 | MSE: 0.00048212 | BPP: 0.0304 | QP: 49
2026-07-21 10:32:47,336 [INFO] Train epoch 151: Loss: 0.127 | PSNR: 33.130 | MSE: 0.00048636 | BPP: 0.0310
2026-07-21 10:33:50,034 [INFO] Val epoch 151: Loss: 0.236 | PSNR: 36.072 | MSE: 0.00024704 | BPP: 0.0468
2026-07-21 10:33:52,626 [INFO] Checkpoint epoch 151: best model saved: no | current loss: 0.236486 | best loss: 0.236130
2026-07-21 10:33:52,626 [INFO] Global step updated to: 160664
2026-07-21 10:33:52,626 [INFO] ====== Current epoch 152 ======
2026-07-21 10:33:52,626 [INFO] Learning rate: 4e-05
2026-07-21 10:33:54,363 [INFO] [0/1057] | Loss: 0.377 | PSNR: 33.904 | MSE: 0.00040701 | BPP: 0.0646 | QP: 63
2026-07-21 10:37:41,800 [INFO] [500/1057] | Loss: 0.129 | PSNR: 33.186 | MSE: 0.00048022 | BPP: 0.0320 | QP: 51
2026-07-21 10:41:28,155 [INFO] [1000/1057] | Loss: 0.129 | PSNR: 33.271 | MSE: 0.00047090 | BPP: 0.0318 | QP: 52
2026-07-21 10:41:52,521 [INFO] Train epoch 152: Loss: 0.130 | PSNR: 33.236 | MSE: 0.00047470 | BPP: 0.0318
2026-07-21 10:42:54,124 [INFO] Val epoch 152: Loss: 0.234 | PSNR: 36.126 | MSE: 0.00024398 | BPP: 0.0468
2026-07-21 10:42:58,153 [INFO] Checkpoint epoch 152: best model saved: yes | current loss: 0.234205 | best loss: 0.234205
2026-07-21 10:42:58,153 [INFO] Global step updated to: 161721
2026-07-21 10:42:58,153 [INFO] ====== Current epoch 153 ======
2026-07-21 10:42:58,153 [INFO] Learning rate: 4e-05
2026-07-21 10:42:59,755 [INFO] [0/1057] | Loss: 0.247 | PSNR: 36.100 | MSE: 0.00024545 | BPP: 0.0587 | QP: 63
2026-07-21 10:46:47,805 [INFO] [500/1057] | Loss: 0.133 | PSNR: 33.269 | MSE: 0.00047110 | BPP: 0.0319 | QP: 52
2026-07-21 10:50:34,491 [INFO] [1000/1057] | Loss: 0.130 | PSNR: 33.192 | MSE: 0.00047954 | BPP: 0.0315 | QP: 45
2026-07-21 10:50:59,288 [INFO] Train epoch 153: Loss: 0.127 | PSNR: 33.241 | MSE: 0.00047409 | BPP: 0.0311
2026-07-21 10:52:01,236 [INFO] Val epoch 153: Loss: 0.235 | PSNR: 36.100 | MSE: 0.00024545 | BPP: 0.0469
2026-07-21 10:52:03,749 [INFO] Checkpoint epoch 153: best model saved: no | current loss: 0.235426 | best loss: 0.234205
2026-07-21 10:52:03,749 [INFO] Global step updated to: 162778
2026-07-21 10:52:03,749 [INFO] ====== Current epoch 154 ======
2026-07-21 10:52:03,749 [INFO] Learning rate: 4e-05
2026-07-21 10:52:05,364 [INFO] [0/1057] | Loss: 0.292 | PSNR: 35.199 | MSE: 0.00030204 | BPP: 0.0600 | QP: 63
2026-07-21 10:55:52,413 [INFO] [500/1057] | Loss: 0.136 | PSNR: 32.849 | MSE: 0.00051890 | BPP: 0.0314 | QP: 39
2026-07-21 10:59:38,052 [INFO] [1000/1057] | Loss: 0.130 | PSNR: 33.023 | MSE: 0.00049853 | BPP: 0.0309 | QP: 27
2026-07-21 11:00:02,989 [INFO] Train epoch 154: Loss: 0.125 | PSNR: 33.031 | MSE: 0.00049761 | BPP: 0.0307
2026-07-21 11:01:04,475 [INFO] Val epoch 154: Loss: 0.234 | PSNR: 36.126 | MSE: 0.00024399 | BPP: 0.0470
2026-07-21 11:01:06,981 [INFO] Checkpoint epoch 154: best model saved: no | current loss: 0.234335 | best loss: 0.234205
2026-07-21 11:01:06,981 [INFO] Global step updated to: 163835
2026-07-21 11:01:06,981 [INFO] ====== Current epoch 155 ======
2026-07-21 11:01:06,982 [INFO] Learning rate: 4e-05
2026-07-21 11:01:08,641 [INFO] [0/1057] | Loss: 0.501 | PSNR: 32.444 | MSE: 0.00056958 | BPP: 0.0637 | QP: 63
2026-07-21 11:04:53,875 [INFO] [500/1057] | Loss: 0.140 | PSNR: 33.243 | MSE: 0.00047389 | BPP: 0.0327 | QP: 59
2026-07-21 11:08:39,987 [INFO] [1000/1057] | Loss: 0.134 | PSNR: 33.045 | MSE: 0.00049607 | BPP: 0.0313 | QP: 16
2026-07-21 11:09:04,578 [INFO] Train epoch 155: Loss: 0.131 | PSNR: 33.145 | MSE: 0.00048478 | BPP: 0.0313
2026-07-21 11:10:06,181 [INFO] Val epoch 155: Loss: 0.235 | PSNR: 36.119 | MSE: 0.00024440 | BPP: 0.0469
2026-07-21 11:10:08,743 [INFO] Checkpoint epoch 155: best model saved: no | current loss: 0.234609 | best loss: 0.234205
2026-07-21 11:10:08,744 [INFO] Global step updated to: 164892
2026-07-21 11:10:08,744 [INFO] ====== Current epoch 156 ======
2026-07-21 11:10:08,744 [INFO] Learning rate: 4e-05
2026-07-21 11:10:10,414 [INFO] [0/1057] | Loss: 0.395 | PSNR: 33.590 | MSE: 0.00043751 | BPP: 0.0593 | QP: 63
2026-07-21 11:13:57,689 [INFO] [500/1057] | Loss: 0.128 | PSNR: 33.172 | MSE: 0.00048177 | BPP: 0.0316 | QP: 57
2026-07-21 11:17:45,166 [INFO] [1000/1057] | Loss: 0.127 | PSNR: 33.330 | MSE: 0.00046451 | BPP: 0.0315 | QP: 37
2026-07-21 11:18:09,700 [INFO] Train epoch 156: Loss: 0.129 | PSNR: 33.327 | MSE: 0.00046479 | BPP: 0.0318
2026-07-21 11:19:10,201 [INFO] Val epoch 156: Loss: 0.236 | PSNR: 36.093 | MSE: 0.00024585 | BPP: 0.0471
2026-07-21 11:19:12,907 [INFO] Checkpoint epoch 156: best model saved: no | current loss: 0.235868 | best loss: 0.234205
2026-07-21 11:19:12,907 [INFO] Global step updated to: 165949
2026-07-21 11:19:12,907 [INFO] ====== Current epoch 157 ======
2026-07-21 11:19:12,907 [INFO] Learning rate: 4e-05
2026-07-21 11:19:14,360 [INFO] [0/1057] | Loss: 0.231 | PSNR: 36.207 | MSE: 0.00023952 | BPP: 0.0466 | QP: 63
2026-07-21 11:22:59,154 [INFO] [500/1057] | Loss: 0.121 | PSNR: 33.306 | MSE: 0.00046705 | BPP: 0.0313 | QP: 26
2026-07-21 11:26:45,994 [INFO] [1000/1057] | Loss: 0.125 | PSNR: 33.282 | MSE: 0.00046968 | BPP: 0.0311 | QP: 14
2026-07-21 11:27:10,366 [INFO] Train epoch 157: Loss: 0.128 | PSNR: 33.239 | MSE: 0.00047432 | BPP: 0.0313
2026-07-21 11:28:12,775 [INFO] Val epoch 157: Loss: 0.235 | PSNR: 36.102 | MSE: 0.00024535 | BPP: 0.0467
2026-07-21 11:28:15,340 [INFO] Checkpoint epoch 157: best model saved: no | current loss: 0.235122 | best loss: 0.234205
2026-07-21 11:28:15,340 [INFO] Global step updated to: 167006
2026-07-21 11:28:15,340 [INFO] ====== Current epoch 158 ======
2026-07-21 11:28:15,340 [INFO] Learning rate: 4e-05
2026-07-21 11:28:16,986 [INFO] [0/1057] | Loss: 0.126 | PSNR: 39.462 | MSE: 0.00011318 | BPP: 0.0388 | QP: 63
2026-07-21 11:32:02,664 [INFO] [500/1057] | Loss: 0.117 | PSNR: 33.193 | MSE: 0.00047939 | BPP: 0.0305 | QP: 49
2026-07-21 11:35:49,468 [INFO] [1000/1057] | Loss: 0.125 | PSNR: 33.157 | MSE: 0.00048341 | BPP: 0.0308 | QP: 20
2026-07-21 11:36:13,709 [INFO] Train epoch 158: Loss: 0.126 | PSNR: 33.208 | MSE: 0.00047770 | BPP: 0.0311
2026-07-21 11:37:15,257 [INFO] Val epoch 158: Loss: 0.233 | PSNR: 36.156 | MSE: 0.00024232 | BPP: 0.0471
2026-07-21 11:37:19,150 [INFO] Checkpoint epoch 158: best model saved: yes | current loss: 0.233184 | best loss: 0.233184
2026-07-21 11:37:19,150 [INFO] Global step updated to: 168063
2026-07-21 11:37:19,150 [INFO] ====== Current epoch 159 ======
2026-07-21 11:37:19,150 [INFO] Learning rate: 4e-05
2026-07-21 11:37:20,858 [INFO] [0/1057] | Loss: 0.145 | PSNR: 38.818 | MSE: 0.00013130 | BPP: 0.0443 | QP: 63
2026-07-21 11:41:09,225 [INFO] [500/1057] | Loss: 0.131 | PSNR: 33.119 | MSE: 0.00048760 | BPP: 0.0313 | QP: 37
2026-07-21 11:44:56,773 [INFO] [1000/1057] | Loss: 0.131 | PSNR: 33.275 | MSE: 0.00047043 | BPP: 0.0317 | QP: 62
2026-07-21 11:45:20,960 [INFO] Train epoch 159: Loss: 0.129 | PSNR: 33.221 | MSE: 0.00047631 | BPP: 0.0315
2026-07-21 11:46:22,091 [INFO] Val epoch 159: Loss: 0.233 | PSNR: 36.157 | MSE: 0.00024227 | BPP: 0.0468
2026-07-21 11:46:25,726 [INFO] Checkpoint epoch 159: best model saved: yes | current loss: 0.232881 | best loss: 0.232881
2026-07-21 11:46:25,726 [INFO] Global step updated to: 169120
2026-07-21 11:46:25,726 [INFO] ====== Current epoch 160 ======
2026-07-21 11:46:25,726 [INFO] Learning rate: 1e-05
2026-07-21 11:46:27,308 [INFO] [0/1057] | Loss: 0.341 | PSNR: 34.548 | MSE: 0.00035094 | BPP: 0.0711 | QP: 63
2026-07-21 11:50:14,065 [INFO] [500/1057] | Loss: 0.124 | PSNR: 33.581 | MSE: 0.00043842 | BPP: 0.0316 | QP: 47
2026-07-21 11:53:58,808 [INFO] [1000/1057] | Loss: 0.125 | PSNR: 33.447 | MSE: 0.00045222 | BPP: 0.0314 | QP: 29
2026-07-21 11:54:23,206 [INFO] Train epoch 160: Loss: 0.126 | PSNR: 33.415 | MSE: 0.00045553 | BPP: 0.0314
2026-07-21 11:55:26,076 [INFO] Val epoch 160: Loss: 0.228 | PSNR: 36.272 | MSE: 0.00023594 | BPP: 0.0467
2026-07-21 11:55:29,896 [INFO] Checkpoint epoch 160: best model saved: yes | current loss: 0.227907 | best loss: 0.227907
2026-07-21 11:55:29,897 [INFO] Global step updated to: 170177
2026-07-21 11:55:29,897 [INFO] ====== Current epoch 161 ======
2026-07-21 11:55:29,897 [INFO] Learning rate: 1e-05
2026-07-21 11:55:31,443 [INFO] [0/1057] | Loss: 0.396 | PSNR: 33.642 | MSE: 0.00043230 | BPP: 0.0638 | QP: 63
2026-07-21 11:59:18,859 [INFO] [500/1057] | Loss: 0.124 | PSNR: 33.475 | MSE: 0.00044922 | BPP: 0.0307 | QP: 58
2026-07-21 12:03:05,387 [INFO] [1000/1057] | Loss: 0.122 | PSNR: 33.414 | MSE: 0.00045562 | BPP: 0.0307 | QP: 27
2026-07-21 12:03:30,326 [INFO] Train epoch 161: Loss: 0.124 | PSNR: 33.333 | MSE: 0.00046419 | BPP: 0.0312
2026-07-21 12:04:32,582 [INFO] Val epoch 161: Loss: 0.228 | PSNR: 36.281 | MSE: 0.00023546 | BPP: 0.0468
2026-07-21 12:04:36,487 [INFO] Checkpoint epoch 161: best model saved: yes | current loss: 0.227671 | best loss: 0.227671
2026-07-21 12:04:36,487 [INFO] Global step updated to: 171234
2026-07-21 12:04:36,487 [INFO] ====== Current epoch 162 ======
2026-07-21 12:04:36,487 [INFO] Learning rate: 1e-05
2026-07-21 12:04:38,190 [INFO] [0/1057] | Loss: 0.288 | PSNR: 35.248 | MSE: 0.00029865 | BPP: 0.0589 | QP: 63
2026-07-21 12:08:26,166 [INFO] [500/1057] | Loss: 0.123 | PSNR: 33.041 | MSE: 0.00049650 | BPP: 0.0303 | QP: 37
2026-07-21 12:12:13,056 [INFO] [1000/1057] | Loss: 0.120 | PSNR: 33.184 | MSE: 0.00048037 | BPP: 0.0303 | QP: 25
2026-07-21 12:12:38,332 [INFO] Train epoch 162: Loss: 0.119 | PSNR: 33.143 | MSE: 0.00048492 | BPP: 0.0302
2026-07-21 12:13:41,183 [INFO] Val epoch 162: Loss: 0.227 | PSNR: 36.293 | MSE: 0.00023478 | BPP: 0.0468
2026-07-21 12:13:44,861 [INFO] Checkpoint epoch 162: best model saved: yes | current loss: 0.227126 | best loss: 0.227126
2026-07-21 12:13:44,861 [INFO] Global step updated to: 172291
2026-07-21 12:13:44,861 [INFO] ====== Current epoch 163 ======
2026-07-21 12:13:44,861 [INFO] Learning rate: 1e-05
2026-07-21 12:13:46,494 [INFO] [0/1057] | Loss: 0.108 | PSNR: 40.109 | MSE: 0.00009752 | BPP: 0.0332 | QP: 63
2026-07-21 12:17:32,150 [INFO] [500/1057] | Loss: 0.120 | PSNR: 33.292 | MSE: 0.00046862 | BPP: 0.0308 | QP: 60
2026-07-21 12:21:18,550 [INFO] [1000/1057] | Loss: 0.121 | PSNR: 33.287 | MSE: 0.00046911 | BPP: 0.0310 | QP: 20
2026-07-21 12:21:43,140 [INFO] Train epoch 163: Loss: 0.123 | PSNR: 33.371 | MSE: 0.00046014 | BPP: 0.0311
2026-07-21 12:22:45,621 [INFO] Val epoch 163: Loss: 0.227 | PSNR: 36.292 | MSE: 0.00023485 | BPP: 0.0468
2026-07-21 12:22:48,155 [INFO] Checkpoint epoch 163: best model saved: no | current loss: 0.227182 | best loss: 0.227126
2026-07-21 12:22:48,155 [INFO] Global step updated to: 173348
2026-07-21 12:22:48,155 [INFO] ====== Current epoch 164 ======
2026-07-21 12:22:48,155 [INFO] Learning rate: 1e-05
2026-07-21 12:22:49,736 [INFO] [0/1057] | Loss: 0.200 | PSNR: 37.000 | MSE: 0.00019952 | BPP: 0.0469 | QP: 63
2026-07-21 12:26:36,364 [INFO] [500/1057] | Loss: 0.125 | PSNR: 33.391 | MSE: 0.00045804 | BPP: 0.0315 | QP: 57
2026-07-21 12:30:22,940 [INFO] [1000/1057] | Loss: 0.125 | PSNR: 33.442 | MSE: 0.00045265 | BPP: 0.0316 | QP: 29
2026-07-21 12:30:47,740 [INFO] Train epoch 164: Loss: 0.123 | PSNR: 33.402 | MSE: 0.00045686 | BPP: 0.0313
2026-07-21 12:31:50,905 [INFO] Val epoch 164: Loss: 0.227 | PSNR: 36.305 | MSE: 0.00023415 | BPP: 0.0468
2026-07-21 12:31:54,706 [INFO] Checkpoint epoch 164: best model saved: yes | current loss: 0.226601 | best loss: 0.226601
2026-07-21 12:31:54,706 [INFO] Global step updated to: 174405
2026-07-21 12:31:54,706 [INFO] ====== Current epoch 165 ======
2026-07-21 12:31:54,706 [INFO] Learning rate: 1e-05
2026-07-21 12:31:56,243 [INFO] [0/1057] | Loss: 0.239 | PSNR: 36.057 | MSE: 0.00024789 | BPP: 0.0491 | QP: 63
2026-07-21 12:35:44,525 [INFO] [500/1057] | Loss: 0.120 | PSNR: 33.277 | MSE: 0.00047025 | BPP: 0.0311 | QP: 19
2026-07-21 12:39:31,579 [INFO] [1000/1057] | Loss: 0.125 | PSNR: 33.323 | MSE: 0.00046524 | BPP: 0.0317 | QP: 54
2026-07-21 12:39:56,440 [INFO] Train epoch 165: Loss: 0.123 | PSNR: 33.471 | MSE: 0.00044966 | BPP: 0.0313
2026-07-21 12:40:57,894 [INFO] Val epoch 165: Loss: 0.227 | PSNR: 36.303 | MSE: 0.00023424 | BPP: 0.0467
2026-07-21 12:41:00,399 [INFO] Checkpoint epoch 165: best model saved: no | current loss: 0.226630 | best loss: 0.226601
2026-07-21 12:41:00,400 [INFO] Global step updated to: 175462
2026-07-21 12:41:00,400 [INFO] ====== Current epoch 166 ======
2026-07-21 12:41:00,400 [INFO] Learning rate: 1e-05
2026-07-21 12:41:02,084 [INFO] [0/1057] | Loss: 0.274 | PSNR: 35.489 | MSE: 0.00028253 | BPP: 0.0574 | QP: 63
2026-07-21 12:44:49,779 [INFO] [500/1057] | Loss: 0.118 | PSNR: 33.318 | MSE: 0.00046583 | BPP: 0.0305 | QP: 10
2026-07-21 12:48:37,983 [INFO] [1000/1057] | Loss: 0.121 | PSNR: 33.367 | MSE: 0.00046054 | BPP: 0.0310 | QP: 48
2026-07-21 12:49:02,301 [INFO] Train epoch 166: Loss: 0.123 | PSNR: 33.312 | MSE: 0.00046648 | BPP: 0.0311
2026-07-21 12:50:04,365 [INFO] Val epoch 166: Loss: 0.226 | PSNR: 36.308 | MSE: 0.00023397 | BPP: 0.0468
2026-07-21 12:50:08,315 [INFO] Checkpoint epoch 166: best model saved: yes | current loss: 0.226500 | best loss: 0.226500
2026-07-21 12:50:08,315 [INFO] Global step updated to: 176519
2026-07-21 12:50:08,315 [INFO] ====== Current epoch 167 ======
2026-07-21 12:50:08,315 [INFO] Learning rate: 1e-05
2026-07-21 12:50:09,893 [INFO] [0/1057] | Loss: 0.241 | PSNR: 36.073 | MSE: 0.00024701 | BPP: 0.0510 | QP: 63
2026-07-21 12:53:57,708 [INFO] [500/1057] | Loss: 0.129 | PSNR: 33.625 | MSE: 0.00043399 | BPP: 0.0327 | QP: 63
2026-07-21 12:57:45,921 [INFO] [1000/1057] | Loss: 0.122 | PSNR: 33.422 | MSE: 0.00045482 | BPP: 0.0313 | QP: 39
2026-07-21 12:58:09,675 [INFO] Train epoch 167: Loss: 0.124 | PSNR: 33.394 | MSE: 0.00045768 | BPP: 0.0314
2026-07-21 12:59:11,221 [INFO] Val epoch 167: Loss: 0.226 | PSNR: 36.318 | MSE: 0.00023348 | BPP: 0.0469
2026-07-21 12:59:15,097 [INFO] Checkpoint epoch 167: best model saved: yes | current loss: 0.226184 | best loss: 0.226184
2026-07-21 12:59:15,097 [INFO] Global step updated to: 177576
2026-07-21 12:59:15,097 [INFO] ====== Current epoch 168 ======
2026-07-21 12:59:15,097 [INFO] Learning rate: 1e-05
2026-07-21 12:59:16,772 [INFO] [0/1057] | Loss: 0.468 | PSNR: 32.753 | MSE: 0.00053050 | BPP: 0.0608 | QP: 63
2026-07-21 13:03:03,682 [INFO] [500/1057] | Loss: 0.123 | PSNR: 33.280 | MSE: 0.00046994 | BPP: 0.0312 | QP: 26
2026-07-21 13:06:51,700 [INFO] [1000/1057] | Loss: 0.116 | PSNR: 33.281 | MSE: 0.00046976 | BPP: 0.0305 | QP: 18
2026-07-21 13:07:16,252 [INFO] Train epoch 168: Loss: 0.120 | PSNR: 33.260 | MSE: 0.00047203 | BPP: 0.0308
2026-07-21 13:08:17,367 [INFO] Val epoch 168: Loss: 0.226 | PSNR: 36.309 | MSE: 0.00023394 | BPP: 0.0467
2026-07-21 13:08:19,806 [INFO] Checkpoint epoch 168: best model saved: no | current loss: 0.226344 | best loss: 0.226184
2026-07-21 13:08:19,806 [INFO] Global step updated to: 178633
2026-07-21 13:08:19,806 [INFO] ====== Current epoch 169 ======
2026-07-21 13:08:19,806 [INFO] Learning rate: 1e-05
2026-07-21 13:08:21,629 [INFO] [0/1057] | Loss: 0.218 | PSNR: 36.718 | MSE: 0.00021293 | BPP: 0.0548 | QP: 63
2026-07-21 13:12:10,357 [INFO] [500/1057] | Loss: 0.124 | PSNR: 33.116 | MSE: 0.00048801 | BPP: 0.0303 | QP: 26
2026-07-21 13:15:57,799 [INFO] [1000/1057] | Loss: 0.125 | PSNR: 33.284 | MSE: 0.00046944 | BPP: 0.0311 | QP: 55
2026-07-21 13:16:22,852 [INFO] Train epoch 169: Loss: 0.122 | PSNR: 33.278 | MSE: 0.00047006 | BPP: 0.0309
2026-07-21 13:17:24,121 [INFO] Val epoch 169: Loss: 0.226 | PSNR: 36.318 | MSE: 0.00023346 | BPP: 0.0467
2026-07-21 13:17:27,821 [INFO] Checkpoint epoch 169: best model saved: yes | current loss: 0.226032 | best loss: 0.226032
2026-07-21 13:17:27,821 [INFO] Global step updated to: 179690
2026-07-21 13:17:27,821 [INFO] ====== Current epoch 170 ======
2026-07-21 13:17:27,821 [INFO] Learning rate: 4.000000000000001e-06
2026-07-21 13:17:29,398 [INFO] [0/1057] | Loss: 0.256 | PSNR: 35.906 | MSE: 0.00025668 | BPP: 0.0589 | QP: 63
2026-07-21 13:21:17,536 [INFO] [500/1057] | Loss: 0.117 | PSNR: 33.401 | MSE: 0.00045698 | BPP: 0.0305 | QP: 26
2026-07-21 13:25:05,934 [INFO] [1000/1057] | Loss: 0.120 | PSNR: 33.357 | MSE: 0.00046160 | BPP: 0.0309 | QP: 29
2026-07-21 13:25:31,267 [INFO] Train epoch 170: Loss: 0.122 | PSNR: 33.334 | MSE: 0.00046405 | BPP: 0.0312
2026-07-21 13:26:33,398 [INFO] Val epoch 170: Loss: 0.225 | PSNR: 36.335 | MSE: 0.00023254 | BPP: 0.0468
2026-07-21 13:26:37,019 [INFO] Checkpoint epoch 170: best model saved: yes | current loss: 0.225354 | best loss: 0.225354
2026-07-21 13:26:37,019 [INFO] Global step updated to: 180747
2026-07-21 13:26:37,019 [INFO] ====== Current epoch 171 ======
2026-07-21 13:26:37,019 [INFO] Learning rate: 4.000000000000001e-06
2026-07-21 13:26:38,528 [INFO] [0/1057] | Loss: 0.148 | PSNR: 38.750 | MSE: 0.00013335 | BPP: 0.0455 | QP: 63
2026-07-21 13:30:26,183 [INFO] [500/1057] | Loss: 0.122 | PSNR: 33.311 | MSE: 0.00046656 | BPP: 0.0306 | QP: 44
2026-07-21 13:34:16,868 [INFO] [1000/1057] | Loss: 0.123 | PSNR: 33.284 | MSE: 0.00046945 | BPP: 0.0309 | QP: 53
2026-07-21 13:34:41,926 [INFO] Train epoch 171: Loss: 0.121 | PSNR: 33.380 | MSE: 0.00045923 | BPP: 0.0308
2026-07-21 13:35:42,879 [INFO] Val epoch 171: Loss: 0.225 | PSNR: 36.340 | MSE: 0.00023227 | BPP: 0.0469
2026-07-21 13:35:46,559 [INFO] Checkpoint epoch 171: best model saved: yes | current loss: 0.225274 | best loss: 0.225274
2026-07-21 13:35:46,559 [INFO] Global step updated to: 181804
2026-07-21 13:35:46,559 [INFO] ====== Current epoch 172 ======
2026-07-21 13:35:46,559 [INFO] Learning rate: 4.000000000000001e-06
2026-07-21 13:35:48,037 [INFO] [0/1057] | Loss: 0.265 | PSNR: 35.483 | MSE: 0.00028293 | BPP: 0.0479 | QP: 63
2026-07-21 13:39:37,055 [INFO] [500/1057] | Loss: 0.125 | PSNR: 33.243 | MSE: 0.00047395 | BPP: 0.0310 | QP: 34
2026-07-21 13:43:24,698 [INFO] [1000/1057] | Loss: 0.121 | PSNR: 33.272 | MSE: 0.00047079 | BPP: 0.0306 | QP: 59
2026-07-21 13:43:48,838 [INFO] Train epoch 172: Loss: 0.118 | PSNR: 33.343 | MSE: 0.00046309 | BPP: 0.0306
2026-07-21 13:44:50,377 [INFO] Val epoch 172: Loss: 0.225 | PSNR: 36.336 | MSE: 0.00023247 | BPP: 0.0466
2026-07-21 13:44:54,023 [INFO] Checkpoint epoch 172: best model saved: yes | current loss: 0.225170 | best loss: 0.225170
2026-07-21 13:44:54,023 [INFO] Global step updated to: 182861
2026-07-21 13:44:54,023 [INFO] ====== Current epoch 173 ======
2026-07-21 13:44:54,023 [INFO] Learning rate: 4.000000000000001e-06
2026-07-21 13:44:55,499 [INFO] [0/1057] | Loss: 0.143 | PSNR: 38.923 | MSE: 0.00012815 | BPP: 0.0446 | QP: 63
2026-07-21 13:48:42,895 [INFO] [500/1057] | Loss: 0.113 | PSNR: 33.211 | MSE: 0.00047738 | BPP: 0.0304 | QP: 20
2026-07-21 13:52:30,848 [INFO] [1000/1057] | Loss: 0.113 | PSNR: 33.295 | MSE: 0.00046822 | BPP: 0.0304 | QP: 10
2026-07-21 13:52:55,415 [INFO] Train epoch 173: Loss: 0.119 | PSNR: 33.313 | MSE: 0.00046639 | BPP: 0.0306
2026-07-21 13:53:57,874 [INFO] Val epoch 173: Loss: 0.225 | PSNR: 36.345 | MSE: 0.00023201 | BPP: 0.0469
2026-07-21 13:54:01,491 [INFO] Checkpoint epoch 173: best model saved: yes | current loss: 0.225095 | best loss: 0.225095
2026-07-21 13:54:01,492 [INFO] Global step updated to: 183918
2026-07-21 13:54:01,492 [INFO] ====== Current epoch 174 ======
2026-07-21 13:54:01,492 [INFO] Learning rate: 4.000000000000001e-06
2026-07-21 13:54:03,138 [INFO] [0/1057] | Loss: 0.212 | PSNR: 36.712 | MSE: 0.00021320 | BPP: 0.0485 | QP: 63
2026-07-21 13:57:52,007 [INFO] [500/1057] | Loss: 0.116 | PSNR: 33.342 | MSE: 0.00046329 | BPP: 0.0304 | QP: 24
2026-07-21 14:01:38,947 [INFO] [1000/1057] | Loss: 0.120 | PSNR: 33.409 | MSE: 0.00045618 | BPP: 0.0313 | QP: 53
2026-07-21 14:02:03,646 [INFO] Train epoch 174: Loss: 0.122 | PSNR: 33.438 | MSE: 0.00045312 | BPP: 0.0313
2026-07-21 14:03:05,758 [INFO] Val epoch 174: Loss: 0.225 | PSNR: 36.348 | MSE: 0.00023182 | BPP: 0.0468
2026-07-21 14:03:09,625 [INFO] Checkpoint epoch 174: best model saved: yes | current loss: 0.224885 | best loss: 0.224885
2026-07-21 14:03:09,625 [INFO] Global step updated to: 184975
2026-07-21 14:03:09,625 [INFO] ====== Current epoch 175 ======
2026-07-21 14:03:09,625 [INFO] Learning rate: 1.0000000000000002e-06
2026-07-21 14:03:11,255 [INFO] [0/1057] | Loss: 0.338 | PSNR: 34.474 | MSE: 0.00035698 | BPP: 0.0640 | QP: 63
2026-07-21 14:06:59,967 [INFO] [500/1057] | Loss: 0.120 | PSNR: 33.445 | MSE: 0.00045232 | BPP: 0.0305 | QP: 50
2026-07-21 14:10:49,540 [INFO] [1000/1057] | Loss: 0.119 | PSNR: 33.461 | MSE: 0.00045072 | BPP: 0.0310 | QP: 48
2026-07-21 14:11:13,763 [INFO] Train epoch 175: Loss: 0.120 | PSNR: 33.409 | MSE: 0.00045617 | BPP: 0.0310
2026-07-21 14:12:15,339 [INFO] Val epoch 175: Loss: 0.225 | PSNR: 36.354 | MSE: 0.00023151 | BPP: 0.0468
2026-07-21 14:12:19,075 [INFO] Checkpoint epoch 175: best model saved: yes | current loss: 0.224595 | best loss: 0.224595
2026-07-21 14:12:19,075 [INFO] Global step updated to: 186032
2026-07-21 14:12:19,075 [INFO] ====== Current epoch 176 ======
2026-07-21 14:12:19,075 [INFO] Learning rate: 1.0000000000000002e-06
2026-07-21 14:12:20,721 [INFO] [0/1057] | Loss: 0.090 | PSNR: 41.037 | MSE: 0.00007877 | BPP: 0.0292 | QP: 63
2026-07-21 14:16:09,263 [INFO] [500/1057] | Loss: 0.121 | PSNR: 33.432 | MSE: 0.00045373 | BPP: 0.0301 | QP: 38
2026-07-21 14:19:57,351 [INFO] [1000/1057] | Loss: 0.124 | PSNR: 33.447 | MSE: 0.00045214 | BPP: 0.0310 | QP: 37
2026-07-21 14:20:22,412 [INFO] Train epoch 176: Loss: 0.122 | PSNR: 33.368 | MSE: 0.00046042 | BPP: 0.0311
2026-07-21 14:21:23,262 [INFO] Val epoch 176: Loss: 0.225 | PSNR: 36.356 | MSE: 0.00023140 | BPP: 0.0468
2026-07-21 14:21:27,055 [INFO] Checkpoint epoch 176: best model saved: yes | current loss: 0.224533 | best loss: 0.224533
2026-07-21 14:21:27,055 [INFO] Global step updated to: 187089
2026-07-21 14:21:27,055 [INFO] ====== Current epoch 177 ======
2026-07-21 14:21:27,055 [INFO] Learning rate: 1.0000000000000002e-06
2026-07-21 14:21:28,729 [INFO] [0/1057] | Loss: 0.272 | PSNR: 35.706 | MSE: 0.00026876 | BPP: 0.0659 | QP: 63
2026-07-21 14:25:16,213 [INFO] [500/1057] | Loss: 0.127 | PSNR: 33.574 | MSE: 0.00043918 | BPP: 0.0318 | QP: 31
2026-07-21 14:29:03,767 [INFO] [1000/1057] | Loss: 0.122 | PSNR: 33.445 | MSE: 0.00045235 | BPP: 0.0312 | QP: 47
2026-07-21 14:29:28,868 [INFO] Train epoch 177: Loss: 0.123 | PSNR: 33.493 | MSE: 0.00044740 | BPP: 0.0312
2026-07-21 14:30:29,859 [INFO] Val epoch 177: Loss: 0.225 | PSNR: 36.355 | MSE: 0.00023146 | BPP: 0.0468
2026-07-21 14:30:32,204 [INFO] Checkpoint epoch 177: best model saved: no | current loss: 0.224571 | best loss: 0.224533
2026-07-21 14:30:32,205 [INFO] Global step updated to: 188146
2026-07-21 14:30:32,205 [INFO] ====== Current epoch 178 ======
2026-07-21 14:30:32,205 [INFO] Learning rate: 1.0000000000000002e-06
2026-07-21 14:30:33,735 [INFO] [0/1057] | Loss: 0.206 | PSNR: 36.676 | MSE: 0.00021500 | BPP: 0.0407 | QP: 63
2026-07-21 14:34:20,181 [INFO] [500/1057] | Loss: 0.118 | PSNR: 33.352 | MSE: 0.00046214 | BPP: 0.0310 | QP: 6
2026-07-21 14:38:07,048 [INFO] [1000/1057] | Loss: 0.121 | PSNR: 33.299 | MSE: 0.00046783 | BPP: 0.0310 | QP: 14
2026-07-21 14:38:31,935 [INFO] Train epoch 178: Loss: 0.119 | PSNR: 33.338 | MSE: 0.00046366 | BPP: 0.0308
2026-07-21 14:39:33,347 [INFO] Val epoch 178: Loss: 0.225 | PSNR: 36.357 | MSE: 0.00023134 | BPP: 0.0468
2026-07-21 14:39:37,034 [INFO] Checkpoint epoch 178: best model saved: yes | current loss: 0.224509 | best loss: 0.224509
2026-07-21 14:39:37,034 [INFO] Global step updated to: 189203
2026-07-21 14:39:37,034 [INFO] ====== Current epoch 179 ======
2026-07-21 14:39:37,034 [INFO] Learning rate: 1.0000000000000002e-06
2026-07-21 14:39:38,534 [INFO] [0/1057] | Loss: 0.269 | PSNR: 35.337 | MSE: 0.00029261 | BPP: 0.0442 | QP: 63
2026-07-21 14:43:26,555 [INFO] [500/1057] | Loss: 0.121 | PSNR: 33.408 | MSE: 0.00045630 | BPP: 0.0313 | QP: 36
2026-07-21 14:47:15,121 [INFO] [1000/1057] | Loss: 0.122 | PSNR: 33.407 | MSE: 0.00045636 | BPP: 0.0313 | QP: 42
2026-07-21 14:47:40,242 [INFO] Train epoch 179: Loss: 0.122 | PSNR: 33.385 | MSE: 0.00045867 | BPP: 0.0313
2026-07-21 14:48:42,040 [INFO] Val epoch 179: Loss: 0.224 | PSNR: 36.359 | MSE: 0.00023124 | BPP: 0.0469
2026-07-21 14:48:45,252 [INFO] Checkpoint epoch 179: best model saved: yes | current loss: 0.224458 | best loss: 0.224458
2026-07-21 14:48:45,252 [INFO] Global step updated to: 190260
