2026-07-13 11:43:09,326 [INFO ]  Logging file is ./pretrained_uf/DCVCUFIntra/1/20260713_114309.log
2026-07-13 11:43:09,326 [INFO ]  ======================= 2026-07-13_11_43_08 =======================
2026-07-13 11:43:09,326 [INFO ]  model: DCVCUFIntra
2026-07-13 11:43:09,327 [INFO ]  train_root: None
2026-07-13 11:43:09,327 [INFO ]  train_filelist: /home/admin1/Data/data/vimeo_septuplet/train_filelist.txt
2026-07-13 11:43:09,327 [INFO ]  test_dataset: None
2026-07-13 11:43:09,327 [INFO ]  test_filelist: None
2026-07-13 11:43:09,327 [INFO ]  epochs: 120
2026-07-13 11:43:09,327 [INFO ]  learning_rate: 0.0001
2026-07-13 11:43:09,327 [INFO ]  num_workers: 4
2026-07-13 11:43:09,327 [INFO ]  quality_level: 1
2026-07-13 11:43:09,327 [INFO ]  batch_size: 1
2026-07-13 11:43:09,327 [INFO ]  test_batch_size: 1
2026-07-13 11:43:09,327 [INFO ]  patch_size: [256, 256]
2026-07-13 11:43:09,327 [INFO ]  chunk_size: 8
2026-07-13 11:43:09,327 [INFO ]  gop: 8
2026-07-13 11:43:09,327 [INFO ]  test_gop: 8
2026-07-13 11:43:09,327 [INFO ]  q_num: 64
2026-07-13 11:43:09,327 [INFO ]  test_qp: 63
2026-07-13 11:43:09,327 [INFO ]  warmup_epochs: 20
2026-07-13 11:43:09,327 [INFO ]  qp_warmup_epochs: 48
2026-07-13 11:43:09,327 [INFO ]  cuda: True
2026-07-13 11:43:09,327 [INFO ]  save: True
2026-07-13 11:43:09,327 [INFO ]  seed: 7
2026-07-13 11:43:09,327 [INFO ]  clip_max_norm: 1.0
2026-07-13 11:43:09,327 [INFO ]  local_rank: 0
2026-07-13 11:43:09,327 [INFO ]  checkpoint: None
2026-07-13 11:43:09,327 [INFO ]  output_dir: ./pretrained_uf
2026-07-13 11:43:09,327 [INFO ]  name: 2026-07-13_11_43_08
2026-07-13 11:43:09,327 [INFO ]  log_interval: 50
2026-07-13 11:43:09,327 [INFO ]  check_exists: False
2026-07-13 11:43:09,327 [INFO ]  max_samples: None
2026-07-13 11:43:09,327 [INFO ]  pad_last: True
2026-07-13 11:43:09,327 [INFO ]  drop_last: False
2026-07-13 11:43:09,327 [INFO ]  distributed: True
2026-07-13 11:43:09,328 [INFO ]  ========================================
2026-07-13 11:43:15,572 [INFO ]  ====== Current epoch 0 ======
2026-07-13 11:43:15,572 [INFO ]  Learning rate: 0.0001
2026-07-13 11:43:17,118 [INFO ]  [0/22926] | Loss: 57498.086 | PSNR: 6.903 | MSE: 0.57498085 | BPP: 0.2950 | QP: 63
2026-07-13 11:43:22,202 [INFO ]  [50/22926] | Loss: 27716.098 | PSNR: 11.585 | MSE: 0.27716098 | BPP: 0.1217 | QP: 63
2026-07-13 11:43:27,526 [INFO ]  [100/22926] | Loss: 21914.913 | PSNR: 12.653 | MSE: 0.21914913 | BPP: 0.1270 | QP: 63
2026-07-13 11:43:32,846 [INFO ]  [150/22926] | Loss: 18488.269 | PSNR: 13.677 | MSE: 0.18488269 | BPP: 0.1364 | QP: 63
2026-07-13 11:43:38,065 [INFO ]  [200/22926] | Loss: 16490.905 | PSNR: 14.273 | MSE: 0.16490905 | BPP: 0.1515 | QP: 63
2026-07-13 11:43:43,263 [INFO ]  [250/22926] | Loss: 15106.807 | PSNR: 14.717 | MSE: 0.15106807 | BPP: 0.1629 | QP: 63
2026-07-13 11:43:48,380 [INFO ]  [300/22926] | Loss: 14252.313 | PSNR: 14.956 | MSE: 0.14252313 | BPP: 0.1797 | QP: 63
2026-07-13 11:43:53,560 [INFO ]  [350/22926] | Loss: 13534.064 | PSNR: 15.223 | MSE: 0.13534064 | BPP: 0.1912 | QP: 63
2026-07-13 11:43:58,744 [INFO ]  [400/22926] | Loss: 13094.503 | PSNR: 15.338 | MSE: 0.13094503 | BPP: 0.2057 | QP: 63
2026-07-13 11:44:03,869 [INFO ]  [450/22926] | Loss: 12661.065 | PSNR: 15.500 | MSE: 0.12661065 | BPP: 0.2188 | QP: 63
2026-07-13 11:44:08,907 [INFO ]  [500/22926] | Loss: 12344.401 | PSNR: 15.606 | MSE: 0.12344401 | BPP: 0.2273 | QP: 63
2026-07-13 11:44:14,019 [INFO ]  [550/22926] | Loss: 12108.983 | PSNR: 15.669 | MSE: 0.12108983 | BPP: 0.2365 | QP: 63
2026-07-13 11:44:19,041 [INFO ]  [600/22926] | Loss: 11919.443 | PSNR: 15.713 | MSE: 0.11919443 | BPP: 0.2465 | QP: 63
2026-07-13 11:44:24,149 [INFO ]  [650/22926] | Loss: 11716.591 | PSNR: 15.786 | MSE: 0.11716591 | BPP: 0.2565 | QP: 63
2026-07-13 11:44:29,295 [INFO ]  [700/22926] | Loss: 11552.638 | PSNR: 15.841 | MSE: 0.11552638 | BPP: 0.2657 | QP: 63
2026-07-13 11:44:34,463 [INFO ]  [750/22926] | Loss: 11461.287 | PSNR: 15.840 | MSE: 0.11461287 | BPP: 0.2753 | QP: 63
2026-07-13 11:44:39,673 [INFO ]  [800/22926] | Loss: 11327.215 | PSNR: 15.905 | MSE: 0.11327215 | BPP: 0.2812 | QP: 63
2026-07-13 11:44:44,870 [INFO ]  [850/22926] | Loss: 11252.752 | PSNR: 15.910 | MSE: 0.11252752 | BPP: 0.2884 | QP: 63
2026-07-13 11:44:50,095 [INFO ]  [900/22926] | Loss: 11137.480 | PSNR: 15.952 | MSE: 0.11137480 | BPP: 0.2953 | QP: 63
2026-07-13 11:44:55,345 [INFO ]  [950/22926] | Loss: 11066.360 | PSNR: 15.954 | MSE: 0.11066360 | BPP: 0.3029 | QP: 63
2026-07-13 11:45:00,549 [INFO ]  [1000/22926] | Loss: 10933.159 | PSNR: 16.022 | MSE: 0.10933159 | BPP: 0.3106 | QP: 63
2026-07-13 11:45:05,734 [INFO ]  [1050/22926] | Loss: 10813.373 | PSNR: 16.074 | MSE: 0.10813373 | BPP: 0.3168 | QP: 63
2026-07-13 11:45:10,864 [INFO ]  [1100/22926] | Loss: 10718.241 | PSNR: 16.102 | MSE: 0.10718241 | BPP: 0.3234 | QP: 63
2026-07-13 11:45:15,971 [INFO ]  [1150/22926] | Loss: 10598.073 | PSNR: 16.159 | MSE: 0.10598073 | BPP: 0.3293 | QP: 63
2026-07-13 11:45:21,176 [INFO ]  [1200/22926] | Loss: 10481.678 | PSNR: 16.226 | MSE: 0.10481678 | BPP: 0.3337 | QP: 63
2026-07-13 11:45:26,203 [INFO ]  [1250/22926] | Loss: 10391.215 | PSNR: 16.250 | MSE: 0.10391215 | BPP: 0.3389 | QP: 63
2026-07-13 11:45:31,338 [INFO ]  [1300/22926] | Loss: 10269.947 | PSNR: 16.314 | MSE: 0.10269947 | BPP: 0.3436 | QP: 63
2026-07-13 11:45:36,417 [INFO ]  [1350/22926] | Loss: 10163.331 | PSNR: 16.372 | MSE: 0.10163331 | BPP: 0.3472 | QP: 63
2026-07-13 11:45:41,648 [INFO ]  [1400/22926] | Loss: 10059.033 | PSNR: 16.417 | MSE: 0.10059033 | BPP: 0.3523 | QP: 63
2026-07-13 11:45:46,876 [INFO ]  [1450/22926] | Loss: 9952.948 | PSNR: 16.458 | MSE: 0.09952948 | BPP: 0.3567 | QP: 63
2026-07-13 11:45:52,010 [INFO ]  [1500/22926] | Loss: 9826.342 | PSNR: 16.538 | MSE: 0.09826342 | BPP: 0.3619 | QP: 63
2026-07-13 11:45:57,119 [INFO ]  [1550/22926] | Loss: 9723.802 | PSNR: 16.580 | MSE: 0.09723802 | BPP: 0.3667 | QP: 63
2026-07-13 11:46:02,225 [INFO ]  [1600/22926] | Loss: 9622.787 | PSNR: 16.627 | MSE: 0.09622787 | BPP: 0.3722 | QP: 63
2026-07-13 11:46:07,329 [INFO ]  [1650/22926] | Loss: 9526.458 | PSNR: 16.673 | MSE: 0.09526458 | BPP: 0.3773 | QP: 63
2026-07-13 11:46:12,464 [INFO ]  [1700/22926] | Loss: 9421.736 | PSNR: 16.733 | MSE: 0.09421736 | BPP: 0.3822 | QP: 63
2026-07-13 11:46:17,557 [INFO ]  [1750/22926] | Loss: 9317.720 | PSNR: 16.798 | MSE: 0.09317720 | BPP: 0.3867 | QP: 63
2026-07-13 11:46:22,723 [INFO ]  [1800/22926] | Loss: 9205.936 | PSNR: 16.871 | MSE: 0.09205936 | BPP: 0.3907 | QP: 63
2026-07-13 11:46:27,813 [INFO ]  [1850/22926] | Loss: 9108.057 | PSNR: 16.932 | MSE: 0.09108057 | BPP: 0.3961 | QP: 63
2026-07-13 11:46:32,987 [INFO ]  [1900/22926] | Loss: 9007.090 | PSNR: 16.992 | MSE: 0.09007090 | BPP: 0.4008 | QP: 63
2026-07-13 11:46:38,554 [INFO ]  [1950/22926] | Loss: 8912.513 | PSNR: 17.039 | MSE: 0.08912513 | BPP: 0.4048 | QP: 63
2026-07-13 11:46:43,648 [INFO ]  [2000/22926] | Loss: 8813.918 | PSNR: 17.100 | MSE: 0.08813918 | BPP: 0.4092 | QP: 63
2026-07-13 11:46:48,792 [INFO ]  [2050/22926] | Loss: 8719.597 | PSNR: 17.163 | MSE: 0.08719597 | BPP: 0.4141 | QP: 63
2026-07-13 11:46:53,875 [INFO ]  [2100/22926] | Loss: 8623.521 | PSNR: 17.232 | MSE: 0.08623521 | BPP: 0.4183 | QP: 63
2026-07-13 11:46:58,924 [INFO ]  [2150/22926] | Loss: 8526.196 | PSNR: 17.290 | MSE: 0.08526196 | BPP: 0.4221 | QP: 63
2026-07-13 11:47:04,045 [INFO ]  [2200/22926] | Loss: 8436.518 | PSNR: 17.342 | MSE: 0.08436518 | BPP: 0.4264 | QP: 63
2026-07-13 11:47:09,258 [INFO ]  [2250/22926] | Loss: 8346.444 | PSNR: 17.395 | MSE: 0.08346444 | BPP: 0.4298 | QP: 63
2026-07-13 11:47:14,364 [INFO ]  [2300/22926] | Loss: 8261.197 | PSNR: 17.448 | MSE: 0.08261197 | BPP: 0.4336 | QP: 63
2026-07-13 11:47:19,434 [INFO ]  [2350/22926] | Loss: 8172.790 | PSNR: 17.507 | MSE: 0.08172790 | BPP: 0.4376 | QP: 63
2026-07-13 11:47:24,703 [INFO ]  [2400/22926] | Loss: 8095.764 | PSNR: 17.555 | MSE: 0.08095764 | BPP: 0.4423 | QP: 63
2026-07-13 11:47:29,952 [INFO ]  [2450/22926] | Loss: 8014.061 | PSNR: 17.613 | MSE: 0.08014061 | BPP: 0.4459 | QP: 63
2026-07-13 11:47:35,203 [INFO ]  [2500/22926] | Loss: 7933.438 | PSNR: 17.663 | MSE: 0.07933438 | BPP: 0.4493 | QP: 63
2026-07-13 11:47:40,570 [INFO ]  [2550/22926] | Loss: 7860.948 | PSNR: 17.714 | MSE: 0.07860948 | BPP: 0.4531 | QP: 63
2026-07-13 11:47:45,857 [INFO ]  [2600/22926] | Loss: 7785.414 | PSNR: 17.760 | MSE: 0.07785414 | BPP: 0.4565 | QP: 63
2026-07-13 11:47:50,860 [INFO ]  [2650/22926] | Loss: 7706.410 | PSNR: 17.815 | MSE: 0.07706410 | BPP: 0.4596 | QP: 63
2026-07-13 11:47:55,914 [INFO ]  [2700/22926] | Loss: 7630.097 | PSNR: 17.865 | MSE: 0.07630097 | BPP: 0.4630 | QP: 63
2026-07-13 11:48:00,999 [INFO ]  [2750/22926] | Loss: 7555.878 | PSNR: 17.905 | MSE: 0.07555878 | BPP: 0.4664 | QP: 63
2026-07-13 11:48:06,151 [INFO ]  [2800/22926] | Loss: 7479.651 | PSNR: 17.956 | MSE: 0.07479651 | BPP: 0.4693 | QP: 63
2026-07-13 11:48:11,305 [INFO ]  [2850/22926] | Loss: 7403.095 | PSNR: 18.015 | MSE: 0.07403095 | BPP: 0.4725 | QP: 63
2026-07-13 11:48:16,443 [INFO ]  [2900/22926] | Loss: 7327.043 | PSNR: 18.071 | MSE: 0.07327043 | BPP: 0.4754 | QP: 63
2026-07-13 11:48:21,584 [INFO ]  [2950/22926] | Loss: 7252.237 | PSNR: 18.126 | MSE: 0.07252237 | BPP: 0.4782 | QP: 63
2026-07-13 11:48:26,725 [INFO ]  [3000/22926] | Loss: 7182.045 | PSNR: 18.170 | MSE: 0.07182045 | BPP: 0.4812 | QP: 63
2026-07-13 11:48:31,852 [INFO ]  [3050/22926] | Loss: 7111.682 | PSNR: 18.222 | MSE: 0.07111682 | BPP: 0.4844 | QP: 63
2026-07-13 11:48:36,996 [INFO ]  [3100/22926] | Loss: 7042.695 | PSNR: 18.270 | MSE: 0.07042695 | BPP: 0.4868 | QP: 63
2026-07-13 11:48:42,089 [INFO ]  [3150/22926] | Loss: 6975.028 | PSNR: 18.317 | MSE: 0.06975028 | BPP: 0.4895 | QP: 63
2026-07-13 11:48:47,126 [INFO ]  [3200/22926] | Loss: 6906.740 | PSNR: 18.365 | MSE: 0.06906740 | BPP: 0.4923 | QP: 63
2026-07-13 11:48:52,125 [INFO ]  [3250/22926] | Loss: 6839.559 | PSNR: 18.419 | MSE: 0.06839559 | BPP: 0.4951 | QP: 63
2026-07-13 11:48:57,260 [INFO ]  [3300/22926] | Loss: 6774.528 | PSNR: 18.467 | MSE: 0.06774528 | BPP: 0.4978 | QP: 63
2026-07-13 11:49:02,305 [INFO ]  [3350/22926] | Loss: 6710.024 | PSNR: 18.522 | MSE: 0.06710024 | BPP: 0.5006 | QP: 63
2026-07-13 11:49:07,410 [INFO ]  [3400/22926] | Loss: 6647.368 | PSNR: 18.569 | MSE: 0.06647368 | BPP: 0.5032 | QP: 63
2026-07-13 11:49:12,472 [INFO ]  [3450/22926] | Loss: 6587.638 | PSNR: 18.620 | MSE: 0.06587638 | BPP: 0.5060 | QP: 63
2026-07-13 11:49:17,677 [INFO ]  [3500/22926] | Loss: 6526.584 | PSNR: 18.670 | MSE: 0.06526584 | BPP: 0.5083 | QP: 63
2026-07-13 11:49:22,689 [INFO ]  [3550/22926] | Loss: 6464.858 | PSNR: 18.725 | MSE: 0.06464858 | BPP: 0.5106 | QP: 63
2026-07-13 11:49:27,540 [INFO ]  [3600/22926] | Loss: 6404.508 | PSNR: 18.775 | MSE: 0.06404508 | BPP: 0.5131 | QP: 63
2026-07-13 11:49:32,684 [INFO ]  [3650/22926] | Loss: 6346.994 | PSNR: 18.827 | MSE: 0.06346994 | BPP: 0.5157 | QP: 63
2026-07-13 11:49:37,803 [INFO ]  [3700/22926] | Loss: 6291.180 | PSNR: 18.876 | MSE: 0.06291179 | BPP: 0.5186 | QP: 63
2026-07-13 11:49:43,123 [INFO ]  [3750/22926] | Loss: 6236.013 | PSNR: 18.920 | MSE: 0.06236013 | BPP: 0.5218 | QP: 63
2026-07-13 11:49:48,137 [INFO ]  [3800/22926] | Loss: 6179.348 | PSNR: 18.973 | MSE: 0.06179348 | BPP: 0.5246 | QP: 63
2026-07-13 11:49:52,958 [INFO ]  [3850/22926] | Loss: 6124.116 | PSNR: 19.021 | MSE: 0.06124116 | BPP: 0.5273 | QP: 63
2026-07-13 11:49:58,085 [INFO ]  [3900/22926] | Loss: 6071.839 | PSNR: 19.062 | MSE: 0.06071839 | BPP: 0.5299 | QP: 63
2026-07-13 11:50:03,211 [INFO ]  [3950/22926] | Loss: 6019.591 | PSNR: 19.106 | MSE: 0.06019591 | BPP: 0.5326 | QP: 63
2026-07-13 11:50:08,230 [INFO ]  [4000/22926] | Loss: 5967.581 | PSNR: 19.153 | MSE: 0.05967581 | BPP: 0.5350 | QP: 63
2026-07-13 11:50:13,303 [INFO ]  [4050/22926] | Loss: 5918.485 | PSNR: 19.196 | MSE: 0.05918485 | BPP: 0.5377 | QP: 63
2026-07-13 11:50:18,360 [INFO ]  [4100/22926] | Loss: 5868.793 | PSNR: 19.243 | MSE: 0.05868793 | BPP: 0.5399 | QP: 63
2026-07-13 11:50:23,509 [INFO ]  [4150/22926] | Loss: 5821.180 | PSNR: 19.285 | MSE: 0.05821180 | BPP: 0.5423 | QP: 63
2026-07-13 11:50:28,567 [INFO ]  [4200/22926] | Loss: 5772.742 | PSNR: 19.334 | MSE: 0.05772742 | BPP: 0.5445 | QP: 63
2026-07-13 11:50:33,605 [INFO ]  [4250/22926] | Loss: 5726.668 | PSNR: 19.379 | MSE: 0.05726668 | BPP: 0.5468 | QP: 63
2026-07-13 11:50:38,628 [INFO ]  [4300/22926] | Loss: 5680.547 | PSNR: 19.428 | MSE: 0.05680547 | BPP: 0.5490 | QP: 63
2026-07-13 11:50:43,726 [INFO ]  [4350/22926] | Loss: 5637.132 | PSNR: 19.467 | MSE: 0.05637132 | BPP: 0.5516 | QP: 63
2026-07-13 11:50:48,793 [INFO ]  [4400/22926] | Loss: 5593.778 | PSNR: 19.510 | MSE: 0.05593778 | BPP: 0.5540 | QP: 63
2026-07-13 11:50:53,898 [INFO ]  [4450/22926] | Loss: 5551.387 | PSNR: 19.550 | MSE: 0.05551387 | BPP: 0.5561 | QP: 63
2026-07-13 11:50:59,059 [INFO ]  [4500/22926] | Loss: 5509.252 | PSNR: 19.589 | MSE: 0.05509252 | BPP: 0.5583 | QP: 63
2026-07-13 11:51:04,146 [INFO ]  [4550/22926] | Loss: 5467.459 | PSNR: 19.629 | MSE: 0.05467459 | BPP: 0.5605 | QP: 63
2026-07-13 11:51:09,164 [INFO ]  [4600/22926] | Loss: 5427.060 | PSNR: 19.669 | MSE: 0.05427060 | BPP: 0.5627 | QP: 63
2026-07-13 11:51:14,248 [INFO ]  [4650/22926] | Loss: 5387.406 | PSNR: 19.708 | MSE: 0.05387406 | BPP: 0.5649 | QP: 63
2026-07-13 11:51:19,377 [INFO ]  [4700/22926] | Loss: 5347.297 | PSNR: 19.749 | MSE: 0.05347297 | BPP: 0.5670 | QP: 63
2026-07-13 11:51:24,446 [INFO ]  [4750/22926] | Loss: 5308.715 | PSNR: 19.789 | MSE: 0.05308715 | BPP: 0.5691 | QP: 63
2026-07-13 11:51:29,591 [INFO ]  [4800/22926] | Loss: 5271.089 | PSNR: 19.823 | MSE: 0.05271089 | BPP: 0.5713 | QP: 63
2026-07-13 11:51:34,786 [INFO ]  [4850/22926] | Loss: 5233.167 | PSNR: 19.862 | MSE: 0.05233167 | BPP: 0.5733 | QP: 63
2026-07-13 11:51:39,945 [INFO ]  [4900/22926] | Loss: 5196.185 | PSNR: 19.904 | MSE: 0.05196185 | BPP: 0.5754 | QP: 63
2026-07-13 11:51:45,069 [INFO ]  [4950/22926] | Loss: 5159.475 | PSNR: 19.942 | MSE: 0.05159475 | BPP: 0.5775 | QP: 63
2026-07-13 11:51:50,147 [INFO ]  [5000/22926] | Loss: 5124.787 | PSNR: 19.974 | MSE: 0.05124787 | BPP: 0.5798 | QP: 63
2026-07-13 11:51:55,193 [INFO ]  [5050/22926] | Loss: 5089.612 | PSNR: 20.009 | MSE: 0.05089612 | BPP: 0.5819 | QP: 63
2026-07-13 11:52:00,256 [INFO ]  [5100/22926] | Loss: 5054.672 | PSNR: 20.047 | MSE: 0.05054672 | BPP: 0.5839 | QP: 63
2026-07-13 11:52:05,300 [INFO ]  [5150/22926] | Loss: 5020.877 | PSNR: 20.084 | MSE: 0.05020877 | BPP: 0.5861 | QP: 63
2026-07-13 11:52:10,430 [INFO ]  [5200/22926] | Loss: 4985.694 | PSNR: 20.129 | MSE: 0.04985694 | BPP: 0.5880 | QP: 63
2026-07-13 11:52:15,407 [INFO ]  [5250/22926] | Loss: 4953.284 | PSNR: 20.160 | MSE: 0.04953284 | BPP: 0.5901 | QP: 63
2026-07-13 11:52:20,447 [INFO ]  [5300/22926] | Loss: 4921.434 | PSNR: 20.192 | MSE: 0.04921434 | BPP: 0.5922 | QP: 63
2026-07-13 11:52:25,543 [INFO ]  [5350/22926] | Loss: 4889.161 | PSNR: 20.231 | MSE: 0.04889161 | BPP: 0.5940 | QP: 63
2026-07-13 11:52:30,684 [INFO ]  [5400/22926] | Loss: 4857.015 | PSNR: 20.272 | MSE: 0.04857015 | BPP: 0.5959 | QP: 63
2026-07-13 11:52:35,798 [INFO ]  [5450/22926] | Loss: 4825.730 | PSNR: 20.306 | MSE: 0.04825730 | BPP: 0.5976 | QP: 63
2026-07-13 11:52:40,952 [INFO ]  [5500/22926] | Loss: 4795.237 | PSNR: 20.339 | MSE: 0.04795237 | BPP: 0.5996 | QP: 63
2026-07-13 11:52:46,357 [INFO ]  [5550/22926] | Loss: 4764.342 | PSNR: 20.375 | MSE: 0.04764342 | BPP: 0.6013 | QP: 63
2026-07-13 11:52:51,506 [INFO ]  [5600/22926] | Loss: 4734.387 | PSNR: 20.412 | MSE: 0.04734387 | BPP: 0.6030 | QP: 63
2026-07-13 11:52:56,678 [INFO ]  [5650/22926] | Loss: 4703.951 | PSNR: 20.447 | MSE: 0.04703951 | BPP: 0.6046 | QP: 63
2026-07-13 11:53:01,873 [INFO ]  [5700/22926] | Loss: 4674.512 | PSNR: 20.483 | MSE: 0.04674512 | BPP: 0.6064 | QP: 63
2026-07-13 11:53:07,035 [INFO ]  [5750/22926] | Loss: 4646.277 | PSNR: 20.516 | MSE: 0.04646277 | BPP: 0.6084 | QP: 63
2026-07-13 11:53:12,193 [INFO ]  [5800/22926] | Loss: 4617.158 | PSNR: 20.550 | MSE: 0.04617158 | BPP: 0.6102 | QP: 63
2026-07-13 11:53:17,335 [INFO ]  [5850/22926] | Loss: 4588.879 | PSNR: 20.586 | MSE: 0.04588879 | BPP: 0.6120 | QP: 63
2026-07-13 11:53:22,505 [INFO ]  [5900/22926] | Loss: 4560.352 | PSNR: 20.620 | MSE: 0.04560352 | BPP: 0.6137 | QP: 63
2026-07-13 11:53:27,787 [INFO ]  [5950/22926] | Loss: 4533.135 | PSNR: 20.652 | MSE: 0.04533135 | BPP: 0.6157 | QP: 63
2026-07-13 11:53:32,997 [INFO ]  [6000/22926] | Loss: 4504.483 | PSNR: 20.691 | MSE: 0.04504483 | BPP: 0.6175 | QP: 63
2026-07-13 11:53:38,186 [INFO ]  [6050/22926] | Loss: 4476.882 | PSNR: 20.723 | MSE: 0.04476882 | BPP: 0.6193 | QP: 63
2026-07-13 11:53:43,430 [INFO ]  [6100/22926] | Loss: 4449.115 | PSNR: 20.758 | MSE: 0.04449115 | BPP: 0.6210 | QP: 63
2026-07-13 11:53:48,598 [INFO ]  [6150/22926] | Loss: 4421.746 | PSNR: 20.797 | MSE: 0.04421746 | BPP: 0.6227 | QP: 63
2026-07-13 11:53:53,732 [INFO ]  [6200/22926] | Loss: 4395.496 | PSNR: 20.834 | MSE: 0.04395496 | BPP: 0.6243 | QP: 63
2026-07-13 11:53:58,824 [INFO ]  [6250/22926] | Loss: 4368.628 | PSNR: 20.872 | MSE: 0.04368628 | BPP: 0.6261 | QP: 63
2026-07-13 11:54:03,927 [INFO ]  [6300/22926] | Loss: 4342.274 | PSNR: 20.908 | MSE: 0.04342274 | BPP: 0.6278 | QP: 63
2026-07-13 11:54:09,048 [INFO ]  [6350/22926] | Loss: 4316.543 | PSNR: 20.940 | MSE: 0.04316543 | BPP: 0.6294 | QP: 63
2026-07-13 11:54:14,241 [INFO ]  [6400/22926] | Loss: 4291.001 | PSNR: 20.975 | MSE: 0.04291001 | BPP: 0.6311 | QP: 63
2026-07-13 11:54:19,482 [INFO ]  [6450/22926] | Loss: 4266.590 | PSNR: 21.005 | MSE: 0.04266590 | BPP: 0.6328 | QP: 63
2026-07-13 11:54:24,674 [INFO ]  [6500/22926] | Loss: 4241.779 | PSNR: 21.037 | MSE: 0.04241779 | BPP: 0.6345 | QP: 63
2026-07-13 11:54:29,844 [INFO ]  [6550/22926] | Loss: 4217.675 | PSNR: 21.068 | MSE: 0.04217675 | BPP: 0.6362 | QP: 63
2026-07-13 11:54:34,929 [INFO ]  [6600/22926] | Loss: 4194.081 | PSNR: 21.098 | MSE: 0.04194081 | BPP: 0.6379 | QP: 63
2026-07-13 11:54:40,012 [INFO ]  [6650/22926] | Loss: 4170.339 | PSNR: 21.129 | MSE: 0.04170339 | BPP: 0.6395 | QP: 63
2026-07-13 11:54:45,121 [INFO ]  [6700/22926] | Loss: 4146.718 | PSNR: 21.165 | MSE: 0.04146718 | BPP: 0.6408 | QP: 63
2026-07-13 11:54:50,271 [INFO ]  [6750/22926] | Loss: 4123.072 | PSNR: 21.196 | MSE: 0.04123072 | BPP: 0.6423 | QP: 63
2026-07-13 11:54:55,349 [INFO ]  [6800/22926] | Loss: 4100.103 | PSNR: 21.224 | MSE: 0.04100103 | BPP: 0.6439 | QP: 63
2026-07-13 11:55:00,391 [INFO ]  [6850/22926] | Loss: 4077.314 | PSNR: 21.254 | MSE: 0.04077314 | BPP: 0.6454 | QP: 63
2026-07-13 11:55:05,519 [INFO ]  [6900/22926] | Loss: 4054.821 | PSNR: 21.283 | MSE: 0.04054821 | BPP: 0.6470 | QP: 63
2026-07-13 11:55:10,626 [INFO ]  [6950/22926] | Loss: 4031.691 | PSNR: 21.320 | MSE: 0.04031691 | BPP: 0.6485 | QP: 63
2026-07-13 11:55:15,736 [INFO ]  [7000/22926] | Loss: 4009.506 | PSNR: 21.350 | MSE: 0.04009506 | BPP: 0.6500 | QP: 63
2026-07-13 11:55:20,854 [INFO ]  [7050/22926] | Loss: 3987.223 | PSNR: 21.384 | MSE: 0.03987223 | BPP: 0.6514 | QP: 63
2026-07-13 11:55:25,963 [INFO ]  [7100/22926] | Loss: 3965.898 | PSNR: 21.410 | MSE: 0.03965898 | BPP: 0.6528 | QP: 63
2026-07-13 11:55:30,611 [INFO ]  [7150/22926] | Loss: 3945.236 | PSNR: 21.435 | MSE: 0.03945236 | BPP: 0.6543 | QP: 63
2026-07-13 11:55:35,642 [INFO ]  [7200/22926] | Loss: 3923.761 | PSNR: 21.466 | MSE: 0.03923761 | BPP: 0.6557 | QP: 63
2026-07-13 11:55:40,641 [INFO ]  [7250/22926] | Loss: 3903.069 | PSNR: 21.492 | MSE: 0.03903069 | BPP: 0.6573 | QP: 63
2026-07-13 11:55:45,818 [INFO ]  [7300/22926] | Loss: 3882.323 | PSNR: 21.521 | MSE: 0.03882323 | BPP: 0.6588 | QP: 63
2026-07-13 11:55:51,266 [INFO ]  [7350/22926] | Loss: 3861.569 | PSNR: 21.553 | MSE: 0.03861569 | BPP: 0.6602 | QP: 63
2026-07-13 11:55:56,394 [INFO ]  [7400/22926] | Loss: 3841.508 | PSNR: 21.581 | MSE: 0.03841508 | BPP: 0.6616 | QP: 63
2026-07-13 11:56:01,482 [INFO ]  [7450/22926] | Loss: 3821.088 | PSNR: 21.612 | MSE: 0.03821088 | BPP: 0.6629 | QP: 63
2026-07-13 11:56:06,546 [INFO ]  [7500/22926] | Loss: 3801.291 | PSNR: 21.640 | MSE: 0.03801291 | BPP: 0.6643 | QP: 63
2026-07-13 11:56:11,712 [INFO ]  [7550/22926] | Loss: 3781.529 | PSNR: 21.671 | MSE: 0.03781529 | BPP: 0.6657 | QP: 63
2026-07-13 11:56:16,778 [INFO ]  [7600/22926] | Loss: 3762.195 | PSNR: 21.701 | MSE: 0.03762195 | BPP: 0.6669 | QP: 63
2026-07-13 11:56:21,670 [INFO ]  [7650/22926] | Loss: 3742.578 | PSNR: 21.732 | MSE: 0.03742578 | BPP: 0.6682 | QP: 63
2026-07-13 11:56:26,853 [INFO ]  [7700/22926] | Loss: 3723.738 | PSNR: 21.761 | MSE: 0.03723738 | BPP: 0.6695 | QP: 63
2026-07-13 11:56:31,978 [INFO ]  [7750/22926] | Loss: 3704.177 | PSNR: 21.793 | MSE: 0.03704177 | BPP: 0.6706 | QP: 63
2026-07-13 11:56:37,144 [INFO ]  [7800/22926] | Loss: 3685.386 | PSNR: 21.822 | MSE: 0.03685386 | BPP: 0.6719 | QP: 63
2026-07-13 11:56:42,242 [INFO ]  [7850/22926] | Loss: 3667.326 | PSNR: 21.847 | MSE: 0.03667326 | BPP: 0.6731 | QP: 63
2026-07-13 11:56:47,331 [INFO ]  [7900/22926] | Loss: 3649.632 | PSNR: 21.872 | MSE: 0.03649632 | BPP: 0.6745 | QP: 63
2026-07-13 11:56:52,429 [INFO ]  [7950/22926] | Loss: 3631.831 | PSNR: 21.899 | MSE: 0.03631831 | BPP: 0.6758 | QP: 63
2026-07-13 11:56:57,631 [INFO ]  [8000/22926] | Loss: 3613.570 | PSNR: 21.929 | MSE: 0.03613570 | BPP: 0.6770 | QP: 63
2026-07-13 11:57:02,770 [INFO ]  [8050/22926] | Loss: 3596.799 | PSNR: 21.953 | MSE: 0.03596799 | BPP: 0.6782 | QP: 63
2026-07-13 11:57:07,939 [INFO ]  [8100/22926] | Loss: 3579.431 | PSNR: 21.979 | MSE: 0.03579431 | BPP: 0.6795 | QP: 63
2026-07-13 11:57:13,098 [INFO ]  [8150/22926] | Loss: 3561.653 | PSNR: 22.010 | MSE: 0.03561653 | BPP: 0.6806 | QP: 63
2026-07-13 11:57:18,221 [INFO ]  [8200/22926] | Loss: 3544.455 | PSNR: 22.037 | MSE: 0.03544455 | BPP: 0.6819 | QP: 63
2026-07-13 11:57:23,403 [INFO ]  [8250/22926] | Loss: 3527.139 | PSNR: 22.066 | MSE: 0.03527139 | BPP: 0.6830 | QP: 63
2026-07-13 11:57:28,555 [INFO ]  [8300/22926] | Loss: 3510.075 | PSNR: 22.095 | MSE: 0.03510075 | BPP: 0.6842 | QP: 63
2026-07-13 11:57:33,786 [INFO ]  [8350/22926] | Loss: 3492.787 | PSNR: 22.126 | MSE: 0.03492787 | BPP: 0.6853 | QP: 63
2026-07-13 11:57:38,865 [INFO ]  [8400/22926] | Loss: 3476.352 | PSNR: 22.151 | MSE: 0.03476352 | BPP: 0.6865 | QP: 63
2026-07-13 11:57:43,983 [INFO ]  [8450/22926] | Loss: 3460.163 | PSNR: 22.178 | MSE: 0.03460163 | BPP: 0.6877 | QP: 63
2026-07-13 11:57:49,126 [INFO ]  [8500/22926] | Loss: 3443.764 | PSNR: 22.208 | MSE: 0.03443764 | BPP: 0.6889 | QP: 63
2026-07-13 11:57:54,404 [INFO ]  [8550/22926] | Loss: 3427.639 | PSNR: 22.235 | MSE: 0.03427639 | BPP: 0.6900 | QP: 63
2026-07-13 11:57:59,510 [INFO ]  [8600/22926] | Loss: 3411.399 | PSNR: 22.265 | MSE: 0.03411399 | BPP: 0.6911 | QP: 63
2026-07-13 11:58:04,531 [INFO ]  [8650/22926] | Loss: 3395.358 | PSNR: 22.297 | MSE: 0.03395358 | BPP: 0.6926 | QP: 63
2026-07-13 11:58:09,565 [INFO ]  [8700/22926] | Loss: 3378.869 | PSNR: 22.329 | MSE: 0.03378869 | BPP: 0.6942 | QP: 63
2026-07-13 11:58:14,598 [INFO ]  [8750/22926] | Loss: 3363.206 | PSNR: 22.357 | MSE: 0.03363206 | BPP: 0.6959 | QP: 63
2026-07-13 11:58:19,689 [INFO ]  [8800/22926] | Loss: 3347.780 | PSNR: 22.382 | MSE: 0.03347780 | BPP: 0.6976 | QP: 63
2026-07-13 11:58:24,820 [INFO ]  [8850/22926] | Loss: 3332.471 | PSNR: 22.407 | MSE: 0.03332471 | BPP: 0.6992 | QP: 63
2026-07-13 11:58:29,931 [INFO ]  [8900/22926] | Loss: 3317.701 | PSNR: 22.429 | MSE: 0.03317701 | BPP: 0.7009 | QP: 63
2026-07-13 11:58:34,941 [INFO ]  [8950/22926] | Loss: 3302.575 | PSNR: 22.456 | MSE: 0.03302575 | BPP: 0.7026 | QP: 63
2026-07-13 11:58:39,991 [INFO ]  [9000/22926] | Loss: 3287.044 | PSNR: 22.487 | MSE: 0.03287044 | BPP: 0.7042 | QP: 63
2026-07-13 11:58:45,189 [INFO ]  [9050/22926] | Loss: 3271.669 | PSNR: 22.519 | MSE: 0.03271669 | BPP: 0.7057 | QP: 63
2026-07-13 11:58:50,434 [INFO ]  [9100/22926] | Loss: 3256.862 | PSNR: 22.546 | MSE: 0.03256862 | BPP: 0.7073 | QP: 63
2026-07-13 11:58:55,832 [INFO ]  [9150/22926] | Loss: 3242.446 | PSNR: 22.570 | MSE: 0.03242446 | BPP: 0.7089 | QP: 63
2026-07-13 11:59:00,975 [INFO ]  [9200/22926] | Loss: 3227.561 | PSNR: 22.600 | MSE: 0.03227561 | BPP: 0.7104 | QP: 63
2026-07-13 11:59:06,142 [INFO ]  [9250/22926] | Loss: 3213.185 | PSNR: 22.625 | MSE: 0.03213185 | BPP: 0.7120 | QP: 63
2026-07-13 11:59:11,331 [INFO ]  [9300/22926] | Loss: 3198.504 | PSNR: 22.658 | MSE: 0.03198504 | BPP: 0.7134 | QP: 63
2026-07-13 11:59:16,373 [INFO ]  [9350/22926] | Loss: 3184.944 | PSNR: 22.679 | MSE: 0.03184944 | BPP: 0.7150 | QP: 63
2026-07-13 11:59:21,495 [INFO ]  [9400/22926] | Loss: 3170.762 | PSNR: 22.705 | MSE: 0.03170762 | BPP: 0.7165 | QP: 63
2026-07-13 11:59:26,582 [INFO ]  [9450/22926] | Loss: 3156.994 | PSNR: 22.731 | MSE: 0.03156994 | BPP: 0.7179 | QP: 63
2026-07-13 11:59:31,771 [INFO ]  [9500/22926] | Loss: 3143.772 | PSNR: 22.753 | MSE: 0.03143772 | BPP: 0.7195 | QP: 63
2026-07-13 11:59:36,849 [INFO ]  [9550/22926] | Loss: 3130.249 | PSNR: 22.777 | MSE: 0.03130249 | BPP: 0.7210 | QP: 63
2026-07-13 11:59:41,912 [INFO ]  [9600/22926] | Loss: 3116.817 | PSNR: 22.801 | MSE: 0.03116817 | BPP: 0.7224 | QP: 63
2026-07-13 11:59:46,972 [INFO ]  [9650/22926] | Loss: 3102.965 | PSNR: 22.829 | MSE: 0.03102965 | BPP: 0.7238 | QP: 63
2026-07-13 11:59:52,016 [INFO ]  [9700/22926] | Loss: 3089.645 | PSNR: 22.858 | MSE: 0.03089645 | BPP: 0.7252 | QP: 63
2026-07-13 11:59:57,101 [INFO ]  [9750/22926] | Loss: 3076.706 | PSNR: 22.880 | MSE: 0.03076706 | BPP: 0.7266 | QP: 63
2026-07-13 12:00:02,256 [INFO ]  [9800/22926] | Loss: 3063.388 | PSNR: 22.908 | MSE: 0.03063388 | BPP: 0.7280 | QP: 63
2026-07-13 12:00:07,326 [INFO ]  [9850/22926] | Loss: 3050.448 | PSNR: 22.934 | MSE: 0.03050448 | BPP: 0.7294 | QP: 63
2026-07-13 12:00:12,368 [INFO ]  [9900/22926] | Loss: 3037.731 | PSNR: 22.958 | MSE: 0.03037731 | BPP: 0.7307 | QP: 63
2026-07-13 12:00:17,398 [INFO ]  [9950/22926] | Loss: 3024.885 | PSNR: 22.983 | MSE: 0.03024885 | BPP: 0.7321 | QP: 63
2026-07-13 12:00:22,427 [INFO ]  [10000/22926] | Loss: 3012.004 | PSNR: 23.010 | MSE: 0.03012004 | BPP: 0.7334 | QP: 63
2026-07-13 12:00:27,509 [INFO ]  [10050/22926] | Loss: 3000.043 | PSNR: 23.031 | MSE: 0.03000043 | BPP: 0.7347 | QP: 63
2026-07-13 12:00:32,597 [INFO ]  [10100/22926] | Loss: 2987.947 | PSNR: 23.053 | MSE: 0.02987947 | BPP: 0.7360 | QP: 63
2026-07-13 12:00:37,815 [INFO ]  [10150/22926] | Loss: 2975.900 | PSNR: 23.076 | MSE: 0.02975900 | BPP: 0.7374 | QP: 63
2026-07-13 12:00:42,923 [INFO ]  [10200/22926] | Loss: 2963.974 | PSNR: 23.098 | MSE: 0.02963974 | BPP: 0.7387 | QP: 63
2026-07-13 12:00:47,999 [INFO ]  [10250/22926] | Loss: 2952.169 | PSNR: 23.119 | MSE: 0.02952169 | BPP: 0.7400 | QP: 63
2026-07-13 12:00:53,167 [INFO ]  [10300/22926] | Loss: 2940.503 | PSNR: 23.140 | MSE: 0.02940503 | BPP: 0.7413 | QP: 63
2026-07-13 12:00:58,288 [INFO ]  [10350/22926] | Loss: 2928.890 | PSNR: 23.161 | MSE: 0.02928890 | BPP: 0.7425 | QP: 63
2026-07-13 12:01:03,323 [INFO ]  [10400/22926] | Loss: 2917.501 | PSNR: 23.181 | MSE: 0.02917501 | BPP: 0.7438 | QP: 63
2026-07-13 12:01:08,419 [INFO ]  [10450/22926] | Loss: 2906.011 | PSNR: 23.202 | MSE: 0.02906011 | BPP: 0.7450 | QP: 63
2026-07-13 12:01:13,575 [INFO ]  [10500/22926] | Loss: 2894.271 | PSNR: 23.227 | MSE: 0.02894271 | BPP: 0.7462 | QP: 63
2026-07-13 12:01:18,833 [INFO ]  [10550/22926] | Loss: 2882.897 | PSNR: 23.250 | MSE: 0.02882897 | BPP: 0.7475 | QP: 63
2026-07-13 12:01:24,024 [INFO ]  [10600/22926] | Loss: 2871.564 | PSNR: 23.275 | MSE: 0.02871564 | BPP: 0.7486 | QP: 63
2026-07-13 12:01:29,318 [INFO ]  [10650/22926] | Loss: 2860.721 | PSNR: 23.295 | MSE: 0.02860721 | BPP: 0.7498 | QP: 63
2026-07-13 12:01:34,531 [INFO ]  [10700/22926] | Loss: 2849.713 | PSNR: 23.317 | MSE: 0.02849713 | BPP: 0.7510 | QP: 63
2026-07-13 12:01:39,830 [INFO ]  [10750/22926] | Loss: 2838.646 | PSNR: 23.341 | MSE: 0.02838646 | BPP: 0.7521 | QP: 63
2026-07-13 12:01:44,998 [INFO ]  [10800/22926] | Loss: 2827.425 | PSNR: 23.368 | MSE: 0.02827425 | BPP: 0.7533 | QP: 63
2026-07-13 12:01:50,163 [INFO ]  [10850/22926] | Loss: 2816.552 | PSNR: 23.390 | MSE: 0.02816552 | BPP: 0.7544 | QP: 63
2026-07-13 12:01:55,699 [INFO ]  [10900/22926] | Loss: 2805.869 | PSNR: 23.411 | MSE: 0.02805869 | BPP: 0.7556 | QP: 63
2026-07-13 12:02:00,811 [INFO ]  [10950/22926] | Loss: 2795.083 | PSNR: 23.435 | MSE: 0.02795083 | BPP: 0.7567 | QP: 63
2026-07-13 12:02:05,980 [INFO ]  [11000/22926] | Loss: 2784.562 | PSNR: 23.456 | MSE: 0.02784562 | BPP: 0.7579 | QP: 63
2026-07-13 12:02:11,107 [INFO ]  [11050/22926] | Loss: 2773.946 | PSNR: 23.478 | MSE: 0.02773946 | BPP: 0.7591 | QP: 63
2026-07-13 12:02:16,265 [INFO ]  [11100/22926] | Loss: 2763.958 | PSNR: 23.497 | MSE: 0.02763958 | BPP: 0.7607 | QP: 63
2026-07-13 12:02:21,444 [INFO ]  [11150/22926] | Loss: 2754.248 | PSNR: 23.513 | MSE: 0.02754248 | BPP: 0.7625 | QP: 63
2026-07-13 12:02:26,583 [INFO ]  [11200/22926] | Loss: 2744.852 | PSNR: 23.528 | MSE: 0.02744852 | BPP: 0.7643 | QP: 63
2026-07-13 12:02:31,791 [INFO ]  [11250/22926] | Loss: 2735.294 | PSNR: 23.545 | MSE: 0.02735294 | BPP: 0.7662 | QP: 63
2026-07-13 12:02:36,951 [INFO ]  [11300/22926] | Loss: 2725.363 | PSNR: 23.567 | MSE: 0.02725363 | BPP: 0.7680 | QP: 63
2026-07-13 12:02:42,116 [INFO ]  [11350/22926] | Loss: 2716.028 | PSNR: 23.583 | MSE: 0.02716028 | BPP: 0.7701 | QP: 63
2026-07-13 12:02:47,283 [INFO ]  [11400/22926] | Loss: 2707.262 | PSNR: 23.596 | MSE: 0.02707262 | BPP: 0.7723 | QP: 63
2026-07-13 12:02:52,441 [INFO ]  [11450/22926] | Loss: 2698.219 | PSNR: 23.612 | MSE: 0.02698219 | BPP: 0.7745 | QP: 63
2026-07-13 12:02:57,567 [INFO ]  [11500/22926] | Loss: 2690.188 | PSNR: 23.623 | MSE: 0.02690188 | BPP: 0.7770 | QP: 63
2026-07-13 12:03:02,729 [INFO ]  [11550/22926] | Loss: 2725.468 | PSNR: 23.609 | MSE: 0.02725468 | BPP: 0.7804 | QP: 63
2026-07-13 12:03:07,898 [INFO ]  [11600/22926] | Loss: 3010.503 | PSNR: 23.542 | MSE: 0.03010503 | BPP: 0.7855 | QP: 63
2026-07-13 12:03:13,116 [INFO ]  [11650/22926] | Loss: 3313.090 | PSNR: 23.471 | MSE: 0.03313090 | BPP: 0.7906 | QP: 63
2026-07-13 12:03:18,337 [INFO ]  [11700/22926] | Loss: 3598.867 | PSNR: 23.404 | MSE: 0.03598867 | BPP: 0.7957 | QP: 63
2026-07-13 12:03:23,434 [INFO ]  [11750/22926] | Loss: 3877.782 | PSNR: 23.340 | MSE: 0.03877782 | BPP: 0.8005 | QP: 63
2026-07-13 12:03:28,489 [INFO ]  [11800/22926] | Loss: 4154.192 | PSNR: 23.277 | MSE: 0.04154192 | BPP: 0.8055 | QP: 63
2026-07-13 12:03:33,614 [INFO ]  [11850/22926] | Loss: 4423.427 | PSNR: 23.214 | MSE: 0.04423427 | BPP: 0.8104 | QP: 63
2026-07-13 12:03:38,734 [INFO ]  [11900/22926] | Loss: 4698.858 | PSNR: 23.150 | MSE: 0.04698858 | BPP: 0.8153 | QP: 63
2026-07-13 12:03:43,865 [INFO ]  [11950/22926] | Loss: 4980.247 | PSNR: 23.083 | MSE: 0.04980247 | BPP: 0.8202 | QP: 63
2026-07-13 12:03:48,947 [INFO ]  [12000/22926] | Loss: 5262.486 | PSNR: 23.018 | MSE: 0.05262486 | BPP: 0.8250 | QP: 63
2026-07-13 12:03:54,041 [INFO ]  [12050/22926] | Loss: 5546.398 | PSNR: 22.953 | MSE: 0.05546398 | BPP: 0.8298 | QP: 63
2026-07-13 12:03:59,185 [INFO ]  [12100/22926] | Loss: 5820.835 | PSNR: 22.889 | MSE: 0.05820835 | BPP: 0.8345 | QP: 63
2026-07-13 12:04:04,392 [INFO ]  [12150/22926] | Loss: 6073.136 | PSNR: 22.829 | MSE: 0.06073136 | BPP: 0.8392 | QP: 63
2026-07-13 12:04:09,597 [INFO ]  [12200/22926] | Loss: 6335.921 | PSNR: 22.769 | MSE: 0.06335921 | BPP: 0.8438 | QP: 63
2026-07-13 12:04:14,790 [INFO ]  [12250/22926] | Loss: 6591.940 | PSNR: 22.708 | MSE: 0.06591940 | BPP: 0.8485 | QP: 63
2026-07-13 12:04:20,022 [INFO ]  [12300/22926] | Loss: 6847.634 | PSNR: 22.648 | MSE: 0.06847634 | BPP: 0.8530 | QP: 63
2026-07-13 12:04:25,208 [INFO ]  [12350/22926] | Loss: 7110.585 | PSNR: 22.586 | MSE: 0.07110585 | BPP: 0.8576 | QP: 63
2026-07-13 12:04:30,304 [INFO ]  [12400/22926] | Loss: 7370.168 | PSNR: 22.526 | MSE: 0.07370168 | BPP: 0.8621 | QP: 63
2026-07-13 12:04:35,338 [INFO ]  [12450/22926] | Loss: 7608.681 | PSNR: 22.471 | MSE: 0.07608681 | BPP: 0.8665 | QP: 63
2026-07-13 12:04:40,440 [INFO ]  [12500/22926] | Loss: 7854.844 | PSNR: 22.413 | MSE: 0.07854844 | BPP: 0.8710 | QP: 63
2026-07-13 12:04:45,579 [INFO ]  [12550/22926] | Loss: 8107.926 | PSNR: 22.354 | MSE: 0.08107926 | BPP: 0.8754 | QP: 63
2026-07-13 12:04:50,717 [INFO ]  [12600/22926] | Loss: 8349.894 | PSNR: 22.297 | MSE: 0.08349894 | BPP: 0.8797 | QP: 63
2026-07-13 12:04:55,909 [INFO ]  [12650/22926] | Loss: 8598.488 | PSNR: 22.241 | MSE: 0.08598488 | BPP: 0.8840 | QP: 63
2026-07-13 12:05:01,507 [INFO ]  [12700/22926] | Loss: 8837.572 | PSNR: 22.184 | MSE: 0.08837572 | BPP: 0.8883 | QP: 63
2026-07-13 12:05:06,694 [INFO ]  [12750/22926] | Loss: 9075.729 | PSNR: 22.131 | MSE: 0.09075729 | BPP: 0.8924 | QP: 63
2026-07-13 12:05:11,882 [INFO ]  [12800/22926] | Loss: 9327.609 | PSNR: 22.074 | MSE: 0.09327609 | BPP: 0.8966 | QP: 63
2026-07-13 12:05:17,096 [INFO ]  [12850/22926] | Loss: 9556.596 | PSNR: 22.021 | MSE: 0.09556596 | BPP: 0.9008 | QP: 63
2026-07-13 12:05:22,282 [INFO ]  [12900/22926] | Loss: 9786.289 | PSNR: 21.967 | MSE: 0.09786289 | BPP: 0.9049 | QP: 63
2026-07-13 12:05:27,428 [INFO ]  [12950/22926] | Loss: 10008.799 | PSNR: 21.915 | MSE: 0.10008799 | BPP: 0.9090 | QP: 63
2026-07-13 12:05:32,581 [INFO ]  [13000/22926] | Loss: 10242.987 | PSNR: 21.860 | MSE: 0.10242987 | BPP: 0.9131 | QP: 63
2026-07-13 12:05:37,620 [INFO ]  [13050/22926] | Loss: 10469.284 | PSNR: 21.807 | MSE: 0.10469284 | BPP: 0.9171 | QP: 63
2026-07-13 12:05:42,817 [INFO ]  [13100/22926] | Loss: 10692.021 | PSNR: 21.755 | MSE: 0.10692021 | BPP: 0.9211 | QP: 63
2026-07-13 12:05:47,957 [INFO ]  [13150/22926] | Loss: 10910.351 | PSNR: 21.703 | MSE: 0.10910351 | BPP: 0.9251 | QP: 63
2026-07-13 12:05:53,113 [INFO ]  [13200/22926] | Loss: 11133.180 | PSNR: 21.653 | MSE: 0.11133180 | BPP: 0.9290 | QP: 63
2026-07-13 12:05:58,290 [INFO ]  [13250/22926] | Loss: 11354.208 | PSNR: 21.601 | MSE: 0.11354208 | BPP: 0.9329 | QP: 63
2026-07-13 12:06:03,405 [INFO ]  [13300/22926] | Loss: 11584.970 | PSNR: 21.549 | MSE: 0.11584970 | BPP: 0.9368 | QP: 63
2026-07-13 12:06:08,572 [INFO ]  [13350/22926] | Loss: 11796.410 | PSNR: 21.499 | MSE: 0.11796410 | BPP: 0.9407 | QP: 63
2026-07-13 12:06:13,717 [INFO ]  [13400/22926] | Loss: 12019.089 | PSNR: 21.447 | MSE: 0.12019089 | BPP: 0.9445 | QP: 63
2026-07-13 12:06:18,848 [INFO ]  [13450/22926] | Loss: 12240.137 | PSNR: 21.395 | MSE: 0.12240137 | BPP: 0.9484 | QP: 63
2026-07-13 12:06:23,952 [INFO ]  [13500/22926] | Loss: 12445.723 | PSNR: 21.349 | MSE: 0.12445723 | BPP: 0.9522 | QP: 63
2026-07-13 12:06:29,031 [INFO ]  [13550/22926] | Loss: 12672.858 | PSNR: 21.297 | MSE: 0.12672858 | BPP: 0.9559 | QP: 63
2026-07-13 12:06:34,224 [INFO ]  [13600/22926] | Loss: 12876.656 | PSNR: 21.250 | MSE: 0.12876656 | BPP: 0.9596 | QP: 63
2026-07-13 12:06:39,411 [INFO ]  [13650/22926] | Loss: 13089.055 | PSNR: 21.200 | MSE: 0.13089055 | BPP: 0.9633 | QP: 63
2026-07-13 12:06:44,621 [INFO ]  [13700/22926] | Loss: 13290.129 | PSNR: 21.152 | MSE: 0.13290129 | BPP: 0.9671 | QP: 63
2026-07-13 12:06:49,853 [INFO ]  [13750/22926] | Loss: 13500.586 | PSNR: 21.103 | MSE: 0.13500586 | BPP: 0.9707 | QP: 63
2026-07-13 12:06:55,022 [INFO ]  [13800/22926] | Loss: 13692.776 | PSNR: 21.057 | MSE: 0.13692776 | BPP: 0.9743 | QP: 63
2026-07-13 12:07:00,242 [INFO ]  [13850/22926] | Loss: 13911.964 | PSNR: 21.008 | MSE: 0.13911964 | BPP: 0.9779 | QP: 63
2026-07-13 12:07:05,457 [INFO ]  [13900/22926] | Loss: 14109.742 | PSNR: 20.962 | MSE: 0.14109742 | BPP: 0.9815 | QP: 63
2026-07-13 12:07:10,549 [INFO ]  [13950/22926] | Loss: 14296.434 | PSNR: 20.917 | MSE: 0.14296434 | BPP: 0.9850 | QP: 63
2026-07-13 12:07:15,738 [INFO ]  [14000/22926] | Loss: 14486.666 | PSNR: 20.872 | MSE: 0.14486666 | BPP: 0.9885 | QP: 63
2026-07-13 12:07:20,898 [INFO ]  [14050/22926] | Loss: 14685.718 | PSNR: 20.827 | MSE: 0.14685718 | BPP: 0.9920 | QP: 63
2026-07-13 12:07:26,029 [INFO ]  [14100/22926] | Loss: 14888.462 | PSNR: 20.780 | MSE: 0.14888462 | BPP: 0.9955 | QP: 63
2026-07-13 12:07:31,167 [INFO ]  [14150/22926] | Loss: 15071.799 | PSNR: 20.736 | MSE: 0.15071799 | BPP: 0.9989 | QP: 63
2026-07-13 12:07:36,330 [INFO ]  [14200/22926] | Loss: 15271.201 | PSNR: 20.690 | MSE: 0.15271201 | BPP: 1.0023 | QP: 63
2026-07-13 12:07:41,491 [INFO ]  [14250/22926] | Loss: 15469.254 | PSNR: 20.644 | MSE: 0.15469254 | BPP: 1.0056 | QP: 63
2026-07-13 12:07:46,586 [INFO ]  [14300/22926] | Loss: 15657.291 | PSNR: 20.600 | MSE: 0.15657291 | BPP: 1.0090 | QP: 63
2026-07-13 12:07:51,718 [INFO ]  [14350/22926] | Loss: 15840.506 | PSNR: 20.557 | MSE: 0.15840506 | BPP: 1.0123 | QP: 63
2026-07-13 12:07:56,888 [INFO ]  [14400/22926] | Loss: 16024.198 | PSNR: 20.515 | MSE: 0.16024198 | BPP: 1.0157 | QP: 63
2026-07-13 12:08:02,074 [INFO ]  [14450/22926] | Loss: 16202.391 | PSNR: 20.472 | MSE: 0.16202391 | BPP: 1.0190 | QP: 63
2026-07-13 12:08:07,595 [INFO ]  [14500/22926] | Loss: 16387.472 | PSNR: 20.428 | MSE: 0.16387472 | BPP: 1.0223 | QP: 63
2026-07-13 12:08:12,700 [INFO ]  [14550/22926] | Loss: 16568.230 | PSNR: 20.386 | MSE: 0.16568230 | BPP: 1.0256 | QP: 63
2026-07-13 12:08:17,789 [INFO ]  [14600/22926] | Loss: 16750.233 | PSNR: 20.343 | MSE: 0.16750233 | BPP: 1.0288 | QP: 63
2026-07-13 12:08:22,904 [INFO ]  [14650/22926] | Loss: 16927.106 | PSNR: 20.302 | MSE: 0.16927106 | BPP: 1.0319 | QP: 63
2026-07-13 12:08:28,113 [INFO ]  [14700/22926] | Loss: 17104.928 | PSNR: 20.260 | MSE: 0.17104928 | BPP: 1.0351 | QP: 63
2026-07-13 12:08:33,288 [INFO ]  [14750/22926] | Loss: 17278.316 | PSNR: 20.219 | MSE: 0.17278316 | BPP: 1.0382 | QP: 63
2026-07-13 12:08:38,409 [INFO ]  [14800/22926] | Loss: 17463.191 | PSNR: 20.176 | MSE: 0.17463191 | BPP: 1.0413 | QP: 63
2026-07-13 12:08:43,439 [INFO ]  [14850/22926] | Loss: 17649.351 | PSNR: 20.133 | MSE: 0.17649351 | BPP: 1.0445 | QP: 63
2026-07-13 12:08:48,568 [INFO ]  [14900/22926] | Loss: 17821.163 | PSNR: 20.094 | MSE: 0.17821163 | BPP: 1.0475 | QP: 63
2026-07-13 12:08:53,726 [INFO ]  [14950/22926] | Loss: 17993.680 | PSNR: 20.054 | MSE: 0.17993680 | BPP: 1.0506 | QP: 63
2026-07-13 12:08:58,884 [INFO ]  [15000/22926] | Loss: 18168.580 | PSNR: 20.014 | MSE: 0.18168580 | BPP: 1.0536 | QP: 63
2026-07-13 12:09:03,924 [INFO ]  [15050/22926] | Loss: 18349.592 | PSNR: 19.973 | MSE: 0.18349592 | BPP: 1.0566 | QP: 63
2026-07-13 12:09:09,020 [INFO ]  [15100/22926] | Loss: 18507.570 | PSNR: 19.935 | MSE: 0.18507570 | BPP: 1.0597 | QP: 63
2026-07-13 12:09:14,116 [INFO ]  [15150/22926] | Loss: 18684.798 | PSNR: 19.894 | MSE: 0.18684798 | BPP: 1.0627 | QP: 63
2026-07-13 12:09:19,354 [INFO ]  [15200/22926] | Loss: 18859.844 | PSNR: 19.854 | MSE: 0.18859844 | BPP: 1.0656 | QP: 63
2026-07-13 12:09:24,645 [INFO ]  [15250/22926] | Loss: 19043.706 | PSNR: 19.813 | MSE: 0.19043706 | BPP: 1.0686 | QP: 63
2026-07-13 12:09:29,902 [INFO ]  [15300/22926] | Loss: 19196.495 | PSNR: 19.777 | MSE: 0.19196495 | BPP: 1.0714 | QP: 63
2026-07-13 12:09:35,093 [INFO ]  [15350/22926] | Loss: 19361.143 | PSNR: 19.737 | MSE: 0.19361143 | BPP: 1.0744 | QP: 63
2026-07-13 12:09:40,230 [INFO ]  [15400/22926] | Loss: 19527.302 | PSNR: 19.699 | MSE: 0.19527302 | BPP: 1.0772 | QP: 63
2026-07-13 12:09:45,385 [INFO ]  [15450/22926] | Loss: 19684.208 | PSNR: 19.663 | MSE: 0.19684208 | BPP: 1.0801 | QP: 63
2026-07-13 12:09:50,509 [INFO ]  [15500/22926] | Loss: 19840.854 | PSNR: 19.626 | MSE: 0.19840854 | BPP: 1.0830 | QP: 63
2026-07-13 12:09:55,619 [INFO ]  [15550/22926] | Loss: 20005.089 | PSNR: 19.588 | MSE: 0.20005089 | BPP: 1.0858 | QP: 63
2026-07-13 12:10:00,703 [INFO ]  [15600/22926] | Loss: 20164.968 | PSNR: 19.551 | MSE: 0.20164968 | BPP: 1.0887 | QP: 63
2026-07-13 12:10:05,799 [INFO ]  [15650/22926] | Loss: 20322.867 | PSNR: 19.515 | MSE: 0.20322867 | BPP: 1.0915 | QP: 63
2026-07-13 12:10:10,912 [INFO ]  [15700/22926] | Loss: 20484.038 | PSNR: 19.479 | MSE: 0.20484038 | BPP: 1.0942 | QP: 63
2026-07-13 12:10:16,128 [INFO ]  [15750/22926] | Loss: 20636.988 | PSNR: 19.443 | MSE: 0.20636988 | BPP: 1.0970 | QP: 63
2026-07-13 12:10:21,233 [INFO ]  [15800/22926] | Loss: 20795.008 | PSNR: 19.406 | MSE: 0.20795008 | BPP: 1.0997 | QP: 63
2026-07-13 12:10:26,307 [INFO ]  [15850/22926] | Loss: 20950.007 | PSNR: 19.369 | MSE: 0.20950007 | BPP: 1.1025 | QP: 63
2026-07-13 12:10:31,406 [INFO ]  [15900/22926] | Loss: 21098.055 | PSNR: 19.334 | MSE: 0.21098055 | BPP: 1.1051 | QP: 63
2026-07-13 12:10:36,527 [INFO ]  [15950/22926] | Loss: 21261.437 | PSNR: 19.297 | MSE: 0.21261437 | BPP: 1.1078 | QP: 63
2026-07-13 12:10:41,598 [INFO ]  [16000/22926] | Loss: 21412.410 | PSNR: 19.262 | MSE: 0.21412410 | BPP: 1.1105 | QP: 63
2026-07-13 12:10:46,714 [INFO ]  [16050/22926] | Loss: 21560.951 | PSNR: 19.227 | MSE: 0.21560951 | BPP: 1.1132 | QP: 63
2026-07-13 12:10:51,915 [INFO ]  [16100/22926] | Loss: 21711.368 | PSNR: 19.191 | MSE: 0.21711368 | BPP: 1.1158 | QP: 63
2026-07-13 12:10:56,984 [INFO ]  [16150/22926] | Loss: 21861.660 | PSNR: 19.156 | MSE: 0.21861660 | BPP: 1.1185 | QP: 63
2026-07-13 12:11:02,107 [INFO ]  [16200/22926] | Loss: 22017.857 | PSNR: 19.121 | MSE: 0.22017857 | BPP: 1.1211 | QP: 63
2026-07-13 12:11:07,272 [INFO ]  [16250/22926] | Loss: 22163.801 | PSNR: 19.087 | MSE: 0.22163801 | BPP: 1.1237 | QP: 63
2026-07-13 12:11:12,789 [INFO ]  [16300/22926] | Loss: 22309.835 | PSNR: 19.053 | MSE: 0.22309835 | BPP: 1.1263 | QP: 63
2026-07-13 12:11:17,951 [INFO ]  [16350/22926] | Loss: 22451.364 | PSNR: 19.018 | MSE: 0.22451364 | BPP: 1.1289 | QP: 63
2026-07-13 12:11:23,122 [INFO ]  [16400/22926] | Loss: 22592.202 | PSNR: 18.985 | MSE: 0.22592202 | BPP: 1.1315 | QP: 63
2026-07-13 12:11:28,223 [INFO ]  [16450/22926] | Loss: 22744.282 | PSNR: 18.950 | MSE: 0.22744282 | BPP: 1.1340 | QP: 63
2026-07-13 12:11:33,344 [INFO ]  [16500/22926] | Loss: 22882.439 | PSNR: 18.918 | MSE: 0.22882439 | BPP: 1.1365 | QP: 63
2026-07-13 12:11:38,498 [INFO ]  [16550/22926] | Loss: 23019.189 | PSNR: 18.886 | MSE: 0.23019189 | BPP: 1.1390 | QP: 63
2026-07-13 12:11:43,689 [INFO ]  [16600/22926] | Loss: 23154.733 | PSNR: 18.854 | MSE: 0.23154733 | BPP: 1.1415 | QP: 63
2026-07-13 12:11:48,820 [INFO ]  [16650/22926] | Loss: 23312.248 | PSNR: 18.818 | MSE: 0.23312248 | BPP: 1.1440 | QP: 63
2026-07-13 12:11:53,950 [INFO ]  [16700/22926] | Loss: 23447.661 | PSNR: 18.788 | MSE: 0.23447661 | BPP: 1.1465 | QP: 63
2026-07-13 12:11:59,113 [INFO ]  [16750/22926] | Loss: 23583.782 | PSNR: 18.756 | MSE: 0.23583782 | BPP: 1.1489 | QP: 63
2026-07-13 12:12:04,324 [INFO ]  [16800/22926] | Loss: 23728.439 | PSNR: 18.722 | MSE: 0.23728439 | BPP: 1.1514 | QP: 63
2026-07-13 12:12:09,482 [INFO ]  [16850/22926] | Loss: 23872.176 | PSNR: 18.688 | MSE: 0.23872176 | BPP: 1.1538 | QP: 63
2026-07-13 12:12:14,549 [INFO ]  [16900/22926] | Loss: 24007.614 | PSNR: 18.656 | MSE: 0.24007614 | BPP: 1.1563 | QP: 63
2026-07-13 12:12:19,758 [INFO ]  [16950/22926] | Loss: 24132.995 | PSNR: 18.626 | MSE: 0.24132995 | BPP: 1.1587 | QP: 63
2026-07-13 12:12:24,907 [INFO ]  [17000/22926] | Loss: 24257.942 | PSNR: 18.596 | MSE: 0.24257942 | BPP: 1.1611 | QP: 63
2026-07-13 12:12:30,049 [INFO ]  [17050/22926] | Loss: 24387.658 | PSNR: 18.565 | MSE: 0.24387658 | BPP: 1.1634 | QP: 63
2026-07-13 12:12:35,156 [INFO ]  [17100/22926] | Loss: 24517.524 | PSNR: 18.533 | MSE: 0.24517524 | BPP: 1.1658 | QP: 63
2026-07-13 12:12:40,270 [INFO ]  [17150/22926] | Loss: 24651.142 | PSNR: 18.502 | MSE: 0.24651142 | BPP: 1.1681 | QP: 63
2026-07-13 12:12:45,385 [INFO ]  [17200/22926] | Loss: 24774.709 | PSNR: 18.472 | MSE: 0.24774709 | BPP: 1.1705 | QP: 63
2026-07-13 12:12:50,595 [INFO ]  [17250/22926] | Loss: 24899.153 | PSNR: 18.442 | MSE: 0.24899153 | BPP: 1.1728 | QP: 63
2026-07-13 12:12:55,741 [INFO ]  [17300/22926] | Loss: 25036.271 | PSNR: 18.411 | MSE: 0.25036271 | BPP: 1.1751 | QP: 63
2026-07-13 12:13:00,865 [INFO ]  [17350/22926] | Loss: 25173.804 | PSNR: 18.380 | MSE: 0.25173804 | BPP: 1.1774 | QP: 63
2026-07-13 12:13:05,935 [INFO ]  [17400/22926] | Loss: 25309.474 | PSNR: 18.349 | MSE: 0.25309474 | BPP: 1.1797 | QP: 63
2026-07-13 12:13:11,201 [INFO ]  [17450/22926] | Loss: 25437.237 | PSNR: 18.319 | MSE: 0.25437237 | BPP: 1.1820 | QP: 63
2026-07-13 12:13:16,279 [INFO ]  [17500/22926] | Loss: 25564.283 | PSNR: 18.289 | MSE: 0.25564283 | BPP: 1.1842 | QP: 63
2026-07-13 12:13:21,359 [INFO ]  [17550/22926] | Loss: 25691.952 | PSNR: 18.259 | MSE: 0.25691952 | BPP: 1.1864 | QP: 63
2026-07-13 12:13:26,427 [INFO ]  [17600/22926] | Loss: 25816.368 | PSNR: 18.230 | MSE: 0.25816368 | BPP: 1.1887 | QP: 63
2026-07-13 12:13:31,440 [INFO ]  [17650/22926] | Loss: 25949.981 | PSNR: 18.200 | MSE: 0.25949981 | BPP: 1.1909 | QP: 63
2026-07-13 12:13:36,498 [INFO ]  [17700/22926] | Loss: 26065.927 | PSNR: 18.173 | MSE: 0.26065927 | BPP: 1.1930 | QP: 63
2026-07-13 12:13:41,707 [INFO ]  [17750/22926] | Loss: 26191.232 | PSNR: 18.143 | MSE: 0.26191232 | BPP: 1.1952 | QP: 63
2026-07-13 12:13:46,947 [INFO ]  [17800/22926] | Loss: 26316.211 | PSNR: 18.114 | MSE: 0.26316211 | BPP: 1.1974 | QP: 63
2026-07-13 12:13:51,928 [INFO ]  [17850/22926] | Loss: 26445.945 | PSNR: 18.084 | MSE: 0.26445945 | BPP: 1.1996 | QP: 63
2026-07-13 12:13:57,037 [INFO ]  [17900/22926] | Loss: 26555.529 | PSNR: 18.058 | MSE: 0.26555529 | BPP: 1.2017 | QP: 63
2026-07-13 12:14:02,152 [INFO ]  [17950/22926] | Loss: 26684.625 | PSNR: 18.029 | MSE: 0.26684625 | BPP: 1.2038 | QP: 63
2026-07-13 12:14:07,330 [INFO ]  [18000/22926] | Loss: 26811.561 | PSNR: 18.000 | MSE: 0.26811561 | BPP: 1.2059 | QP: 63
2026-07-13 12:14:12,663 [INFO ]  [18050/22926] | Loss: 26930.072 | PSNR: 17.972 | MSE: 0.26930072 | BPP: 1.2081 | QP: 63
2026-07-13 12:14:18,137 [INFO ]  [18100/22926] | Loss: 27050.414 | PSNR: 17.943 | MSE: 0.27050414 | BPP: 1.2102 | QP: 63
2026-07-13 12:14:23,407 [INFO ]  [18150/22926] | Loss: 27167.114 | PSNR: 17.914 | MSE: 0.27167114 | BPP: 1.2123 | QP: 63
2026-07-13 12:14:28,524 [INFO ]  [18200/22926] | Loss: 27282.705 | PSNR: 17.887 | MSE: 0.27282705 | BPP: 1.2144 | QP: 63
2026-07-13 12:14:33,606 [INFO ]  [18250/22926] | Loss: 27402.310 | PSNR: 17.859 | MSE: 0.27402310 | BPP: 1.2164 | QP: 63
2026-07-13 12:14:38,960 [INFO ]  [18300/22926] | Loss: 27515.162 | PSNR: 17.834 | MSE: 0.27515162 | BPP: 1.2184 | QP: 63
2026-07-13 12:14:44,210 [INFO ]  [18350/22926] | Loss: 27629.663 | PSNR: 17.808 | MSE: 0.27629663 | BPP: 1.2204 | QP: 63
2026-07-13 12:14:49,403 [INFO ]  [18400/22926] | Loss: 27743.342 | PSNR: 17.781 | MSE: 0.27743342 | BPP: 1.2225 | QP: 63
2026-07-13 12:14:54,581 [INFO ]  [18450/22926] | Loss: 27854.758 | PSNR: 17.755 | MSE: 0.27854758 | BPP: 1.2245 | QP: 63
2026-07-13 12:14:59,734 [INFO ]  [18500/22926] | Loss: 27968.198 | PSNR: 17.729 | MSE: 0.27968198 | BPP: 1.2265 | QP: 63
2026-07-13 12:15:04,826 [INFO ]  [18550/22926] | Loss: 28080.702 | PSNR: 17.703 | MSE: 0.28080702 | BPP: 1.2285 | QP: 63
2026-07-13 12:15:09,964 [INFO ]  [18600/22926] | Loss: 28188.824 | PSNR: 17.678 | MSE: 0.28188824 | BPP: 1.2304 | QP: 63
2026-07-13 12:15:15,058 [INFO ]  [18650/22926] | Loss: 28293.110 | PSNR: 17.653 | MSE: 0.28293110 | BPP: 1.2324 | QP: 63
2026-07-13 12:15:20,209 [INFO ]  [18700/22926] | Loss: 28406.186 | PSNR: 17.626 | MSE: 0.28406186 | BPP: 1.2344 | QP: 63
2026-07-13 12:15:25,329 [INFO ]  [18750/22926] | Loss: 28520.792 | PSNR: 17.600 | MSE: 0.28520792 | BPP: 1.2364 | QP: 63
2026-07-13 12:15:30,416 [INFO ]  [18800/22926] | Loss: 28634.686 | PSNR: 17.573 | MSE: 0.28634686 | BPP: 1.2383 | QP: 63
2026-07-13 12:15:35,678 [INFO ]  [18850/22926] | Loss: 28737.958 | PSNR: 17.549 | MSE: 0.28737958 | BPP: 1.2403 | QP: 63
2026-07-13 12:15:40,857 [INFO ]  [18900/22926] | Loss: 28844.237 | PSNR: 17.523 | MSE: 0.28844237 | BPP: 1.2422 | QP: 63
2026-07-13 12:15:45,992 [INFO ]  [18950/22926] | Loss: 28966.053 | PSNR: 17.495 | MSE: 0.28966053 | BPP: 1.2442 | QP: 63
2026-07-13 12:15:51,058 [INFO ]  [19000/22926] | Loss: 29072.799 | PSNR: 17.469 | MSE: 0.29072799 | BPP: 1.2461 | QP: 63
2026-07-13 12:15:56,148 [INFO ]  [19050/22926] | Loss: 29184.976 | PSNR: 17.443 | MSE: 0.29184976 | BPP: 1.2480 | QP: 63
2026-07-13 12:16:01,181 [INFO ]  [19100/22926] | Loss: 29295.221 | PSNR: 17.417 | MSE: 0.29295221 | BPP: 1.2499 | QP: 63
2026-07-13 12:16:06,334 [INFO ]  [19150/22926] | Loss: 29407.242 | PSNR: 17.393 | MSE: 0.29407242 | BPP: 1.2517 | QP: 63
2026-07-13 12:16:11,389 [INFO ]  [19200/22926] | Loss: 29512.698 | PSNR: 17.369 | MSE: 0.29512698 | BPP: 1.2536 | QP: 63
2026-07-13 12:16:16,085 [INFO ]  [19250/22926] | Loss: 29607.685 | PSNR: 17.345 | MSE: 0.29607685 | BPP: 1.2554 | QP: 63
2026-07-13 12:16:21,075 [INFO ]  [19300/22926] | Loss: 29713.968 | PSNR: 17.321 | MSE: 0.29713968 | BPP: 1.2573 | QP: 63
2026-07-13 12:16:26,161 [INFO ]  [19350/22926] | Loss: 29814.773 | PSNR: 17.298 | MSE: 0.29814773 | BPP: 1.2591 | QP: 63
2026-07-13 12:16:31,288 [INFO ]  [19400/22926] | Loss: 29914.219 | PSNR: 17.274 | MSE: 0.29914219 | BPP: 1.2609 | QP: 63
2026-07-13 12:16:36,363 [INFO ]  [19450/22926] | Loss: 30006.770 | PSNR: 17.254 | MSE: 0.30006770 | BPP: 1.2627 | QP: 63
2026-07-13 12:16:41,550 [INFO ]  [19500/22926] | Loss: 30113.680 | PSNR: 17.228 | MSE: 0.30113680 | BPP: 1.2645 | QP: 63
2026-07-13 12:16:46,725 [INFO ]  [19550/22926] | Loss: 30221.643 | PSNR: 17.204 | MSE: 0.30221643 | BPP: 1.2663 | QP: 63
2026-07-13 12:16:51,772 [INFO ]  [19600/22926] | Loss: 30318.811 | PSNR: 17.181 | MSE: 0.30318811 | BPP: 1.2681 | QP: 63
2026-07-13 12:16:56,825 [INFO ]  [19650/22926] | Loss: 30417.262 | PSNR: 17.157 | MSE: 0.30417262 | BPP: 1.2699 | QP: 63
2026-07-13 12:17:01,923 [INFO ]  [19700/22926] | Loss: 30514.541 | PSNR: 17.134 | MSE: 0.30514541 | BPP: 1.2717 | QP: 63
2026-07-13 12:17:07,062 [INFO ]  [19750/22926] | Loss: 30608.886 | PSNR: 17.112 | MSE: 0.30608886 | BPP: 1.2734 | QP: 63
2026-07-13 12:17:12,171 [INFO ]  [19800/22926] | Loss: 30710.775 | PSNR: 17.088 | MSE: 0.30710775 | BPP: 1.2752 | QP: 63
2026-07-13 12:17:17,629 [INFO ]  [19850/22926] | Loss: 30805.874 | PSNR: 17.066 | MSE: 0.30805874 | BPP: 1.2769 | QP: 63
2026-07-13 12:17:22,761 [INFO ]  [19900/22926] | Loss: 30902.438 | PSNR: 17.043 | MSE: 0.30902438 | BPP: 1.2787 | QP: 63
2026-07-13 12:17:27,905 [INFO ]  [19950/22926] | Loss: 31006.416 | PSNR: 17.019 | MSE: 0.31006416 | BPP: 1.2804 | QP: 63
2026-07-13 12:17:33,132 [INFO ]  [20000/22926] | Loss: 31094.959 | PSNR: 16.998 | MSE: 0.31094959 | BPP: 1.2822 | QP: 63
2026-07-13 12:17:38,378 [INFO ]  [20050/22926] | Loss: 31188.317 | PSNR: 16.976 | MSE: 0.31188317 | BPP: 1.2838 | QP: 63
2026-07-13 12:17:43,542 [INFO ]  [20100/22926] | Loss: 31279.952 | PSNR: 16.954 | MSE: 0.31279952 | BPP: 1.2855 | QP: 63
2026-07-13 12:17:48,646 [INFO ]  [20150/22926] | Loss: 31365.038 | PSNR: 16.933 | MSE: 0.31365038 | BPP: 1.2871 | QP: 63
2026-07-13 12:17:53,851 [INFO ]  [20200/22926] | Loss: 31472.563 | PSNR: 16.908 | MSE: 0.31472563 | BPP: 1.2889 | QP: 63
2026-07-13 12:17:58,859 [INFO ]  [20250/22926] | Loss: 31559.210 | PSNR: 16.888 | MSE: 0.31559210 | BPP: 1.2905 | QP: 63
2026-07-13 12:18:03,959 [INFO ]  [20300/22926] | Loss: 31648.891 | PSNR: 16.867 | MSE: 0.31648891 | BPP: 1.2922 | QP: 63
2026-07-13 12:18:09,137 [INFO ]  [20350/22926] | Loss: 31746.411 | PSNR: 16.845 | MSE: 0.31746411 | BPP: 1.2938 | QP: 63
2026-07-13 12:18:14,258 [INFO ]  [20400/22926] | Loss: 31837.368 | PSNR: 16.823 | MSE: 0.31837368 | BPP: 1.2954 | QP: 63
2026-07-13 12:18:19,493 [INFO ]  [20450/22926] | Loss: 31926.074 | PSNR: 16.802 | MSE: 0.31926074 | BPP: 1.2971 | QP: 63
2026-07-13 12:18:24,753 [INFO ]  [20500/22926] | Loss: 32022.492 | PSNR: 16.779 | MSE: 0.32022492 | BPP: 1.2987 | QP: 63
2026-07-13 12:18:29,850 [INFO ]  [20550/22926] | Loss: 32118.399 | PSNR: 16.757 | MSE: 0.32118399 | BPP: 1.3004 | QP: 63
2026-07-13 12:18:34,961 [INFO ]  [20600/22926] | Loss: 32203.722 | PSNR: 16.736 | MSE: 0.32203722 | BPP: 1.3020 | QP: 63
2026-07-13 12:18:39,969 [INFO ]  [20650/22926] | Loss: 32287.336 | PSNR: 16.717 | MSE: 0.32287336 | BPP: 1.3036 | QP: 63
2026-07-13 12:18:45,037 [INFO ]  [20700/22926] | Loss: 32381.450 | PSNR: 16.695 | MSE: 0.32381450 | BPP: 1.3052 | QP: 63
2026-07-13 12:18:50,066 [INFO ]  [20750/22926] | Loss: 32468.360 | PSNR: 16.675 | MSE: 0.32468360 | BPP: 1.3068 | QP: 63
2026-07-13 12:18:55,186 [INFO ]  [20800/22926] | Loss: 32566.575 | PSNR: 16.652 | MSE: 0.32566575 | BPP: 1.3084 | QP: 63
2026-07-13 12:19:00,318 [INFO ]  [20850/22926] | Loss: 32654.838 | PSNR: 16.631 | MSE: 0.32654838 | BPP: 1.3100 | QP: 63
2026-07-13 12:19:05,382 [INFO ]  [20900/22926] | Loss: 32749.540 | PSNR: 16.610 | MSE: 0.32749540 | BPP: 1.3116 | QP: 63
2026-07-13 12:19:10,415 [INFO ]  [20950/22926] | Loss: 32847.611 | PSNR: 16.587 | MSE: 0.32847611 | BPP: 1.3132 | QP: 63
2026-07-13 12:19:15,500 [INFO ]  [21000/22926] | Loss: 32935.825 | PSNR: 16.567 | MSE: 0.32935825 | BPP: 1.3147 | QP: 63
2026-07-13 12:19:20,712 [INFO ]  [21050/22926] | Loss: 33022.390 | PSNR: 16.546 | MSE: 0.33022390 | BPP: 1.3163 | QP: 63
2026-07-13 12:19:25,819 [INFO ]  [21100/22926] | Loss: 33108.033 | PSNR: 16.526 | MSE: 0.33108033 | BPP: 1.3178 | QP: 63
2026-07-13 12:19:30,944 [INFO ]  [21150/22926] | Loss: 33189.827 | PSNR: 16.506 | MSE: 0.33189827 | BPP: 1.3193 | QP: 63
2026-07-13 12:19:35,994 [INFO ]  [21200/22926] | Loss: 33272.568 | PSNR: 16.486 | MSE: 0.33272568 | BPP: 1.3209 | QP: 63
2026-07-13 12:19:41,030 [INFO ]  [21250/22926] | Loss: 33362.286 | PSNR: 16.465 | MSE: 0.33362286 | BPP: 1.3224 | QP: 63
2026-07-13 12:19:45,978 [INFO ]  [21300/22926] | Loss: 33446.988 | PSNR: 16.445 | MSE: 0.33446988 | BPP: 1.3239 | QP: 63
2026-07-13 12:19:51,195 [INFO ]  [21350/22926] | Loss: 33536.648 | PSNR: 16.424 | MSE: 0.33536648 | BPP: 1.3254 | QP: 63
2026-07-13 12:19:56,374 [INFO ]  [21400/22926] | Loss: 33626.157 | PSNR: 16.404 | MSE: 0.33626157 | BPP: 1.3270 | QP: 63
2026-07-13 12:20:01,569 [INFO ]  [21450/22926] | Loss: 33713.809 | PSNR: 16.383 | MSE: 0.33713809 | BPP: 1.3285 | QP: 63
2026-07-13 12:20:06,713 [INFO ]  [21500/22926] | Loss: 33798.156 | PSNR: 16.363 | MSE: 0.33798156 | BPP: 1.3300 | QP: 63
2026-07-13 12:20:11,781 [INFO ]  [21550/22926] | Loss: 33877.748 | PSNR: 16.345 | MSE: 0.33877748 | BPP: 1.3314 | QP: 63
2026-07-13 12:20:16,876 [INFO ]  [21600/22926] | Loss: 33965.565 | PSNR: 16.325 | MSE: 0.33965565 | BPP: 1.3329 | QP: 63
2026-07-13 12:20:22,389 [INFO ]  [21650/22926] | Loss: 34045.894 | PSNR: 16.306 | MSE: 0.34045894 | BPP: 1.3344 | QP: 63
2026-07-13 12:20:27,532 [INFO ]  [21700/22926] | Loss: 34126.518 | PSNR: 16.287 | MSE: 0.34126518 | BPP: 1.3358 | QP: 63
2026-07-13 12:20:32,676 [INFO ]  [21750/22926] | Loss: 34213.253 | PSNR: 16.267 | MSE: 0.34213253 | BPP: 1.3373 | QP: 63
2026-07-13 12:20:37,867 [INFO ]  [21800/22926] | Loss: 34294.640 | PSNR: 16.247 | MSE: 0.34294640 | BPP: 1.3388 | QP: 63
2026-07-13 12:20:43,046 [INFO ]  [21850/22926] | Loss: 34370.970 | PSNR: 16.229 | MSE: 0.34370970 | BPP: 1.3402 | QP: 63
2026-07-13 12:20:48,245 [INFO ]  [21900/22926] | Loss: 34444.326 | PSNR: 16.211 | MSE: 0.34444326 | BPP: 1.3416 | QP: 63
2026-07-13 12:20:53,381 [INFO ]  [21950/22926] | Loss: 34518.421 | PSNR: 16.194 | MSE: 0.34518421 | BPP: 1.3430 | QP: 63
2026-07-13 12:20:58,608 [INFO ]  [22000/22926] | Loss: 34588.992 | PSNR: 16.177 | MSE: 0.34588992 | BPP: 1.3444 | QP: 63
2026-07-13 12:21:03,798 [INFO ]  [22050/22926] | Loss: 34663.766 | PSNR: 16.159 | MSE: 0.34663766 | BPP: 1.3458 | QP: 63
2026-07-13 12:21:08,910 [INFO ]  [22100/22926] | Loss: 34743.398 | PSNR: 16.141 | MSE: 0.34743398 | BPP: 1.3472 | QP: 63
2026-07-13 12:21:13,956 [INFO ]  [22150/22926] | Loss: 34824.137 | PSNR: 16.122 | MSE: 0.34824137 | BPP: 1.3486 | QP: 63
2026-07-13 12:21:19,150 [INFO ]  [22200/22926] | Loss: 34914.118 | PSNR: 16.101 | MSE: 0.34914118 | BPP: 1.3500 | QP: 63
2026-07-13 12:21:24,334 [INFO ]  [22250/22926] | Loss: 34996.588 | PSNR: 16.081 | MSE: 0.34996588 | BPP: 1.3514 | QP: 63
2026-07-13 12:21:29,410 [INFO ]  [22300/22926] | Loss: 35072.522 | PSNR: 16.063 | MSE: 0.35072522 | BPP: 1.3528 | QP: 63
2026-07-13 12:21:34,523 [INFO ]  [22350/22926] | Loss: 35154.511 | PSNR: 16.044 | MSE: 0.35154511 | BPP: 1.3542 | QP: 63
2026-07-13 12:21:39,706 [INFO ]  [22400/22926] | Loss: 35235.982 | PSNR: 16.024 | MSE: 0.35235982 | BPP: 1.3556 | QP: 63
2026-07-13 12:21:44,926 [INFO ]  [22450/22926] | Loss: 35312.487 | PSNR: 16.006 | MSE: 0.35312487 | BPP: 1.3569 | QP: 63
2026-07-13 12:21:50,148 [INFO ]  [22500/22926] | Loss: 35390.971 | PSNR: 15.987 | MSE: 0.35390971 | BPP: 1.3583 | QP: 63
2026-07-13 12:21:55,303 [INFO ]  [22550/22926] | Loss: 35465.100 | PSNR: 15.970 | MSE: 0.35465100 | BPP: 1.3597 | QP: 63
2026-07-13 12:22:00,544 [INFO ]  [22600/22926] | Loss: 35541.671 | PSNR: 15.953 | MSE: 0.35541671 | BPP: 1.3610 | QP: 63
2026-07-13 12:22:05,729 [INFO ]  [22650/22926] | Loss: 35614.402 | PSNR: 15.935 | MSE: 0.35614402 | BPP: 1.3623 | QP: 63
2026-07-13 12:22:10,822 [INFO ]  [22700/22926] | Loss: 35688.705 | PSNR: 15.919 | MSE: 0.35688705 | BPP: 1.3636 | QP: 63
2026-07-13 12:22:15,921 [INFO ]  [22750/22926] | Loss: 35756.799 | PSNR: 15.902 | MSE: 0.35756799 | BPP: 1.3649 | QP: 63
2026-07-13 12:22:21,029 [INFO ]  [22800/22926] | Loss: 35832.817 | PSNR: 15.885 | MSE: 0.35832817 | BPP: 1.3662 | QP: 63
2026-07-13 12:22:26,087 [INFO ]  [22850/22926] | Loss: 35902.150 | PSNR: 15.868 | MSE: 0.35902150 | BPP: 1.3675 | QP: 63
2026-07-13 12:22:31,199 [INFO ]  [22900/22926] | Loss: 35972.399 | PSNR: 15.852 | MSE: 0.35972399 | BPP: 1.3687 | QP: 63
2026-07-13 12:22:33,537 [INFO ]  Train epoch 0: Loss: 36060.099 | PSNR: 15.833 | MSE: 0.36060099 | BPP: 1.3695
2026-07-13 12:22:33,537 [INFO ]  No test_filelist is set; using train loss for checkpoint selection.
2026-07-13 12:22:34,271 [INFO ]  Global step updated to: 22926
2026-07-13 12:22:34,271 [INFO ]  ====== Current epoch 1 ======
2026-07-13 12:22:34,271 [INFO ]  Learning rate: 0.0001
2026-07-13 12:22:34,442 [INFO ]  [0/22926] | Loss: 64714.367 | PSNR: 7.625 | MSE: 0.64714366 | BPP: 1.9851 | QP: 63
2026-07-13 12:22:39,575 [INFO ]  [50/22926] | Loss: 66287.754 | PSNR: 8.562 | MSE: 0.66287754 | BPP: 1.9716 | QP: 63
2026-07-13 12:22:44,651 [INFO ]  [100/22926] | Loss: 69135.688 | PSNR: 7.962 | MSE: 0.69135688 | BPP: 1.9740 | QP: 63
2026-07-13 12:22:49,802 [INFO ]  [150/22926] | Loss: 69122.575 | PSNR: 7.961 | MSE: 0.69122575 | BPP: 1.9740 | QP: 63
2026-07-13 12:22:54,867 [INFO ]  [200/22926] | Loss: 69020.515 | PSNR: 7.954 | MSE: 0.69020516 | BPP: 1.9748 | QP: 63
2026-07-13 12:22:59,976 [INFO ]  [250/22926] | Loss: 69213.131 | PSNR: 7.937 | MSE: 0.69213132 | BPP: 1.9743 | QP: 63
2026-07-13 12:23:05,058 [INFO ]  [300/22926] | Loss: 68988.647 | PSNR: 7.989 | MSE: 0.68988647 | BPP: 1.9740 | QP: 63
2026-07-13 12:23:10,112 [INFO ]  [350/22926] | Loss: 69430.852 | PSNR: 7.929 | MSE: 0.69430853 | BPP: 1.9740 | QP: 63
2026-07-13 12:23:15,267 [INFO ]  [400/22926] | Loss: 69675.247 | PSNR: 7.955 | MSE: 0.69675247 | BPP: 1.9707 | QP: 63
2026-07-13 12:23:20,380 [INFO ]  [450/22926] | Loss: 69607.998 | PSNR: 7.987 | MSE: 0.69607998 | BPP: 1.9695 | QP: 63
2026-07-13 12:23:25,568 [INFO ]  [500/22926] | Loss: 69745.097 | PSNR: 7.955 | MSE: 0.69745097 | BPP: 1.9696 | QP: 63
2026-07-13 12:23:30,802 [INFO ]  [550/22926] | Loss: 69803.157 | PSNR: 7.940 | MSE: 0.69803157 | BPP: 1.9685 | QP: 63
2026-07-13 12:23:35,866 [INFO ]  [600/22926] | Loss: 69710.062 | PSNR: 7.960 | MSE: 0.69710062 | BPP: 1.9654 | QP: 63
2026-07-13 12:23:41,017 [INFO ]  [650/22926] | Loss: 69574.415 | PSNR: 7.996 | MSE: 0.69574415 | BPP: 1.9649 | QP: 63
2026-07-13 12:23:46,172 [INFO ]  [700/22926] | Loss: 69576.211 | PSNR: 7.998 | MSE: 0.69576211 | BPP: 1.9653 | QP: 63
2026-07-13 12:23:51,291 [INFO ]  [750/22926] | Loss: 69382.075 | PSNR: 8.017 | MSE: 0.69382075 | BPP: 1.9655 | QP: 63
2026-07-13 12:23:56,391 [INFO ]  [800/22926] | Loss: 69402.935 | PSNR: 8.027 | MSE: 0.69402935 | BPP: 1.9652 | QP: 63
2026-07-13 12:24:01,416 [INFO ]  [850/22926] | Loss: 69410.125 | PSNR: 8.014 | MSE: 0.69410125 | BPP: 1.9661 | QP: 63
2026-07-13 12:24:06,471 [INFO ]  [900/22926] | Loss: 69449.827 | PSNR: 8.023 | MSE: 0.69449827 | BPP: 1.9648 | QP: 63
2026-07-13 12:24:11,541 [INFO ]  [950/22926] | Loss: 69595.583 | PSNR: 8.001 | MSE: 0.69595583 | BPP: 1.9648 | QP: 63
2026-07-13 12:24:16,667 [INFO ]  [1000/22926] | Loss: 69465.099 | PSNR: 8.020 | MSE: 0.69465099 | BPP: 1.9646 | QP: 63
2026-07-13 12:24:21,790 [INFO ]  [1050/22926] | Loss: 69596.753 | PSNR: 7.994 | MSE: 0.69596753 | BPP: 1.9651 | QP: 63
2026-07-13 12:24:26,944 [INFO ]  [1100/22926] | Loss: 69439.474 | PSNR: 8.012 | MSE: 0.69439474 | BPP: 1.9652 | QP: 63
2026-07-13 12:24:32,073 [INFO ]  [1150/22926] | Loss: 69340.869 | PSNR: 8.029 | MSE: 0.69340869 | BPP: 1.9654 | QP: 63
2026-07-13 12:24:37,149 [INFO ]  [1200/22926] | Loss: 69404.425 | PSNR: 8.000 | MSE: 0.69404425 | BPP: 1.9661 | QP: 63
2026-07-13 12:24:42,144 [INFO ]  [1250/22926] | Loss: 69467.588 | PSNR: 7.992 | MSE: 0.69467588 | BPP: 1.9665 | QP: 63
2026-07-13 12:24:47,240 [INFO ]  [1300/22926] | Loss: 69437.421 | PSNR: 8.002 | MSE: 0.69437421 | BPP: 1.9666 | QP: 63
2026-07-13 12:24:52,281 [INFO ]  [1350/22926] | Loss: 69618.960 | PSNR: 7.977 | MSE: 0.69618960 | BPP: 1.9664 | QP: 63
2026-07-13 12:24:57,377 [INFO ]  [1400/22926] | Loss: 69514.471 | PSNR: 7.992 | MSE: 0.69514471 | BPP: 1.9658 | QP: 63
2026-07-13 12:25:02,405 [INFO ]  [1450/22926] | Loss: 69385.225 | PSNR: 8.016 | MSE: 0.69385225 | BPP: 1.9655 | QP: 63
2026-07-13 12:25:07,480 [INFO ]  [1500/22926] | Loss: 69386.972 | PSNR: 8.033 | MSE: 0.69386972 | BPP: 1.9647 | QP: 63
2026-07-13 12:25:12,623 [INFO ]  [1550/22926] | Loss: 69444.715 | PSNR: 8.039 | MSE: 0.69444716 | BPP: 1.9646 | QP: 63
2026-07-13 12:25:17,706 [INFO ]  [1600/22926] | Loss: 69548.584 | PSNR: 8.012 | MSE: 0.69548584 | BPP: 1.9652 | QP: 63
2026-07-13 12:25:22,705 [INFO ]  [1650/22926] | Loss: 69556.761 | PSNR: 8.008 | MSE: 0.69556761 | BPP: 1.9652 | QP: 63
2026-07-13 12:25:27,870 [INFO ]  [1700/22926] | Loss: 69658.070 | PSNR: 7.996 | MSE: 0.69658070 | BPP: 1.9652 | QP: 63
2026-07-13 12:25:32,913 [INFO ]  [1750/22926] | Loss: 69674.124 | PSNR: 7.996 | MSE: 0.69674124 | BPP: 1.9655 | QP: 63
2026-07-13 12:25:37,993 [INFO ]  [1800/22926] | Loss: 69700.742 | PSNR: 8.003 | MSE: 0.69700742 | BPP: 1.9649 | QP: 63
2026-07-13 12:25:42,989 [INFO ]  [1850/22926] | Loss: 69803.823 | PSNR: 7.985 | MSE: 0.69803823 | BPP: 1.9653 | QP: 63
2026-07-13 12:25:48,108 [INFO ]  [1900/22926] | Loss: 69755.375 | PSNR: 7.982 | MSE: 0.69755376 | BPP: 1.9652 | QP: 63
2026-07-13 12:25:53,160 [INFO ]  [1950/22926] | Loss: 69835.683 | PSNR: 7.968 | MSE: 0.69835683 | BPP: 1.9654 | QP: 63
2026-07-13 12:25:58,252 [INFO ]  [2000/22926] | Loss: 69724.014 | PSNR: 7.986 | MSE: 0.69724014 | BPP: 1.9653 | QP: 63
2026-07-13 12:26:03,292 [INFO ]  [2050/22926] | Loss: 69679.387 | PSNR: 7.994 | MSE: 0.69679387 | BPP: 1.9650 | QP: 63
2026-07-13 12:26:08,314 [INFO ]  [2100/22926] | Loss: 69727.897 | PSNR: 7.989 | MSE: 0.69727897 | BPP: 1.9648 | QP: 63
2026-07-13 12:26:13,442 [INFO ]  [2150/22926] | Loss: 69702.946 | PSNR: 7.990 | MSE: 0.69702946 | BPP: 1.9651 | QP: 63
2026-07-13 12:26:18,555 [INFO ]  [2200/22926] | Loss: 69737.177 | PSNR: 7.990 | MSE: 0.69737177 | BPP: 1.9648 | QP: 63
2026-07-13 12:26:23,742 [INFO ]  [2250/22926] | Loss: 69744.956 | PSNR: 7.992 | MSE: 0.69744956 | BPP: 1.9646 | QP: 63
2026-07-13 12:26:28,850 [INFO ]  [2300/22926] | Loss: 69777.128 | PSNR: 7.983 | MSE: 0.69777128 | BPP: 1.9649 | QP: 63
2026-07-13 12:26:33,961 [INFO ]  [2350/22926] | Loss: 69812.533 | PSNR: 7.984 | MSE: 0.69812533 | BPP: 1.9649 | QP: 63
2026-07-13 12:26:39,032 [INFO ]  [2400/22926] | Loss: 69805.214 | PSNR: 7.987 | MSE: 0.69805214 | BPP: 1.9649 | QP: 63
2026-07-13 12:26:44,084 [INFO ]  [2450/22926] | Loss: 69833.077 | PSNR: 7.977 | MSE: 0.69833077 | BPP: 1.9653 | QP: 63
2026-07-13 12:26:49,190 [INFO ]  [2500/22926] | Loss: 69868.520 | PSNR: 7.959 | MSE: 0.69868520 | BPP: 1.9656 | QP: 63
2026-07-13 12:26:54,327 [INFO ]  [2550/22926] | Loss: 69858.401 | PSNR: 7.957 | MSE: 0.69858401 | BPP: 1.9654 | QP: 63
2026-07-13 12:26:59,530 [INFO ]  [2600/22926] | Loss: 69813.626 | PSNR: 7.967 | MSE: 0.69813626 | BPP: 1.9654 | QP: 63
2026-07-13 12:27:04,706 [INFO ]  [2650/22926] | Loss: 69796.123 | PSNR: 7.967 | MSE: 0.69796123 | BPP: 1.9655 | QP: 63
2026-07-13 12:27:09,899 [INFO ]  [2700/22926] | Loss: 69840.448 | PSNR: 7.958 | MSE: 0.69840448 | BPP: 1.9658 | QP: 63
2026-07-13 12:27:15,092 [INFO ]  [2750/22926] | Loss: 69843.915 | PSNR: 7.957 | MSE: 0.69843915 | BPP: 1.9659 | QP: 63
2026-07-13 12:27:20,223 [INFO ]  [2800/22926] | Loss: 69855.868 | PSNR: 7.954 | MSE: 0.69855868 | BPP: 1.9661 | QP: 63
2026-07-13 12:27:25,281 [INFO ]  [2850/22926] | Loss: 69881.785 | PSNR: 7.950 | MSE: 0.69881785 | BPP: 1.9662 | QP: 63
2026-07-13 12:27:30,368 [INFO ]  [2900/22926] | Loss: 69895.548 | PSNR: 7.942 | MSE: 0.69895548 | BPP: 1.9664 | QP: 63
2026-07-13 12:27:35,396 [INFO ]  [2950/22926] | Loss: 69832.384 | PSNR: 7.955 | MSE: 0.69832384 | BPP: 1.9659 | QP: 63
2026-07-13 12:27:40,455 [INFO ]  [3000/22926] | Loss: 69836.957 | PSNR: 7.957 | MSE: 0.69836957 | BPP: 1.9659 | QP: 63
2026-07-13 12:27:45,524 [INFO ]  [3050/22926] | Loss: 69839.396 | PSNR: 7.962 | MSE: 0.69839396 | BPP: 1.9655 | QP: 63
2026-07-13 12:27:50,656 [INFO ]  [3100/22926] | Loss: 69844.656 | PSNR: 7.957 | MSE: 0.69844656 | BPP: 1.9658 | QP: 63
2026-07-13 12:27:55,750 [INFO ]  [3150/22926] | Loss: 69884.261 | PSNR: 7.946 | MSE: 0.69884261 | BPP: 1.9660 | QP: 63
2026-07-13 12:28:00,827 [INFO ]  [3200/22926] | Loss: 69933.316 | PSNR: 7.943 | MSE: 0.69933316 | BPP: 1.9658 | QP: 63
2026-07-13 12:28:05,947 [INFO ]  [3250/22926] | Loss: 69906.374 | PSNR: 7.955 | MSE: 0.69906374 | BPP: 1.9654 | QP: 63
2026-07-13 12:28:11,116 [INFO ]  [3300/22926] | Loss: 69946.455 | PSNR: 7.945 | MSE: 0.69946455 | BPP: 1.9657 | QP: 63
2026-07-13 12:28:16,305 [INFO ]  [3350/22926] | Loss: 69916.282 | PSNR: 7.959 | MSE: 0.69916282 | BPP: 1.9657 | QP: 63
2026-07-13 12:28:21,421 [INFO ]  [3400/22926] | Loss: 69972.181 | PSNR: 7.946 | MSE: 0.69972181 | BPP: 1.9656 | QP: 63
2026-07-13 12:28:26,573 [INFO ]  [3450/22926] | Loss: 70026.737 | PSNR: 7.938 | MSE: 0.70026737 | BPP: 1.9654 | QP: 63
2026-07-13 12:28:31,698 [INFO ]  [3500/22926] | Loss: 70001.573 | PSNR: 7.942 | MSE: 0.70001573 | BPP: 1.9655 | QP: 63
2026-07-13 12:28:36,844 [INFO ]  [3550/22926] | Loss: 70016.971 | PSNR: 7.939 | MSE: 0.70016971 | BPP: 1.9656 | QP: 63
2026-07-13 12:28:42,023 [INFO ]  [3600/22926] | Loss: 70036.438 | PSNR: 7.934 | MSE: 0.70036438 | BPP: 1.9656 | QP: 63
2026-07-13 12:28:47,234 [INFO ]  [3650/22926] | Loss: 70062.216 | PSNR: 7.927 | MSE: 0.70062216 | BPP: 1.9658 | QP: 63
2026-07-13 12:28:52,448 [INFO ]  [3700/22926] | Loss: 70015.841 | PSNR: 7.934 | MSE: 0.70015841 | BPP: 1.9656 | QP: 63
2026-07-13 12:28:57,620 [INFO ]  [3750/22926] | Loss: 70017.471 | PSNR: 7.942 | MSE: 0.70017471 | BPP: 1.9652 | QP: 63
2026-07-13 12:29:02,721 [INFO ]  [3800/22926] | Loss: 70040.999 | PSNR: 7.933 | MSE: 0.70040999 | BPP: 1.9654 | QP: 63
2026-07-13 12:29:07,801 [INFO ]  [3850/22926] | Loss: 70062.305 | PSNR: 7.932 | MSE: 0.70062305 | BPP: 1.9654 | QP: 63
2026-07-13 12:29:12,889 [INFO ]  [3900/22926] | Loss: 70057.425 | PSNR: 7.936 | MSE: 0.70057425 | BPP: 1.9651 | QP: 63
2026-07-13 12:29:17,991 [INFO ]  [3950/22926] | Loss: 70010.060 | PSNR: 7.946 | MSE: 0.70010060 | BPP: 1.9651 | QP: 63
2026-07-13 12:29:23,089 [INFO ]  [4000/22926] | Loss: 69980.810 | PSNR: 7.952 | MSE: 0.69980810 | BPP: 1.9649 | QP: 63
2026-07-13 12:29:28,053 [INFO ]  [4050/22926] | Loss: 69946.701 | PSNR: 7.957 | MSE: 0.69946701 | BPP: 1.9647 | QP: 63
2026-07-13 12:29:33,408 [INFO ]  [4100/22926] | Loss: 69927.879 | PSNR: 7.959 | MSE: 0.69927879 | BPP: 1.9646 | QP: 63
2026-07-13 12:29:38,523 [INFO ]  [4150/22926] | Loss: 69932.992 | PSNR: 7.959 | MSE: 0.69932992 | BPP: 1.9643 | QP: 63
2026-07-13 12:29:43,691 [INFO ]  [4200/22926] | Loss: 69940.490 | PSNR: 7.955 | MSE: 0.69940491 | BPP: 1.9641 | QP: 63
2026-07-13 12:29:48,865 [INFO ]  [4250/22926] | Loss: 69907.320 | PSNR: 7.962 | MSE: 0.69907320 | BPP: 1.9640 | QP: 63
2026-07-13 12:29:54,000 [INFO ]  [4300/22926] | Loss: 69888.212 | PSNR: 7.967 | MSE: 0.69888212 | BPP: 1.9639 | QP: 63
2026-07-13 12:29:59,092 [INFO ]  [4350/22926] | Loss: 69861.740 | PSNR: 7.970 | MSE: 0.69861740 | BPP: 1.9639 | QP: 63
2026-07-13 12:30:04,138 [INFO ]  [4400/22926] | Loss: 69881.750 | PSNR: 7.970 | MSE: 0.69881751 | BPP: 1.9639 | QP: 63
2026-07-13 12:30:09,201 [INFO ]  [4450/22926] | Loss: 69845.032 | PSNR: 7.973 | MSE: 0.69845032 | BPP: 1.9640 | QP: 63
2026-07-13 12:30:14,231 [INFO ]  [4500/22926] | Loss: 69828.204 | PSNR: 7.976 | MSE: 0.69828204 | BPP: 1.9640 | QP: 63
2026-07-13 12:30:19,368 [INFO ]  [4550/22926] | Loss: 69834.196 | PSNR: 7.975 | MSE: 0.69834196 | BPP: 1.9640 | QP: 63
2026-07-13 12:30:24,478 [INFO ]  [4600/22926] | Loss: 69821.898 | PSNR: 7.977 | MSE: 0.69821898 | BPP: 1.9641 | QP: 63
2026-07-13 12:30:29,552 [INFO ]  [4650/22926] | Loss: 69813.788 | PSNR: 7.978 | MSE: 0.69813788 | BPP: 1.9640 | QP: 63
2026-07-13 12:30:34,513 [INFO ]  [4700/22926] | Loss: 69802.922 | PSNR: 7.979 | MSE: 0.69802922 | BPP: 1.9640 | QP: 63
2026-07-13 12:30:39,702 [INFO ]  [4750/22926] | Loss: 69853.477 | PSNR: 7.970 | MSE: 0.69853477 | BPP: 1.9641 | QP: 63
2026-07-13 12:30:44,888 [INFO ]  [4800/22926] | Loss: 69853.924 | PSNR: 7.972 | MSE: 0.69853924 | BPP: 1.9640 | QP: 63
2026-07-13 12:30:50,052 [INFO ]  [4850/22926] | Loss: 69858.309 | PSNR: 7.972 | MSE: 0.69858309 | BPP: 1.9638 | QP: 63
2026-07-13 12:30:55,180 [INFO ]  [4900/22926] | Loss: 69841.563 | PSNR: 7.972 | MSE: 0.69841563 | BPP: 1.9639 | QP: 63
2026-07-13 12:31:00,292 [INFO ]  [4950/22926] | Loss: 69856.225 | PSNR: 7.969 | MSE: 0.69856225 | BPP: 1.9639 | QP: 63
2026-07-13 12:31:05,366 [INFO ]  [5000/22926] | Loss: 69839.034 | PSNR: 7.973 | MSE: 0.69839034 | BPP: 1.9636 | QP: 63
2026-07-13 12:31:10,491 [INFO ]  [5050/22926] | Loss: 69831.427 | PSNR: 7.976 | MSE: 0.69831427 | BPP: 1.9637 | QP: 63
2026-07-13 12:31:15,614 [INFO ]  [5100/22926] | Loss: 69851.967 | PSNR: 7.975 | MSE: 0.69851967 | BPP: 1.9635 | QP: 63
2026-07-13 12:31:20,765 [INFO ]  [5150/22926] | Loss: 69854.784 | PSNR: 7.973 | MSE: 0.69854784 | BPP: 1.9635 | QP: 63
2026-07-13 12:31:25,993 [INFO ]  [5200/22926] | Loss: 69814.324 | PSNR: 7.981 | MSE: 0.69814324 | BPP: 1.9632 | QP: 63
2026-07-13 12:31:31,215 [INFO ]  [5250/22926] | Loss: 69807.739 | PSNR: 7.982 | MSE: 0.69807740 | BPP: 1.9632 | QP: 63
2026-07-13 12:31:36,429 [INFO ]  [5300/22926] | Loss: 69806.889 | PSNR: 7.979 | MSE: 0.69806889 | BPP: 1.9633 | QP: 63
2026-07-13 12:31:41,620 [INFO ]  [5350/22926] | Loss: 69784.250 | PSNR: 7.987 | MSE: 0.69784250 | BPP: 1.9630 | QP: 63
2026-07-13 12:31:46,713 [INFO ]  [5400/22926] | Loss: 69788.618 | PSNR: 7.983 | MSE: 0.69788618 | BPP: 1.9631 | QP: 63
2026-07-13 12:31:51,803 [INFO ]  [5450/22926] | Loss: 69802.373 | PSNR: 7.981 | MSE: 0.69802373 | BPP: 1.9632 | QP: 63
2026-07-13 12:31:56,891 [INFO ]  [5500/22926] | Loss: 69792.203 | PSNR: 7.982 | MSE: 0.69792203 | BPP: 1.9632 | QP: 63
2026-07-13 12:32:01,985 [INFO ]  [5550/22926] | Loss: 69775.939 | PSNR: 7.985 | MSE: 0.69775939 | BPP: 1.9632 | QP: 63
2026-07-13 12:32:07,130 [INFO ]  [5600/22926] | Loss: 69777.446 | PSNR: 7.983 | MSE: 0.69777446 | BPP: 1.9634 | QP: 63
2026-07-13 12:32:12,272 [INFO ]  [5650/22926] | Loss: 69779.821 | PSNR: 7.984 | MSE: 0.69779821 | BPP: 1.9634 | QP: 63
2026-07-13 12:32:17,474 [INFO ]  [5700/22926] | Loss: 69765.612 | PSNR: 7.986 | MSE: 0.69765612 | BPP: 1.9634 | QP: 63
2026-07-13 12:32:22,590 [INFO ]  [5750/22926] | Loss: 69787.811 | PSNR: 7.982 | MSE: 0.69787811 | BPP: 1.9635 | QP: 63
2026-07-13 12:32:27,891 [INFO ]  [5800/22926] | Loss: 69790.864 | PSNR: 7.981 | MSE: 0.69790864 | BPP: 1.9635 | QP: 63
2026-07-13 12:32:33,098 [INFO ]  [5850/22926] | Loss: 69792.827 | PSNR: 7.977 | MSE: 0.69792827 | BPP: 1.9636 | QP: 63
2026-07-13 12:32:38,475 [INFO ]  [5900/22926] | Loss: 69801.061 | PSNR: 7.974 | MSE: 0.69801061 | BPP: 1.9637 | QP: 63
2026-07-13 12:32:43,606 [INFO ]  [5950/22926] | Loss: 69799.219 | PSNR: 7.973 | MSE: 0.69799219 | BPP: 1.9638 | QP: 63
2026-07-13 12:32:48,734 [INFO ]  [6000/22926] | Loss: 69786.589 | PSNR: 7.974 | MSE: 0.69786589 | BPP: 1.9637 | QP: 63
2026-07-13 12:32:53,844 [INFO ]  [6050/22926] | Loss: 69794.530 | PSNR: 7.975 | MSE: 0.69794530 | BPP: 1.9635 | QP: 63
2026-07-13 12:32:58,955 [INFO ]  [6100/22926] | Loss: 69803.224 | PSNR: 7.974 | MSE: 0.69803224 | BPP: 1.9635 | QP: 63
2026-07-13 12:33:04,105 [INFO ]  [6150/22926] | Loss: 69771.481 | PSNR: 7.983 | MSE: 0.69771481 | BPP: 1.9635 | QP: 63
2026-07-13 12:33:09,304 [INFO ]  [6200/22926] | Loss: 69756.395 | PSNR: 7.985 | MSE: 0.69756395 | BPP: 1.9635 | QP: 63
2026-07-13 12:33:14,421 [INFO ]  [6250/22926] | Loss: 69776.891 | PSNR: 7.981 | MSE: 0.69776891 | BPP: 1.9634 | QP: 63
2026-07-13 12:33:19,669 [INFO ]  [6300/22926] | Loss: 69775.722 | PSNR: 7.981 | MSE: 0.69775722 | BPP: 1.9636 | QP: 63
2026-07-13 12:33:24,790 [INFO ]  [6350/22926] | Loss: 69803.682 | PSNR: 7.978 | MSE: 0.69803682 | BPP: 1.9636 | QP: 63
2026-07-13 12:33:29,853 [INFO ]  [6400/22926] | Loss: 69805.545 | PSNR: 7.978 | MSE: 0.69805545 | BPP: 1.9636 | QP: 63
2026-07-13 12:33:34,935 [INFO ]  [6450/22926] | Loss: 69808.209 | PSNR: 7.976 | MSE: 0.69808209 | BPP: 1.9636 | QP: 63
2026-07-13 12:33:39,929 [INFO ]  [6500/22926] | Loss: 69815.917 | PSNR: 7.972 | MSE: 0.69815917 | BPP: 1.9637 | QP: 63
2026-07-13 12:33:44,975 [INFO ]  [6550/22926] | Loss: 69804.364 | PSNR: 7.977 | MSE: 0.69804364 | BPP: 1.9635 | QP: 63
2026-07-13 12:33:50,105 [INFO ]  [6600/22926] | Loss: 69800.330 | PSNR: 7.975 | MSE: 0.69800330 | BPP: 1.9636 | QP: 63
2026-07-13 12:33:55,224 [INFO ]  [6650/22926] | Loss: 69809.120 | PSNR: 7.971 | MSE: 0.69809120 | BPP: 1.9637 | QP: 63
2026-07-13 12:34:00,310 [INFO ]  [6700/22926] | Loss: 69799.676 | PSNR: 7.974 | MSE: 0.69799676 | BPP: 1.9637 | QP: 63
2026-07-13 12:34:05,369 [INFO ]  [6750/22926] | Loss: 69794.206 | PSNR: 7.973 | MSE: 0.69794206 | BPP: 1.9638 | QP: 63
2026-07-13 12:34:10,509 [INFO ]  [6800/22926] | Loss: 69806.494 | PSNR: 7.973 | MSE: 0.69806494 | BPP: 1.9637 | QP: 63
2026-07-13 12:34:15,557 [INFO ]  [6850/22926] | Loss: 69800.300 | PSNR: 7.973 | MSE: 0.69800300 | BPP: 1.9637 | QP: 63
2026-07-13 12:34:20,563 [INFO ]  [6900/22926] | Loss: 69806.943 | PSNR: 7.973 | MSE: 0.69806943 | BPP: 1.9636 | QP: 63
2026-07-13 12:34:25,568 [INFO ]  [6950/22926] | Loss: 69795.900 | PSNR: 7.977 | MSE: 0.69795900 | BPP: 1.9636 | QP: 63
2026-07-13 12:34:30,602 [INFO ]  [7000/22926] | Loss: 69792.110 | PSNR: 7.978 | MSE: 0.69792110 | BPP: 1.9637 | QP: 63
2026-07-13 12:34:35,688 [INFO ]  [7050/22926] | Loss: 69809.163 | PSNR: 7.974 | MSE: 0.69809163 | BPP: 1.9636 | QP: 63
2026-07-13 12:34:40,753 [INFO ]  [7100/22926] | Loss: 69804.219 | PSNR: 7.973 | MSE: 0.69804219 | BPP: 1.9635 | QP: 63
2026-07-13 12:34:45,859 [INFO ]  [7150/22926] | Loss: 69804.752 | PSNR: 7.975 | MSE: 0.69804752 | BPP: 1.9634 | QP: 63
2026-07-13 12:34:50,978 [INFO ]  [7200/22926] | Loss: 69837.928 | PSNR: 7.972 | MSE: 0.69837928 | BPP: 1.9634 | QP: 63
2026-07-13 12:34:55,906 [INFO ]  [7250/22926] | Loss: 69833.865 | PSNR: 7.973 | MSE: 0.69833865 | BPP: 1.9634 | QP: 63
2026-07-13 12:35:00,788 [INFO ]  [7300/22926] | Loss: 69826.878 | PSNR: 7.973 | MSE: 0.69826878 | BPP: 1.9634 | QP: 63
2026-07-13 12:35:05,884 [INFO ]  [7350/22926] | Loss: 69809.558 | PSNR: 7.976 | MSE: 0.69809558 | BPP: 1.9634 | QP: 63
2026-07-13 12:35:10,926 [INFO ]  [7400/22926] | Loss: 69808.335 | PSNR: 7.977 | MSE: 0.69808335 | BPP: 1.9634 | QP: 63
2026-07-13 12:35:16,075 [INFO ]  [7450/22926] | Loss: 69804.551 | PSNR: 7.977 | MSE: 0.69804551 | BPP: 1.9635 | QP: 63
2026-07-13 12:35:21,141 [INFO ]  [7500/22926] | Loss: 69800.467 | PSNR: 7.980 | MSE: 0.69800467 | BPP: 1.9633 | QP: 63
2026-07-13 12:35:26,222 [INFO ]  [7550/22926] | Loss: 69804.769 | PSNR: 7.981 | MSE: 0.69804769 | BPP: 1.9632 | QP: 63
2026-07-13 12:35:31,394 [INFO ]  [7600/22926] | Loss: 69797.060 | PSNR: 7.982 | MSE: 0.69797060 | BPP: 1.9631 | QP: 63
2026-07-13 12:35:36,505 [INFO ]  [7650/22926] | Loss: 69802.962 | PSNR: 7.981 | MSE: 0.69802962 | BPP: 1.9632 | QP: 63
2026-07-13 12:35:41,915 [INFO ]  [7700/22926] | Loss: 69813.455 | PSNR: 7.980 | MSE: 0.69813455 | BPP: 1.9631 | QP: 63
2026-07-13 12:35:47,016 [INFO ]  [7750/22926] | Loss: 69817.662 | PSNR: 7.980 | MSE: 0.69817662 | BPP: 1.9629 | QP: 63
2026-07-13 12:35:52,120 [INFO ]  [7800/22926] | Loss: 69828.258 | PSNR: 7.979 | MSE: 0.69828258 | BPP: 1.9629 | QP: 63
2026-07-13 12:35:57,330 [INFO ]  [7850/22926] | Loss: 69838.068 | PSNR: 7.978 | MSE: 0.69838068 | BPP: 1.9629 | QP: 63
2026-07-13 12:36:02,390 [INFO ]  [7900/22926] | Loss: 69836.364 | PSNR: 7.975 | MSE: 0.69836364 | BPP: 1.9630 | QP: 63
2026-07-13 12:36:07,471 [INFO ]  [7950/22926] | Loss: 69833.290 | PSNR: 7.973 | MSE: 0.69833290 | BPP: 1.9631 | QP: 63
2026-07-13 12:36:12,561 [INFO ]  [8000/22926] | Loss: 69816.156 | PSNR: 7.976 | MSE: 0.69816156 | BPP: 1.9630 | QP: 63
2026-07-13 12:36:17,717 [INFO ]  [8050/22926] | Loss: 69826.072 | PSNR: 7.975 | MSE: 0.69826072 | BPP: 1.9629 | QP: 63
2026-07-13 12:36:22,884 [INFO ]  [8100/22926] | Loss: 69838.263 | PSNR: 7.972 | MSE: 0.69838263 | BPP: 1.9630 | QP: 63
2026-07-13 12:36:27,991 [INFO ]  [8150/22926] | Loss: 69849.545 | PSNR: 7.972 | MSE: 0.69849545 | BPP: 1.9629 | QP: 63
2026-07-13 12:36:33,180 [INFO ]  [8200/22926] | Loss: 69830.478 | PSNR: 7.974 | MSE: 0.69830478 | BPP: 1.9629 | QP: 63
2026-07-13 12:36:38,356 [INFO ]  [8250/22926] | Loss: 69831.154 | PSNR: 7.974 | MSE: 0.69831154 | BPP: 1.9630 | QP: 63
2026-07-13 12:36:43,499 [INFO ]  [8300/22926] | Loss: 69828.559 | PSNR: 7.975 | MSE: 0.69828559 | BPP: 1.9629 | QP: 63
2026-07-13 12:36:48,616 [INFO ]  [8350/22926] | Loss: 69822.392 | PSNR: 7.976 | MSE: 0.69822392 | BPP: 1.9629 | QP: 63
2026-07-13 12:36:53,692 [INFO ]  [8400/22926] | Loss: 69813.013 | PSNR: 7.975 | MSE: 0.69813013 | BPP: 1.9630 | QP: 63
2026-07-13 12:36:58,809 [INFO ]  [8450/22926] | Loss: 69812.993 | PSNR: 7.975 | MSE: 0.69812993 | BPP: 1.9630 | QP: 63
2026-07-13 12:37:03,921 [INFO ]  [8500/22926] | Loss: 69802.163 | PSNR: 7.977 | MSE: 0.69802163 | BPP: 1.9630 | QP: 63
2026-07-13 12:37:09,024 [INFO ]  [8550/22926] | Loss: 69810.228 | PSNR: 7.974 | MSE: 0.69810228 | BPP: 1.9630 | QP: 63
2026-07-13 12:37:14,126 [INFO ]  [8600/22926] | Loss: 69813.498 | PSNR: 7.974 | MSE: 0.69813498 | BPP: 1.9630 | QP: 63
2026-07-13 12:37:19,220 [INFO ]  [8650/22926] | Loss: 69791.493 | PSNR: 7.978 | MSE: 0.69791493 | BPP: 1.9630 | QP: 63
2026-07-13 12:37:24,360 [INFO ]  [8700/22926] | Loss: 69817.394 | PSNR: 7.973 | MSE: 0.69817394 | BPP: 1.9631 | QP: 63
2026-07-13 12:37:29,541 [INFO ]  [8750/22926] | Loss: 69820.157 | PSNR: 7.972 | MSE: 0.69820157 | BPP: 1.9631 | QP: 63
2026-07-13 12:37:34,665 [INFO ]  [8800/22926] | Loss: 69831.666 | PSNR: 7.970 | MSE: 0.69831666 | BPP: 1.9632 | QP: 63
2026-07-13 12:37:39,844 [INFO ]  [8850/22926] | Loss: 69831.902 | PSNR: 7.971 | MSE: 0.69831902 | BPP: 1.9631 | QP: 63
2026-07-13 12:37:44,977 [INFO ]  [8900/22926] | Loss: 69844.969 | PSNR: 7.968 | MSE: 0.69844969 | BPP: 1.9631 | QP: 63
2026-07-13 12:37:50,120 [INFO ]  [8950/22926] | Loss: 69837.320 | PSNR: 7.968 | MSE: 0.69837320 | BPP: 1.9632 | QP: 63
2026-07-13 12:37:55,219 [INFO ]  [9000/22926] | Loss: 69848.671 | PSNR: 7.964 | MSE: 0.69848671 | BPP: 1.9632 | QP: 63
2026-07-13 12:38:00,311 [INFO ]  [9050/22926] | Loss: 69852.817 | PSNR: 7.963 | MSE: 0.69852817 | BPP: 1.9633 | QP: 63
2026-07-13 12:38:05,371 [INFO ]  [9100/22926] | Loss: 69844.959 | PSNR: 7.964 | MSE: 0.69844959 | BPP: 1.9631 | QP: 63
2026-07-13 12:38:10,506 [INFO ]  [9150/22926] | Loss: 69865.148 | PSNR: 7.960 | MSE: 0.69865148 | BPP: 1.9632 | QP: 63
2026-07-13 12:38:15,643 [INFO ]  [9200/22926] | Loss: 69856.538 | PSNR: 7.964 | MSE: 0.69856538 | BPP: 1.9630 | QP: 63
2026-07-13 12:38:20,889 [INFO ]  [9250/22926] | Loss: 69847.775 | PSNR: 7.966 | MSE: 0.69847775 | BPP: 1.9629 | QP: 63
2026-07-13 12:38:26,071 [INFO ]  [9300/22926] | Loss: 69858.208 | PSNR: 7.965 | MSE: 0.69858208 | BPP: 1.9629 | QP: 63
2026-07-13 12:38:31,223 [INFO ]  [9350/22926] | Loss: 69849.625 | PSNR: 7.967 | MSE: 0.69849625 | BPP: 1.9628 | QP: 63
2026-07-13 12:38:36,423 [INFO ]  [9400/22926] | Loss: 69844.725 | PSNR: 7.968 | MSE: 0.69844725 | BPP: 1.9627 | QP: 63
2026-07-13 12:38:41,629 [INFO ]  [9450/22926] | Loss: 69830.651 | PSNR: 7.971 | MSE: 0.69830651 | BPP: 1.9627 | QP: 63
2026-07-13 12:38:46,991 [INFO ]  [9500/22926] | Loss: 69824.434 | PSNR: 7.972 | MSE: 0.69824434 | BPP: 1.9626 | QP: 63
2026-07-13 12:38:52,082 [INFO ]  [9550/22926] | Loss: 69816.465 | PSNR: 7.973 | MSE: 0.69816465 | BPP: 1.9626 | QP: 63
2026-07-13 12:38:57,208 [INFO ]  [9600/22926] | Loss: 69814.590 | PSNR: 7.973 | MSE: 0.69814590 | BPP: 1.9627 | QP: 63
2026-07-13 12:39:02,302 [INFO ]  [9650/22926] | Loss: 69818.230 | PSNR: 7.972 | MSE: 0.69818230 | BPP: 1.9626 | QP: 63
2026-07-13 12:39:07,447 [INFO ]  [9700/22926] | Loss: 69802.740 | PSNR: 7.976 | MSE: 0.69802740 | BPP: 1.9625 | QP: 63
2026-07-13 12:39:12,599 [INFO ]  [9750/22926] | Loss: 69812.622 | PSNR: 7.972 | MSE: 0.69812622 | BPP: 1.9625 | QP: 63
2026-07-13 12:39:17,734 [INFO ]  [9800/22926] | Loss: 69813.255 | PSNR: 7.974 | MSE: 0.69813255 | BPP: 1.9626 | QP: 63
2026-07-13 12:39:22,903 [INFO ]  [9850/22926] | Loss: 69817.901 | PSNR: 7.972 | MSE: 0.69817901 | BPP: 1.9625 | QP: 63
2026-07-13 12:39:28,146 [INFO ]  [9900/22926] | Loss: 69828.647 | PSNR: 7.970 | MSE: 0.69828647 | BPP: 1.9625 | QP: 63
2026-07-13 12:39:33,314 [INFO ]  [9950/22926] | Loss: 69817.315 | PSNR: 7.972 | MSE: 0.69817315 | BPP: 1.9625 | QP: 63
2026-07-13 12:39:38,427 [INFO ]  [10000/22926] | Loss: 69814.936 | PSNR: 7.973 | MSE: 0.69814936 | BPP: 1.9625 | QP: 63
2026-07-13 12:39:43,556 [INFO ]  [10050/22926] | Loss: 69827.952 | PSNR: 7.971 | MSE: 0.69827952 | BPP: 1.9624 | QP: 63
2026-07-13 12:39:48,619 [INFO ]  [10100/22926] | Loss: 69842.183 | PSNR: 7.968 | MSE: 0.69842183 | BPP: 1.9625 | QP: 63
2026-07-13 12:39:53,758 [INFO ]  [10150/22926] | Loss: 69852.615 | PSNR: 7.965 | MSE: 0.69852615 | BPP: 1.9626 | QP: 63
2026-07-13 12:39:58,885 [INFO ]  [10200/22926] | Loss: 69857.186 | PSNR: 7.965 | MSE: 0.69857186 | BPP: 1.9624 | QP: 63
2026-07-13 12:40:04,021 [INFO ]  [10250/22926] | Loss: 69864.589 | PSNR: 7.965 | MSE: 0.69864589 | BPP: 1.9625 | QP: 63
2026-07-13 12:40:09,234 [INFO ]  [10300/22926] | Loss: 69852.978 | PSNR: 7.965 | MSE: 0.69852978 | BPP: 1.9625 | QP: 63
2026-07-13 12:40:14,359 [INFO ]  [10350/22926] | Loss: 69844.521 | PSNR: 7.966 | MSE: 0.69844521 | BPP: 1.9625 | QP: 63
2026-07-13 12:40:19,529 [INFO ]  [10400/22926] | Loss: 69844.886 | PSNR: 7.965 | MSE: 0.69844886 | BPP: 1.9625 | QP: 63
2026-07-13 12:40:24,655 [INFO ]  [10450/22926] | Loss: 69838.945 | PSNR: 7.968 | MSE: 0.69838945 | BPP: 1.9624 | QP: 63
2026-07-13 12:40:29,812 [INFO ]  [10500/22926] | Loss: 69838.034 | PSNR: 7.967 | MSE: 0.69838034 | BPP: 1.9625 | QP: 63
2026-07-13 12:40:34,880 [INFO ]  [10550/22926] | Loss: 69823.656 | PSNR: 7.971 | MSE: 0.69823656 | BPP: 1.9624 | QP: 63
2026-07-13 12:40:39,978 [INFO ]  [10600/22926] | Loss: 69822.912 | PSNR: 7.971 | MSE: 0.69822912 | BPP: 1.9623 | QP: 63
2026-07-13 12:40:45,048 [INFO ]  [10650/22926] | Loss: 69817.568 | PSNR: 7.972 | MSE: 0.69817568 | BPP: 1.9622 | QP: 63
2026-07-13 12:40:50,144 [INFO ]  [10700/22926] | Loss: 69811.752 | PSNR: 7.973 | MSE: 0.69811752 | BPP: 1.9622 | QP: 63
2026-07-13 12:40:55,341 [INFO ]  [10750/22926] | Loss: 69824.270 | PSNR: 7.970 | MSE: 0.69824270 | BPP: 1.9623 | QP: 63
2026-07-13 12:41:00,564 [INFO ]  [10800/22926] | Loss: 69813.896 | PSNR: 7.971 | MSE: 0.69813896 | BPP: 1.9623 | QP: 63
2026-07-13 12:41:05,741 [INFO ]  [10850/22926] | Loss: 69817.185 | PSNR: 7.969 | MSE: 0.69817185 | BPP: 1.9624 | QP: 63
2026-07-13 12:41:10,915 [INFO ]  [10900/22926] | Loss: 69827.997 | PSNR: 7.967 | MSE: 0.69827997 | BPP: 1.9623 | QP: 63
2026-07-13 12:41:16,053 [INFO ]  [10950/22926] | Loss: 69834.980 | PSNR: 7.965 | MSE: 0.69834980 | BPP: 1.9623 | QP: 63
2026-07-13 12:41:21,116 [INFO ]  [11000/22926] | Loss: 69835.537 | PSNR: 7.965 | MSE: 0.69835537 | BPP: 1.9623 | QP: 63
2026-07-13 12:41:26,200 [INFO ]  [11050/22926] | Loss: 69842.306 | PSNR: 7.963 | MSE: 0.69842306 | BPP: 1.9624 | QP: 63
2026-07-13 12:41:31,321 [INFO ]  [11100/22926] | Loss: 69832.692 | PSNR: 7.964 | MSE: 0.69832692 | BPP: 1.9623 | QP: 63
2026-07-13 12:41:36,363 [INFO ]  [11150/22926] | Loss: 69825.979 | PSNR: 7.964 | MSE: 0.69825979 | BPP: 1.9624 | QP: 63
2026-07-13 12:41:41,614 [INFO ]  [11200/22926] | Loss: 69823.721 | PSNR: 7.964 | MSE: 0.69823721 | BPP: 1.9624 | QP: 63
2026-07-13 12:41:46,922 [INFO ]  [11250/22926] | Loss: 69819.209 | PSNR: 7.965 | MSE: 0.69819209 | BPP: 1.9623 | QP: 63
2026-07-13 12:41:52,188 [INFO ]  [11300/22926] | Loss: 69821.548 | PSNR: 7.964 | MSE: 0.69821548 | BPP: 1.9623 | QP: 63
2026-07-13 12:41:57,336 [INFO ]  [11350/22926] | Loss: 69817.101 | PSNR: 7.965 | MSE: 0.69817101 | BPP: 1.9623 | QP: 63
2026-07-13 12:42:02,499 [INFO ]  [11400/22926] | Loss: 69831.646 | PSNR: 7.965 | MSE: 0.69831646 | BPP: 1.9622 | QP: 63
2026-07-13 12:42:07,621 [INFO ]  [11450/22926] | Loss: 69823.532 | PSNR: 7.967 | MSE: 0.69823532 | BPP: 1.9622 | QP: 63
2026-07-13 12:42:12,775 [INFO ]  [11500/22926] | Loss: 69828.402 | PSNR: 7.964 | MSE: 0.69828402 | BPP: 1.9622 | QP: 63
2026-07-13 12:42:17,889 [INFO ]  [11550/22926] | Loss: 69821.836 | PSNR: 7.965 | MSE: 0.69821836 | BPP: 1.9622 | QP: 63
2026-07-13 12:42:22,939 [INFO ]  [11600/22926] | Loss: 69821.698 | PSNR: 7.964 | MSE: 0.69821698 | BPP: 1.9622 | QP: 63
2026-07-13 12:42:28,036 [INFO ]  [11650/22926] | Loss: 69831.305 | PSNR: 7.960 | MSE: 0.69831305 | BPP: 1.9623 | QP: 63
2026-07-13 12:42:33,142 [INFO ]  [11700/22926] | Loss: 69845.383 | PSNR: 7.958 | MSE: 0.69845383 | BPP: 1.9622 | QP: 63
2026-07-13 12:42:38,287 [INFO ]  [11750/22926] | Loss: 69838.477 | PSNR: 7.960 | MSE: 0.69838477 | BPP: 1.9622 | QP: 63
2026-07-13 12:42:43,453 [INFO ]  [11800/22926] | Loss: 69823.969 | PSNR: 7.962 | MSE: 0.69823969 | BPP: 1.9622 | QP: 63
2026-07-13 12:42:48,635 [INFO ]  [11850/22926] | Loss: 69820.874 | PSNR: 7.962 | MSE: 0.69820874 | BPP: 1.9622 | QP: 63
2026-07-13 12:42:53,767 [INFO ]  [11900/22926] | Loss: 69831.873 | PSNR: 7.960 | MSE: 0.69831873 | BPP: 1.9622 | QP: 63
2026-07-13 12:42:58,904 [INFO ]  [11950/22926] | Loss: 69825.907 | PSNR: 7.963 | MSE: 0.69825907 | BPP: 1.9622 | QP: 63
2026-07-13 12:43:03,923 [INFO ]  [12000/22926] | Loss: 69830.213 | PSNR: 7.962 | MSE: 0.69830213 | BPP: 1.9622 | QP: 63
2026-07-13 12:43:08,936 [INFO ]  [12050/22926] | Loss: 69841.853 | PSNR: 7.961 | MSE: 0.69841853 | BPP: 1.9622 | QP: 63
2026-07-13 12:43:13,803 [INFO ]  [12100/22926] | Loss: 69831.839 | PSNR: 7.962 | MSE: 0.69831839 | BPP: 1.9622 | QP: 63
2026-07-13 12:43:18,855 [INFO ]  [12150/22926] | Loss: 69828.099 | PSNR: 7.961 | MSE: 0.69828099 | BPP: 1.9622 | QP: 63
2026-07-13 12:43:23,929 [INFO ]  [12200/22926] | Loss: 69834.201 | PSNR: 7.962 | MSE: 0.69834201 | BPP: 1.9622 | QP: 63
2026-07-13 12:43:28,985 [INFO ]  [12250/22926] | Loss: 69824.716 | PSNR: 7.963 | MSE: 0.69824716 | BPP: 1.9621 | QP: 63
2026-07-13 12:43:34,152 [INFO ]  [12300/22926] | Loss: 69812.758 | PSNR: 7.965 | MSE: 0.69812759 | BPP: 1.9621 | QP: 63
2026-07-13 12:43:39,244 [INFO ]  [12350/22926] | Loss: 69819.963 | PSNR: 7.964 | MSE: 0.69819963 | BPP: 1.9621 | QP: 63
2026-07-13 12:43:44,393 [INFO ]  [12400/22926] | Loss: 69814.869 | PSNR: 7.966 | MSE: 0.69814869 | BPP: 1.9620 | QP: 63
2026-07-13 12:43:49,650 [INFO ]  [12450/22926] | Loss: 69816.311 | PSNR: 7.967 | MSE: 0.69816311 | BPP: 1.9618 | QP: 63
2026-07-13 12:43:54,839 [INFO ]  [12500/22926] | Loss: 69804.897 | PSNR: 7.970 | MSE: 0.69804897 | BPP: 1.9618 | QP: 63
2026-07-13 12:43:59,952 [INFO ]  [12550/22926] | Loss: 69803.423 | PSNR: 7.971 | MSE: 0.69803424 | BPP: 1.9617 | QP: 63
2026-07-13 12:44:05,093 [INFO ]  [12600/22926] | Loss: 69791.382 | PSNR: 7.973 | MSE: 0.69791382 | BPP: 1.9616 | QP: 63
2026-07-13 12:44:10,164 [INFO ]  [12650/22926] | Loss: 69795.278 | PSNR: 7.972 | MSE: 0.69795278 | BPP: 1.9617 | QP: 63
2026-07-13 12:44:15,265 [INFO ]  [12700/22926] | Loss: 69787.988 | PSNR: 7.973 | MSE: 0.69787988 | BPP: 1.9616 | QP: 63
2026-07-13 12:44:20,389 [INFO ]  [12750/22926] | Loss: 69797.217 | PSNR: 7.973 | MSE: 0.69797217 | BPP: 1.9614 | QP: 63
2026-07-13 12:44:25,539 [INFO ]  [12800/22926] | Loss: 69799.630 | PSNR: 7.971 | MSE: 0.69799630 | BPP: 1.9614 | QP: 63
2026-07-13 12:44:30,653 [INFO ]  [12850/22926] | Loss: 69801.292 | PSNR: 7.972 | MSE: 0.69801292 | BPP: 1.9614 | QP: 63
2026-07-13 12:44:35,703 [INFO ]  [12900/22926] | Loss: 69814.077 | PSNR: 7.970 | MSE: 0.69814077 | BPP: 1.9613 | QP: 63
2026-07-13 12:44:40,927 [INFO ]  [12950/22926] | Loss: 69820.194 | PSNR: 7.969 | MSE: 0.69820194 | BPP: 1.9613 | QP: 63
2026-07-13 12:44:46,212 [INFO ]  [13000/22926] | Loss: 69815.270 | PSNR: 7.968 | MSE: 0.69815270 | BPP: 1.9613 | QP: 63
2026-07-13 12:44:51,569 [INFO ]  [13050/22926] | Loss: 69809.643 | PSNR: 7.969 | MSE: 0.69809643 | BPP: 1.9613 | QP: 63
2026-07-13 12:44:56,642 [INFO ]  [13100/22926] | Loss: 69804.495 | PSNR: 7.970 | MSE: 0.69804495 | BPP: 1.9613 | QP: 63
2026-07-13 12:45:01,762 [INFO ]  [13150/22926] | Loss: 69804.995 | PSNR: 7.970 | MSE: 0.69804995 | BPP: 1.9614 | QP: 63
2026-07-13 12:45:06,933 [INFO ]  [13200/22926] | Loss: 69807.841 | PSNR: 7.970 | MSE: 0.69807841 | BPP: 1.9613 | QP: 63
2026-07-13 12:45:12,100 [INFO ]  [13250/22926] | Loss: 69806.741 | PSNR: 7.969 | MSE: 0.69806741 | BPP: 1.9613 | QP: 63
2026-07-13 12:45:17,315 [INFO ]  [13300/22926] | Loss: 69793.528 | PSNR: 7.972 | MSE: 0.69793528 | BPP: 1.9613 | QP: 63
2026-07-13 12:45:22,547 [INFO ]  [13350/22926] | Loss: 69806.702 | PSNR: 7.970 | MSE: 0.69806702 | BPP: 1.9613 | QP: 63
2026-07-13 12:45:27,704 [INFO ]  [13400/22926] | Loss: 69812.648 | PSNR: 7.968 | MSE: 0.69812648 | BPP: 1.9613 | QP: 63
2026-07-13 12:45:32,861 [INFO ]  [13450/22926] | Loss: 69813.681 | PSNR: 7.967 | MSE: 0.69813681 | BPP: 1.9612 | QP: 63
2026-07-13 12:45:38,034 [INFO ]  [13500/22926] | Loss: 69804.654 | PSNR: 7.969 | MSE: 0.69804654 | BPP: 1.9612 | QP: 63
2026-07-13 12:45:43,196 [INFO ]  [13550/22926] | Loss: 69806.234 | PSNR: 7.968 | MSE: 0.69806234 | BPP: 1.9612 | QP: 63
2026-07-13 12:45:48,295 [INFO ]  [13600/22926] | Loss: 69806.007 | PSNR: 7.968 | MSE: 0.69806007 | BPP: 1.9611 | QP: 63
2026-07-13 12:45:53,405 [INFO ]  [13650/22926] | Loss: 69809.234 | PSNR: 7.967 | MSE: 0.69809235 | BPP: 1.9612 | QP: 63
2026-07-13 12:45:58,418 [INFO ]  [13700/22926] | Loss: 69798.341 | PSNR: 7.969 | MSE: 0.69798341 | BPP: 1.9612 | QP: 63
2026-07-13 12:46:03,459 [INFO ]  [13750/22926] | Loss: 69798.294 | PSNR: 7.969 | MSE: 0.69798294 | BPP: 1.9612 | QP: 63
2026-07-13 12:46:08,515 [INFO ]  [13800/22926] | Loss: 69801.172 | PSNR: 7.969 | MSE: 0.69801172 | BPP: 1.9611 | QP: 63
2026-07-13 12:46:13,671 [INFO ]  [13850/22926] | Loss: 69800.306 | PSNR: 7.969 | MSE: 0.69800306 | BPP: 1.9612 | QP: 63
2026-07-13 12:46:18,807 [INFO ]  [13900/22926] | Loss: 69798.350 | PSNR: 7.969 | MSE: 0.69798350 | BPP: 1.9612 | QP: 63
2026-07-13 12:46:23,960 [INFO ]  [13950/22926] | Loss: 69788.322 | PSNR: 7.972 | MSE: 0.69788322 | BPP: 1.9611 | QP: 63
2026-07-13 12:46:29,059 [INFO ]  [14000/22926] | Loss: 69791.337 | PSNR: 7.972 | MSE: 0.69791337 | BPP: 1.9611 | QP: 63
2026-07-13 12:46:34,159 [INFO ]  [14050/22926] | Loss: 69789.575 | PSNR: 7.972 | MSE: 0.69789575 | BPP: 1.9611 | QP: 63
2026-07-13 12:46:39,288 [INFO ]  [14100/22926] | Loss: 69811.990 | PSNR: 7.969 | MSE: 0.69811990 | BPP: 1.9611 | QP: 63
2026-07-13 12:46:44,417 [INFO ]  [14150/22926] | Loss: 69808.752 | PSNR: 7.968 | MSE: 0.69808752 | BPP: 1.9611 | QP: 63
2026-07-13 12:46:49,510 [INFO ]  [14200/22926] | Loss: 69822.062 | PSNR: 7.966 | MSE: 0.69822062 | BPP: 1.9611 | QP: 63
2026-07-13 12:46:54,616 [INFO ]  [14250/22926] | Loss: 69820.656 | PSNR: 7.967 | MSE: 0.69820656 | BPP: 1.9611 | QP: 63
2026-07-13 12:46:59,702 [INFO ]  [14300/22926] | Loss: 69815.210 | PSNR: 7.967 | MSE: 0.69815210 | BPP: 1.9611 | QP: 63
2026-07-13 12:47:04,820 [INFO ]  [14350/22926] | Loss: 69804.851 | PSNR: 7.968 | MSE: 0.69804851 | BPP: 1.9611 | QP: 63
2026-07-13 12:47:09,939 [INFO ]  [14400/22926] | Loss: 69800.201 | PSNR: 7.970 | MSE: 0.69800201 | BPP: 1.9609 | QP: 63
2026-07-13 12:47:15,094 [INFO ]  [14450/22926] | Loss: 69806.329 | PSNR: 7.968 | MSE: 0.69806329 | BPP: 1.9610 | QP: 63
2026-07-13 12:47:20,232 [INFO ]  [14500/22926] | Loss: 69807.778 | PSNR: 7.969 | MSE: 0.69807778 | BPP: 1.9608 | QP: 63
2026-07-13 12:47:25,456 [INFO ]  [14550/22926] | Loss: 69798.336 | PSNR: 7.971 | MSE: 0.69798336 | BPP: 1.9608 | QP: 63
2026-07-13 12:47:30,662 [INFO ]  [14600/22926] | Loss: 69797.810 | PSNR: 7.971 | MSE: 0.69797810 | BPP: 1.9608 | QP: 63
2026-07-13 12:47:35,807 [INFO ]  [14650/22926] | Loss: 69788.296 | PSNR: 7.973 | MSE: 0.69788296 | BPP: 1.9607 | QP: 63
2026-07-13 12:47:40,946 [INFO ]  [14700/22926] | Loss: 69784.877 | PSNR: 7.973 | MSE: 0.69784877 | BPP: 1.9607 | QP: 63
2026-07-13 12:47:46,037 [INFO ]  [14750/22926] | Loss: 69782.387 | PSNR: 7.972 | MSE: 0.69782387 | BPP: 1.9608 | QP: 63
2026-07-13 12:47:51,228 [INFO ]  [14800/22926] | Loss: 69786.255 | PSNR: 7.970 | MSE: 0.69786255 | BPP: 1.9608 | QP: 63
2026-07-13 12:47:56,590 [INFO ]  [14850/22926] | Loss: 69806.562 | PSNR: 7.967 | MSE: 0.69806562 | BPP: 1.9608 | QP: 63
2026-07-13 12:48:01,733 [INFO ]  [14900/22926] | Loss: 69809.774 | PSNR: 7.967 | MSE: 0.69809774 | BPP: 1.9608 | QP: 63
2026-07-13 12:48:06,854 [INFO ]  [14950/22926] | Loss: 69811.620 | PSNR: 7.967 | MSE: 0.69811620 | BPP: 1.9607 | QP: 63
2026-07-13 12:48:11,917 [INFO ]  [15000/22926] | Loss: 69815.749 | PSNR: 7.967 | MSE: 0.69815749 | BPP: 1.9607 | QP: 63
2026-07-13 12:48:17,022 [INFO ]  [15050/22926] | Loss: 69818.114 | PSNR: 7.967 | MSE: 0.69818114 | BPP: 1.9606 | QP: 63
2026-07-13 12:48:22,113 [INFO ]  [15100/22926] | Loss: 69820.365 | PSNR: 7.966 | MSE: 0.69820365 | BPP: 1.9606 | QP: 63
2026-07-13 12:48:27,110 [INFO ]  [15150/22926] | Loss: 69832.942 | PSNR: 7.963 | MSE: 0.69832942 | BPP: 1.9607 | QP: 63
2026-07-13 12:48:32,024 [INFO ]  [15200/22926] | Loss: 69836.517 | PSNR: 7.962 | MSE: 0.69836517 | BPP: 1.9607 | QP: 63
2026-07-13 12:48:37,049 [INFO ]  [15250/22926] | Loss: 69836.326 | PSNR: 7.963 | MSE: 0.69836326 | BPP: 1.9606 | QP: 63
2026-07-13 12:48:42,054 [INFO ]  [15300/22926] | Loss: 69834.005 | PSNR: 7.963 | MSE: 0.69834005 | BPP: 1.9606 | QP: 63
2026-07-13 12:48:47,244 [INFO ]  [15350/22926] | Loss: 69836.813 | PSNR: 7.961 | MSE: 0.69836813 | BPP: 1.9607 | QP: 63
2026-07-13 12:48:52,342 [INFO ]  [15400/22926] | Loss: 69828.812 | PSNR: 7.962 | MSE: 0.69828812 | BPP: 1.9606 | QP: 63
2026-07-13 12:48:57,492 [INFO ]  [15450/22926] | Loss: 69826.027 | PSNR: 7.963 | MSE: 0.69826027 | BPP: 1.9605 | QP: 63
2026-07-13 12:49:02,636 [INFO ]  [15500/22926] | Loss: 69822.194 | PSNR: 7.963 | MSE: 0.69822194 | BPP: 1.9606 | QP: 63
2026-07-13 12:49:07,740 [INFO ]  [15550/22926] | Loss: 69819.770 | PSNR: 7.963 | MSE: 0.69819770 | BPP: 1.9606 | QP: 63
2026-07-13 12:49:12,923 [INFO ]  [15600/22926] | Loss: 69816.072 | PSNR: 7.964 | MSE: 0.69816072 | BPP: 1.9606 | QP: 63
2026-07-13 12:49:18,091 [INFO ]  [15650/22926] | Loss: 69826.179 | PSNR: 7.962 | MSE: 0.69826179 | BPP: 1.9606 | QP: 63
2026-07-13 12:49:23,182 [INFO ]  [15700/22926] | Loss: 69827.898 | PSNR: 7.961 | MSE: 0.69827898 | BPP: 1.9607 | QP: 63
2026-07-13 12:49:28,212 [INFO ]  [15750/22926] | Loss: 69836.807 | PSNR: 7.959 | MSE: 0.69836807 | BPP: 1.9606 | QP: 63
2026-07-13 12:49:33,346 [INFO ]  [15800/22926] | Loss: 69830.454 | PSNR: 7.960 | MSE: 0.69830454 | BPP: 1.9606 | QP: 63
2026-07-13 12:49:38,363 [INFO ]  [15850/22926] | Loss: 69835.987 | PSNR: 7.959 | MSE: 0.69835987 | BPP: 1.9606 | QP: 63
2026-07-13 12:49:43,553 [INFO ]  [15900/22926] | Loss: 69832.786 | PSNR: 7.959 | MSE: 0.69832786 | BPP: 1.9606 | QP: 63
2026-07-13 12:49:48,660 [INFO ]  [15950/22926] | Loss: 69822.761 | PSNR: 7.961 | MSE: 0.69822761 | BPP: 1.9606 | QP: 63
2026-07-13 12:49:53,766 [INFO ]  [16000/22926] | Loss: 69833.886 | PSNR: 7.959 | MSE: 0.69833886 | BPP: 1.9606 | QP: 63
2026-07-13 12:49:58,951 [INFO ]  [16050/22926] | Loss: 69828.382 | PSNR: 7.960 | MSE: 0.69828382 | BPP: 1.9606 | QP: 63
2026-07-13 12:50:03,999 [INFO ]  [16100/22926] | Loss: 69826.722 | PSNR: 7.960 | MSE: 0.69826722 | BPP: 1.9606 | QP: 63
2026-07-13 12:50:09,058 [INFO ]  [16150/22926] | Loss: 69839.863 | PSNR: 7.958 | MSE: 0.69839863 | BPP: 1.9606 | QP: 63
2026-07-13 12:50:14,145 [INFO ]  [16200/22926] | Loss: 69835.113 | PSNR: 7.957 | MSE: 0.69835113 | BPP: 1.9606 | QP: 63
2026-07-13 12:50:19,252 [INFO ]  [16250/22926] | Loss: 69823.038 | PSNR: 7.960 | MSE: 0.69823038 | BPP: 1.9604 | QP: 63
2026-07-13 12:50:24,320 [INFO ]  [16300/22926] | Loss: 69836.895 | PSNR: 7.958 | MSE: 0.69836895 | BPP: 1.9605 | QP: 63
2026-07-13 12:50:29,395 [INFO ]  [16350/22926] | Loss: 69836.556 | PSNR: 7.958 | MSE: 0.69836556 | BPP: 1.9605 | QP: 63
2026-07-13 12:50:34,415 [INFO ]  [16400/22926] | Loss: 69837.770 | PSNR: 7.958 | MSE: 0.69837770 | BPP: 1.9605 | QP: 63
2026-07-13 12:50:39,497 [INFO ]  [16450/22926] | Loss: 69833.213 | PSNR: 7.957 | MSE: 0.69833213 | BPP: 1.9606 | QP: 63
2026-07-13 12:50:44,590 [INFO ]  [16500/22926] | Loss: 69838.269 | PSNR: 7.957 | MSE: 0.69838269 | BPP: 1.9606 | QP: 63
2026-07-13 12:50:49,904 [INFO ]  [16550/22926] | Loss: 69834.901 | PSNR: 7.957 | MSE: 0.69834901 | BPP: 1.9606 | QP: 63
2026-07-13 12:50:54,944 [INFO ]  [16600/22926] | Loss: 69832.243 | PSNR: 7.958 | MSE: 0.69832243 | BPP: 1.9606 | QP: 63
2026-07-13 12:51:00,269 [INFO ]  [16650/22926] | Loss: 69835.889 | PSNR: 7.958 | MSE: 0.69835889 | BPP: 1.9605 | QP: 63
2026-07-13 12:51:05,318 [INFO ]  [16700/22926] | Loss: 69835.928 | PSNR: 7.959 | MSE: 0.69835928 | BPP: 1.9605 | QP: 63
2026-07-13 12:51:10,377 [INFO ]  [16750/22926] | Loss: 69835.908 | PSNR: 7.959 | MSE: 0.69835908 | BPP: 1.9605 | QP: 63
2026-07-13 12:51:15,422 [INFO ]  [16800/22926] | Loss: 69843.942 | PSNR: 7.958 | MSE: 0.69843942 | BPP: 1.9605 | QP: 63
2026-07-13 12:51:20,452 [INFO ]  [16850/22926] | Loss: 69836.592 | PSNR: 7.959 | MSE: 0.69836592 | BPP: 1.9605 | QP: 63
2026-07-13 12:51:25,571 [INFO ]  [16900/22926] | Loss: 69848.955 | PSNR: 7.957 | MSE: 0.69848955 | BPP: 1.9605 | QP: 63
2026-07-13 12:51:30,733 [INFO ]  [16950/22926] | Loss: 69848.100 | PSNR: 7.956 | MSE: 0.69848100 | BPP: 1.9605 | QP: 63
2026-07-13 12:51:35,861 [INFO ]  [17000/22926] | Loss: 69846.913 | PSNR: 7.956 | MSE: 0.69846913 | BPP: 1.9605 | QP: 63
2026-07-13 12:51:40,969 [INFO ]  [17050/22926] | Loss: 69865.908 | PSNR: 7.952 | MSE: 0.69865908 | BPP: 1.9605 | QP: 63
2026-07-13 12:51:46,076 [INFO ]  [17100/22926] | Loss: 69860.536 | PSNR: 7.953 | MSE: 0.69860536 | BPP: 1.9605 | QP: 63
2026-07-13 12:51:51,195 [INFO ]  [17150/22926] | Loss: 69865.687 | PSNR: 7.953 | MSE: 0.69865687 | BPP: 1.9605 | QP: 63
2026-07-13 12:51:56,306 [INFO ]  [17200/22926] | Loss: 69865.420 | PSNR: 7.953 | MSE: 0.69865420 | BPP: 1.9605 | QP: 63
2026-07-13 12:52:01,363 [INFO ]  [17250/22926] | Loss: 69860.378 | PSNR: 7.954 | MSE: 0.69860378 | BPP: 1.9605 | QP: 63
2026-07-13 12:52:06,486 [INFO ]  [17300/22926] | Loss: 69858.575 | PSNR: 7.955 | MSE: 0.69858575 | BPP: 1.9605 | QP: 63
2026-07-13 12:52:11,593 [INFO ]  [17350/22926] | Loss: 69865.890 | PSNR: 7.954 | MSE: 0.69865890 | BPP: 1.9605 | QP: 63
2026-07-13 12:52:16,750 [INFO ]  [17400/22926] | Loss: 69864.554 | PSNR: 7.954 | MSE: 0.69864554 | BPP: 1.9605 | QP: 63
2026-07-13 12:52:21,953 [INFO ]  [17450/22926] | Loss: 69861.838 | PSNR: 7.954 | MSE: 0.69861838 | BPP: 1.9604 | QP: 63
2026-07-13 12:52:27,254 [INFO ]  [17500/22926] | Loss: 69875.412 | PSNR: 7.952 | MSE: 0.69875412 | BPP: 1.9605 | QP: 63
2026-07-13 12:52:32,549 [INFO ]  [17550/22926] | Loss: 69871.611 | PSNR: 7.953 | MSE: 0.69871611 | BPP: 1.9604 | QP: 63
2026-07-13 12:52:37,789 [INFO ]  [17600/22926] | Loss: 69872.809 | PSNR: 7.953 | MSE: 0.69872809 | BPP: 1.9604 | QP: 63
2026-07-13 12:52:42,977 [INFO ]  [17650/22926] | Loss: 69873.769 | PSNR: 7.953 | MSE: 0.69873769 | BPP: 1.9604 | QP: 63
2026-07-13 12:52:48,187 [INFO ]  [17700/22926] | Loss: 69871.696 | PSNR: 7.953 | MSE: 0.69871696 | BPP: 1.9604 | QP: 63
2026-07-13 12:52:53,343 [INFO ]  [17750/22926] | Loss: 69876.292 | PSNR: 7.953 | MSE: 0.69876292 | BPP: 1.9604 | QP: 63
2026-07-13 12:52:58,453 [INFO ]  [17800/22926] | Loss: 69870.661 | PSNR: 7.954 | MSE: 0.69870661 | BPP: 1.9604 | QP: 63
2026-07-13 12:53:03,552 [INFO ]  [17850/22926] | Loss: 69871.726 | PSNR: 7.953 | MSE: 0.69871726 | BPP: 1.9604 | QP: 63
2026-07-13 12:53:08,714 [INFO ]  [17900/22926] | Loss: 69872.703 | PSNR: 7.952 | MSE: 0.69872703 | BPP: 1.9604 | QP: 63
2026-07-13 12:53:13,855 [INFO ]  [17950/22926] | Loss: 69868.502 | PSNR: 7.953 | MSE: 0.69868502 | BPP: 1.9604 | QP: 63
2026-07-13 12:53:19,007 [INFO ]  [18000/22926] | Loss: 69868.855 | PSNR: 7.953 | MSE: 0.69868855 | BPP: 1.9604 | QP: 63
2026-07-13 12:53:24,193 [INFO ]  [18050/22926] | Loss: 69866.361 | PSNR: 7.953 | MSE: 0.69866361 | BPP: 1.9604 | QP: 63
2026-07-13 12:53:29,352 [INFO ]  [18100/22926] | Loss: 69868.504 | PSNR: 7.952 | MSE: 0.69868504 | BPP: 1.9604 | QP: 63
2026-07-13 12:53:34,571 [INFO ]  [18150/22926] | Loss: 69867.304 | PSNR: 7.952 | MSE: 0.69867304 | BPP: 1.9604 | QP: 63
2026-07-13 12:53:39,706 [INFO ]  [18200/22926] | Loss: 69869.661 | PSNR: 7.951 | MSE: 0.69869661 | BPP: 1.9604 | QP: 63
2026-07-13 12:53:44,816 [INFO ]  [18250/22926] | Loss: 69869.514 | PSNR: 7.951 | MSE: 0.69869514 | BPP: 1.9604 | QP: 63
2026-07-13 12:53:49,912 [INFO ]  [18300/22926] | Loss: 69869.078 | PSNR: 7.952 | MSE: 0.69869078 | BPP: 1.9603 | QP: 63
2026-07-13 12:53:55,119 [INFO ]  [18350/22926] | Loss: 69872.444 | PSNR: 7.952 | MSE: 0.69872444 | BPP: 1.9603 | QP: 63
2026-07-13 12:54:00,240 [INFO ]  [18400/22926] | Loss: 69869.604 | PSNR: 7.953 | MSE: 0.69869604 | BPP: 1.9602 | QP: 63
2026-07-13 12:54:05,611 [INFO ]  [18450/22926] | Loss: 69870.606 | PSNR: 7.953 | MSE: 0.69870606 | BPP: 1.9602 | QP: 63
2026-07-13 12:54:10,674 [INFO ]  [18500/22926] | Loss: 69880.899 | PSNR: 7.951 | MSE: 0.69880899 | BPP: 1.9603 | QP: 63
2026-07-13 12:54:15,768 [INFO ]  [18550/22926] | Loss: 69871.471 | PSNR: 7.953 | MSE: 0.69871471 | BPP: 1.9602 | QP: 63
2026-07-13 12:54:20,735 [INFO ]  [18600/22926] | Loss: 69867.910 | PSNR: 7.953 | MSE: 0.69867910 | BPP: 1.9602 | QP: 63
2026-07-13 12:54:25,769 [INFO ]  [18650/22926] | Loss: 69865.870 | PSNR: 7.952 | MSE: 0.69865870 | BPP: 1.9602 | QP: 63
2026-07-13 12:54:30,918 [INFO ]  [18700/22926] | Loss: 69871.705 | PSNR: 7.951 | MSE: 0.69871705 | BPP: 1.9602 | QP: 63
2026-07-13 12:54:36,016 [INFO ]  [18750/22926] | Loss: 69867.807 | PSNR: 7.952 | MSE: 0.69867807 | BPP: 1.9603 | QP: 63
2026-07-13 12:54:41,049 [INFO ]  [18800/22926] | Loss: 69863.012 | PSNR: 7.953 | MSE: 0.69863012 | BPP: 1.9602 | QP: 63
2026-07-13 12:54:46,089 [INFO ]  [18850/22926] | Loss: 69868.736 | PSNR: 7.952 | MSE: 0.69868736 | BPP: 1.9602 | QP: 63
2026-07-13 12:54:51,097 [INFO ]  [18900/22926] | Loss: 69861.482 | PSNR: 7.953 | MSE: 0.69861482 | BPP: 1.9602 | QP: 63
2026-07-13 12:54:55,958 [INFO ]  [18950/22926] | Loss: 69862.870 | PSNR: 7.952 | MSE: 0.69862870 | BPP: 1.9602 | QP: 63
2026-07-13 12:55:01,074 [INFO ]  [19000/22926] | Loss: 69854.692 | PSNR: 7.954 | MSE: 0.69854692 | BPP: 1.9601 | QP: 63
2026-07-13 12:55:06,205 [INFO ]  [19050/22926] | Loss: 69851.315 | PSNR: 7.955 | MSE: 0.69851315 | BPP: 1.9600 | QP: 63
2026-07-13 12:55:11,332 [INFO ]  [19100/22926] | Loss: 69857.127 | PSNR: 7.953 | MSE: 0.69857127 | BPP: 1.9600 | QP: 63
2026-07-13 12:55:16,454 [INFO ]  [19150/22926] | Loss: 69866.447 | PSNR: 7.951 | MSE: 0.69866447 | BPP: 1.9601 | QP: 63
2026-07-13 12:55:21,609 [INFO ]  [19200/22926] | Loss: 69862.818 | PSNR: 7.952 | MSE: 0.69862818 | BPP: 1.9600 | QP: 63
2026-07-13 12:55:26,748 [INFO ]  [19250/22926] | Loss: 69862.978 | PSNR: 7.952 | MSE: 0.69862978 | BPP: 1.9600 | QP: 63
2026-07-13 12:55:31,825 [INFO ]  [19300/22926] | Loss: 69868.915 | PSNR: 7.950 | MSE: 0.69868915 | BPP: 1.9601 | QP: 63
2026-07-13 12:55:36,918 [INFO ]  [19350/22926] | Loss: 69866.909 | PSNR: 7.950 | MSE: 0.69866909 | BPP: 1.9601 | QP: 63
2026-07-13 12:55:41,869 [INFO ]  [19400/22926] | Loss: 69870.081 | PSNR: 7.949 | MSE: 0.69870081 | BPP: 1.9601 | QP: 63
2026-07-13 12:55:46,945 [INFO ]  [19450/22926] | Loss: 69866.785 | PSNR: 7.949 | MSE: 0.69866785 | BPP: 1.9600 | QP: 63
2026-07-13 12:55:52,025 [INFO ]  [19500/22926] | Loss: 69861.810 | PSNR: 7.950 | MSE: 0.69861810 | BPP: 1.9600 | QP: 63
2026-07-13 12:55:57,138 [INFO ]  [19550/22926] | Loss: 69862.155 | PSNR: 7.949 | MSE: 0.69862155 | BPP: 1.9601 | QP: 63
2026-07-13 12:56:02,277 [INFO ]  [19600/22926] | Loss: 69863.523 | PSNR: 7.949 | MSE: 0.69863523 | BPP: 1.9600 | QP: 63
2026-07-13 12:56:07,477 [INFO ]  [19650/22926] | Loss: 69858.319 | PSNR: 7.950 | MSE: 0.69858319 | BPP: 1.9599 | QP: 63
2026-07-13 12:56:12,694 [INFO ]  [19700/22926] | Loss: 69856.727 | PSNR: 7.950 | MSE: 0.69856727 | BPP: 1.9600 | QP: 63
2026-07-13 12:56:17,798 [INFO ]  [19750/22926] | Loss: 69859.844 | PSNR: 7.950 | MSE: 0.69859844 | BPP: 1.9600 | QP: 63
2026-07-13 12:56:22,867 [INFO ]  [19800/22926] | Loss: 69852.576 | PSNR: 7.952 | MSE: 0.69852576 | BPP: 1.9599 | QP: 63
2026-07-13 12:56:27,933 [INFO ]  [19850/22926] | Loss: 69841.541 | PSNR: 7.954 | MSE: 0.69841541 | BPP: 1.9598 | QP: 63
2026-07-13 12:56:32,981 [INFO ]  [19900/22926] | Loss: 69847.378 | PSNR: 7.953 | MSE: 0.69847378 | BPP: 1.9598 | QP: 63
2026-07-13 12:56:37,951 [INFO ]  [19950/22926] | Loss: 69857.327 | PSNR: 7.953 | MSE: 0.69857327 | BPP: 1.9598 | QP: 63
2026-07-13 12:56:42,936 [INFO ]  [20000/22926] | Loss: 69856.385 | PSNR: 7.954 | MSE: 0.69856385 | BPP: 1.9597 | QP: 63
2026-07-13 12:56:48,087 [INFO ]  [20050/22926] | Loss: 69855.493 | PSNR: 7.954 | MSE: 0.69855493 | BPP: 1.9597 | QP: 63
2026-07-13 12:56:53,159 [INFO ]  [20100/22926] | Loss: 69858.330 | PSNR: 7.953 | MSE: 0.69858330 | BPP: 1.9598 | QP: 63
2026-07-13 12:56:58,275 [INFO ]  [20150/22926] | Loss: 69859.389 | PSNR: 7.952 | MSE: 0.69859389 | BPP: 1.9598 | QP: 63
2026-07-13 12:57:03,515 [INFO ]  [20200/22926] | Loss: 69853.907 | PSNR: 7.953 | MSE: 0.69853907 | BPP: 1.9596 | QP: 63
2026-07-13 12:57:08,704 [INFO ]  [20250/22926] | Loss: 69852.034 | PSNR: 7.954 | MSE: 0.69852034 | BPP: 1.9596 | QP: 63
2026-07-13 12:57:13,724 [INFO ]  [20300/22926] | Loss: 69850.541 | PSNR: 7.954 | MSE: 0.69850541 | BPP: 1.9596 | QP: 63
2026-07-13 12:57:18,712 [INFO ]  [20350/22926] | Loss: 69860.115 | PSNR: 7.952 | MSE: 0.69860115 | BPP: 1.9596 | QP: 63
2026-07-13 12:57:23,727 [INFO ]  [20400/22926] | Loss: 69861.200 | PSNR: 7.953 | MSE: 0.69861200 | BPP: 1.9596 | QP: 63
2026-07-13 12:57:28,796 [INFO ]  [20450/22926] | Loss: 69853.245 | PSNR: 7.954 | MSE: 0.69853245 | BPP: 1.9596 | QP: 63
2026-07-13 12:57:33,843 [INFO ]  [20500/22926] | Loss: 69851.862 | PSNR: 7.955 | MSE: 0.69851862 | BPP: 1.9596 | QP: 63
2026-07-13 12:57:38,940 [INFO ]  [20550/22926] | Loss: 69854.859 | PSNR: 7.954 | MSE: 0.69854859 | BPP: 1.9595 | QP: 63
2026-07-13 12:57:44,005 [INFO ]  [20600/22926] | Loss: 69850.477 | PSNR: 7.954 | MSE: 0.69850477 | BPP: 1.9595 | QP: 63
2026-07-13 12:57:49,146 [INFO ]  [20650/22926] | Loss: 69849.010 | PSNR: 7.954 | MSE: 0.69849010 | BPP: 1.9595 | QP: 63
2026-07-13 12:57:54,197 [INFO ]  [20700/22926] | Loss: 69848.101 | PSNR: 7.955 | MSE: 0.69848101 | BPP: 1.9594 | QP: 63
2026-07-13 12:57:59,367 [INFO ]  [20750/22926] | Loss: 69853.848 | PSNR: 7.955 | MSE: 0.69853848 | BPP: 1.9593 | QP: 63
2026-07-13 12:58:04,420 [INFO ]  [20800/22926] | Loss: 69855.395 | PSNR: 7.955 | MSE: 0.69855395 | BPP: 1.9593 | QP: 63
2026-07-13 12:58:09,485 [INFO ]  [20850/22926] | Loss: 69856.084 | PSNR: 7.954 | MSE: 0.69856084 | BPP: 1.9594 | QP: 63
2026-07-13 12:58:14,368 [INFO ]  [20900/22926] | Loss: 69854.587 | PSNR: 7.954 | MSE: 0.69854587 | BPP: 1.9594 | QP: 63
2026-07-13 12:58:19,335 [INFO ]  [20950/22926] | Loss: 69852.927 | PSNR: 7.955 | MSE: 0.69852928 | BPP: 1.9593 | QP: 63
2026-07-13 12:58:24,425 [INFO ]  [21000/22926] | Loss: 69853.614 | PSNR: 7.955 | MSE: 0.69853614 | BPP: 1.9593 | QP: 63
2026-07-13 12:58:29,480 [INFO ]  [21050/22926] | Loss: 69856.163 | PSNR: 7.955 | MSE: 0.69856163 | BPP: 1.9592 | QP: 63
2026-07-13 12:58:34,493 [INFO ]  [21100/22926] | Loss: 69852.456 | PSNR: 7.955 | MSE: 0.69852456 | BPP: 1.9592 | QP: 63
2026-07-13 12:58:39,619 [INFO ]  [21150/22926] | Loss: 69853.782 | PSNR: 7.954 | MSE: 0.69853782 | BPP: 1.9593 | QP: 63
2026-07-13 12:58:44,766 [INFO ]  [21200/22926] | Loss: 69851.199 | PSNR: 7.954 | MSE: 0.69851199 | BPP: 1.9593 | QP: 63
2026-07-13 12:58:49,839 [INFO ]  [21250/22926] | Loss: 69845.705 | PSNR: 7.955 | MSE: 0.69845705 | BPP: 1.9592 | QP: 63
2026-07-13 12:58:54,959 [INFO ]  [21300/22926] | Loss: 69842.514 | PSNR: 7.955 | MSE: 0.69842514 | BPP: 1.9592 | QP: 63
2026-07-13 12:59:00,031 [INFO ]  [21350/22926] | Loss: 69846.343 | PSNR: 7.954 | MSE: 0.69846343 | BPP: 1.9593 | QP: 63
2026-07-13 12:59:05,103 [INFO ]  [21400/22926] | Loss: 69850.064 | PSNR: 7.954 | MSE: 0.69850064 | BPP: 1.9593 | QP: 63
2026-07-13 12:59:10,061 [INFO ]  [21450/22926] | Loss: 69842.116 | PSNR: 7.955 | MSE: 0.69842116 | BPP: 1.9593 | QP: 63
2026-07-13 12:59:14,995 [INFO ]  [21500/22926] | Loss: 69843.325 | PSNR: 7.955 | MSE: 0.69843325 | BPP: 1.9593 | QP: 63
2026-07-13 12:59:20,038 [INFO ]  [21550/22926] | Loss: 69847.089 | PSNR: 7.953 | MSE: 0.69847089 | BPP: 1.9592 | QP: 63
2026-07-13 12:59:25,194 [INFO ]  [21600/22926] | Loss: 69841.211 | PSNR: 7.953 | MSE: 0.69841211 | BPP: 1.9593 | QP: 63
2026-07-13 12:59:30,175 [INFO ]  [21650/22926] | Loss: 69834.533 | PSNR: 7.955 | MSE: 0.69834533 | BPP: 1.9592 | QP: 63
2026-07-13 12:59:35,064 [INFO ]  [21700/22926] | Loss: 69837.646 | PSNR: 7.954 | MSE: 0.69837646 | BPP: 1.9592 | QP: 63
2026-07-13 12:59:40,119 [INFO ]  [21750/22926] | Loss: 69841.561 | PSNR: 7.954 | MSE: 0.69841561 | BPP: 1.9591 | QP: 63
2026-07-13 12:59:45,205 [INFO ]  [21800/22926] | Loss: 69835.950 | PSNR: 7.955 | MSE: 0.69835950 | BPP: 1.9591 | QP: 63
2026-07-13 12:59:50,330 [INFO ]  [21850/22926] | Loss: 69834.231 | PSNR: 7.955 | MSE: 0.69834231 | BPP: 1.9591 | QP: 63
2026-07-13 12:59:55,444 [INFO ]  [21900/22926] | Loss: 69828.220 | PSNR: 7.956 | MSE: 0.69828220 | BPP: 1.9590 | QP: 63
2026-07-13 13:00:00,557 [INFO ]  [21950/22926] | Loss: 69821.865 | PSNR: 7.957 | MSE: 0.69821865 | BPP: 1.9590 | QP: 63
2026-07-13 13:00:05,793 [INFO ]  [22000/22926] | Loss: 69819.452 | PSNR: 7.957 | MSE: 0.69819452 | BPP: 1.9589 | QP: 63
2026-07-13 13:00:10,939 [INFO ]  [22050/22926] | Loss: 69827.072 | PSNR: 7.956 | MSE: 0.69827072 | BPP: 1.9590 | QP: 63
2026-07-13 13:00:16,110 [INFO ]  [22100/22926] | Loss: 69830.849 | PSNR: 7.955 | MSE: 0.69830849 | BPP: 1.9590 | QP: 63
2026-07-13 13:00:21,262 [INFO ]  [22150/22926] | Loss: 69836.605 | PSNR: 7.954 | MSE: 0.69836605 | BPP: 1.9590 | QP: 63
2026-07-13 13:00:26,382 [INFO ]  [22200/22926] | Loss: 69831.527 | PSNR: 7.954 | MSE: 0.69831527 | BPP: 1.9590 | QP: 63
2026-07-13 13:00:31,470 [INFO ]  [22250/22926] | Loss: 69833.296 | PSNR: 7.954 | MSE: 0.69833296 | BPP: 1.9590 | QP: 63
2026-07-13 13:00:36,598 [INFO ]  [22300/22926] | Loss: 69834.536 | PSNR: 7.954 | MSE: 0.69834536 | BPP: 1.9589 | QP: 63
2026-07-13 13:00:41,723 [INFO ]  [22350/22926] | Loss: 69839.728 | PSNR: 7.954 | MSE: 0.69839728 | BPP: 1.9589 | QP: 63
2026-07-13 13:00:46,808 [INFO ]  [22400/22926] | Loss: 69838.697 | PSNR: 7.954 | MSE: 0.69838697 | BPP: 1.9590 | QP: 63
2026-07-13 13:00:51,850 [INFO ]  [22450/22926] | Loss: 69841.117 | PSNR: 7.954 | MSE: 0.69841117 | BPP: 1.9589 | QP: 63
2026-07-13 13:00:56,937 [INFO ]  [22500/22926] | Loss: 69837.476 | PSNR: 7.954 | MSE: 0.69837476 | BPP: 1.9589 | QP: 63
2026-07-13 13:01:02,063 [INFO ]  [22550/22926] | Loss: 69833.457 | PSNR: 7.955 | MSE: 0.69833457 | BPP: 1.9589 | QP: 63
2026-07-13 13:01:07,095 [INFO ]  [22600/22926] | Loss: 69841.574 | PSNR: 7.953 | MSE: 0.69841574 | BPP: 1.9589 | QP: 63
2026-07-13 13:01:12,223 [INFO ]  [22650/22926] | Loss: 69847.142 | PSNR: 7.953 | MSE: 0.69847142 | BPP: 1.9588 | QP: 63
2026-07-13 13:01:17,293 [INFO ]  [22700/22926] | Loss: 69852.740 | PSNR: 7.952 | MSE: 0.69852740 | BPP: 1.9588 | QP: 63
2026-07-13 13:01:22,414 [INFO ]  [22750/22926] | Loss: 69849.767 | PSNR: 7.953 | MSE: 0.69849767 | BPP: 1.9588 | QP: 63
2026-07-13 13:01:27,543 [INFO ]  [22800/22926] | Loss: 69861.904 | PSNR: 7.951 | MSE: 0.69861904 | BPP: 1.9588 | QP: 63
2026-07-13 13:01:32,646 [INFO ]  [22850/22926] | Loss: 69859.665 | PSNR: 7.952 | MSE: 0.69859665 | BPP: 1.9588 | QP: 63
2026-07-13 13:01:37,685 [INFO ]  [22900/22926] | Loss: 69860.748 | PSNR: 7.951 | MSE: 0.69860748 | BPP: 1.9588 | QP: 63
2026-07-13 13:01:40,008 [INFO ]  Train epoch 1: Loss: 69927.906 | PSNR: 7.927 | MSE: 0.69927906 | BPP: 1.9592
2026-07-13 13:01:40,009 [INFO ]  No test_filelist is set; using train loss for checkpoint selection.
2026-07-13 13:01:40,748 [INFO ]  Global step updated to: 45852
2026-07-13 13:01:40,749 [INFO ]  ====== Current epoch 2 ======
2026-07-13 13:01:40,749 [INFO ]  Learning rate: 0.0001
2026-07-13 13:01:40,958 [INFO ]  [0/22926] | Loss: 58177.133 | PSNR: 8.950 | MSE: 0.58177131 | BPP: 1.9835 | QP: 63
2026-07-13 13:01:46,036 [INFO ]  [50/22926] | Loss: 68785.691 | PSNR: 7.982 | MSE: 0.68785691 | BPP: 1.9539 | QP: 63
2026-07-13 13:01:51,075 [INFO ]  [100/22926] | Loss: 70027.198 | PSNR: 7.755 | MSE: 0.70027198 | BPP: 1.9525 | QP: 63
2026-07-13 13:01:56,164 [INFO ]  [150/22926] | Loss: 70472.231 | PSNR: 7.711 | MSE: 0.70472231 | BPP: 1.9597 | QP: 63
2026-07-13 13:02:01,285 [INFO ]  [200/22926] | Loss: 70367.544 | PSNR: 7.786 | MSE: 0.70367544 | BPP: 1.9587 | QP: 63
2026-07-13 13:02:06,438 [INFO ]  [250/22926] | Loss: 69527.614 | PSNR: 7.941 | MSE: 0.69527614 | BPP: 1.9555 | QP: 63
2026-07-13 13:02:11,601 [INFO ]  [300/22926] | Loss: 69742.483 | PSNR: 7.880 | MSE: 0.69742483 | BPP: 1.9558 | QP: 63
2026-07-13 13:02:16,729 [INFO ]  [350/22926] | Loss: 69512.518 | PSNR: 7.950 | MSE: 0.69512518 | BPP: 1.9541 | QP: 63
2026-07-13 13:02:21,823 [INFO ]  [400/22926] | Loss: 69294.718 | PSNR: 7.963 | MSE: 0.69294718 | BPP: 1.9543 | QP: 63
2026-07-13 13:02:26,920 [INFO ]  [450/22926] | Loss: 69365.181 | PSNR: 7.961 | MSE: 0.69365181 | BPP: 1.9519 | QP: 63
2026-07-13 13:02:32,078 [INFO ]  [500/22926] | Loss: 69329.171 | PSNR: 7.948 | MSE: 0.69329171 | BPP: 1.9524 | QP: 63
2026-07-13 13:02:37,146 [INFO ]  [550/22926] | Loss: 69212.076 | PSNR: 7.971 | MSE: 0.69212076 | BPP: 1.9514 | QP: 63
2026-07-13 13:02:42,252 [INFO ]  [600/22926] | Loss: 69231.332 | PSNR: 7.978 | MSE: 0.69231332 | BPP: 1.9508 | QP: 63
2026-07-13 13:02:47,387 [INFO ]  [650/22926] | Loss: 69050.528 | PSNR: 7.991 | MSE: 0.69050528 | BPP: 1.9502 | QP: 63
2026-07-13 13:02:52,588 [INFO ]  [700/22926] | Loss: 68959.268 | PSNR: 7.994 | MSE: 0.68959268 | BPP: 1.9508 | QP: 63
2026-07-13 13:02:57,818 [INFO ]  [750/22926] | Loss: 69052.946 | PSNR: 7.972 | MSE: 0.69052946 | BPP: 1.9506 | QP: 63
2026-07-13 13:03:02,919 [INFO ]  [800/22926] | Loss: 68980.687 | PSNR: 8.004 | MSE: 0.68980687 | BPP: 1.9485 | QP: 63
2026-07-13 13:03:08,098 [INFO ]  [850/22926] | Loss: 68988.807 | PSNR: 8.008 | MSE: 0.68988807 | BPP: 1.9491 | QP: 63
2026-07-13 13:03:13,514 [INFO ]  [900/22926] | Loss: 69042.309 | PSNR: 7.998 | MSE: 0.69042309 | BPP: 1.9501 | QP: 63
2026-07-13 13:03:18,648 [INFO ]  [950/22926] | Loss: 68949.496 | PSNR: 7.997 | MSE: 0.68949496 | BPP: 1.9513 | QP: 63
2026-07-13 13:03:23,814 [INFO ]  [1000/22926] | Loss: 68879.015 | PSNR: 8.008 | MSE: 0.68879015 | BPP: 1.9520 | QP: 63
2026-07-13 13:03:28,901 [INFO ]  [1050/22926] | Loss: 69019.764 | PSNR: 7.989 | MSE: 0.69019764 | BPP: 1.9523 | QP: 63
2026-07-13 13:03:33,969 [INFO ]  [1100/22926] | Loss: 68994.897 | PSNR: 7.990 | MSE: 0.68994897 | BPP: 1.9523 | QP: 63
2026-07-13 13:03:39,040 [INFO ]  [1150/22926] | Loss: 69049.577 | PSNR: 7.980 | MSE: 0.69049577 | BPP: 1.9525 | QP: 63
2026-07-13 13:03:44,110 [INFO ]  [1200/22926] | Loss: 69118.428 | PSNR: 7.967 | MSE: 0.69118428 | BPP: 1.9531 | QP: 63
2026-07-13 13:03:49,216 [INFO ]  [1250/22926] | Loss: 69131.069 | PSNR: 7.973 | MSE: 0.69131069 | BPP: 1.9528 | QP: 63
2026-07-13 13:03:54,289 [INFO ]  [1300/22926] | Loss: 69339.404 | PSNR: 7.944 | MSE: 0.69339404 | BPP: 1.9531 | QP: 63
2026-07-13 13:03:59,408 [INFO ]  [1350/22926] | Loss: 69448.434 | PSNR: 7.922 | MSE: 0.69448434 | BPP: 1.9533 | QP: 63
2026-07-13 13:04:04,591 [INFO ]  [1400/22926] | Loss: 69364.697 | PSNR: 7.943 | MSE: 0.69364697 | BPP: 1.9529 | QP: 63
2026-07-13 13:04:09,817 [INFO ]  [1450/22926] | Loss: 69487.752 | PSNR: 7.929 | MSE: 0.69487752 | BPP: 1.9535 | QP: 63
2026-07-13 13:04:14,968 [INFO ]  [1500/22926] | Loss: 69562.931 | PSNR: 7.924 | MSE: 0.69562931 | BPP: 1.9535 | QP: 63
2026-07-13 13:04:20,130 [INFO ]  [1550/22926] | Loss: 69704.868 | PSNR: 7.903 | MSE: 0.69704868 | BPP: 1.9539 | QP: 63
2026-07-13 13:04:25,289 [INFO ]  [1600/22926] | Loss: 69685.089 | PSNR: 7.900 | MSE: 0.69685089 | BPP: 1.9543 | QP: 63
2026-07-13 13:04:30,505 [INFO ]  [1650/22926] | Loss: 69764.884 | PSNR: 7.886 | MSE: 0.69764884 | BPP: 1.9547 | QP: 63
2026-07-13 13:04:35,691 [INFO ]  [1700/22926] | Loss: 69660.644 | PSNR: 7.916 | MSE: 0.69660644 | BPP: 1.9541 | QP: 63
2026-07-13 13:04:40,870 [INFO ]  [1750/22926] | Loss: 69608.178 | PSNR: 7.926 | MSE: 0.69608178 | BPP: 1.9536 | QP: 63
2026-07-13 13:04:46,067 [INFO ]  [1800/22926] | Loss: 69546.913 | PSNR: 7.938 | MSE: 0.69546913 | BPP: 1.9532 | QP: 63
2026-07-13 13:04:51,218 [INFO ]  [1850/22926] | Loss: 69614.700 | PSNR: 7.931 | MSE: 0.69614700 | BPP: 1.9527 | QP: 63
2026-07-13 13:04:56,391 [INFO ]  [1900/22926] | Loss: 69578.770 | PSNR: 7.931 | MSE: 0.69578770 | BPP: 1.9524 | QP: 63
2026-07-13 13:05:01,527 [INFO ]  [1950/22926] | Loss: 69635.985 | PSNR: 7.932 | MSE: 0.69635985 | BPP: 1.9517 | QP: 63
2026-07-13 13:05:06,616 [INFO ]  [2000/22926] | Loss: 69613.767 | PSNR: 7.938 | MSE: 0.69613767 | BPP: 1.9511 | QP: 63
2026-07-13 13:05:11,686 [INFO ]  [2050/22926] | Loss: 69601.244 | PSNR: 7.941 | MSE: 0.69601243 | BPP: 1.9508 | QP: 63
2026-07-13 13:05:16,771 [INFO ]  [2100/22926] | Loss: 69602.412 | PSNR: 7.948 | MSE: 0.69602412 | BPP: 1.9505 | QP: 63
2026-07-13 13:05:21,910 [INFO ]  [2150/22926] | Loss: 69700.630 | PSNR: 7.935 | MSE: 0.69700630 | BPP: 1.9505 | QP: 63
2026-07-13 13:05:27,035 [INFO ]  [2200/22926] | Loss: 69685.336 | PSNR: 7.932 | MSE: 0.69685336 | BPP: 1.9509 | QP: 63
2026-07-13 13:05:32,206 [INFO ]  [2250/22926] | Loss: 69740.880 | PSNR: 7.916 | MSE: 0.69740880 | BPP: 1.9515 | QP: 63
2026-07-13 13:05:37,314 [INFO ]  [2300/22926] | Loss: 69805.076 | PSNR: 7.906 | MSE: 0.69805076 | BPP: 1.9517 | QP: 63
2026-07-13 13:05:42,494 [INFO ]  [2350/22926] | Loss: 69813.378 | PSNR: 7.900 | MSE: 0.69813378 | BPP: 1.9518 | QP: 63
2026-07-13 13:05:47,659 [INFO ]  [2400/22926] | Loss: 69825.942 | PSNR: 7.896 | MSE: 0.69825942 | BPP: 1.9517 | QP: 63
2026-07-13 13:05:52,832 [INFO ]  [2450/22926] | Loss: 69813.503 | PSNR: 7.901 | MSE: 0.69813503 | BPP: 1.9520 | QP: 63
2026-07-13 13:05:58,008 [INFO ]  [2500/22926] | Loss: 69860.603 | PSNR: 7.893 | MSE: 0.69860603 | BPP: 1.9519 | QP: 63
2026-07-13 13:06:03,246 [INFO ]  [2550/22926] | Loss: 69913.611 | PSNR: 7.886 | MSE: 0.69913611 | BPP: 1.9519 | QP: 63
2026-07-13 13:06:08,361 [INFO ]  [2600/22926] | Loss: 69896.155 | PSNR: 7.894 | MSE: 0.69896155 | BPP: 1.9510 | QP: 63
2026-07-13 13:06:13,567 [INFO ]  [2650/22926] | Loss: 69967.460 | PSNR: 7.884 | MSE: 0.69967460 | BPP: 1.9511 | QP: 63
2026-07-13 13:06:18,843 [INFO ]  [2700/22926] | Loss: 69931.597 | PSNR: 7.898 | MSE: 0.69931597 | BPP: 1.9501 | QP: 63
2026-07-13 13:06:23,936 [INFO ]  [2750/22926] | Loss: 69936.182 | PSNR: 7.898 | MSE: 0.69936182 | BPP: 1.9500 | QP: 63
2026-07-13 13:06:29,198 [INFO ]  [2800/22926] | Loss: 69943.419 | PSNR: 7.899 | MSE: 0.69943419 | BPP: 1.9498 | QP: 63
2026-07-13 13:06:34,335 [INFO ]  [2850/22926] | Loss: 69989.517 | PSNR: 7.889 | MSE: 0.69989517 | BPP: 1.9502 | QP: 63
2026-07-13 13:06:39,484 [INFO ]  [2900/22926] | Loss: 70011.997 | PSNR: 7.890 | MSE: 0.70011997 | BPP: 1.9500 | QP: 63
2026-07-13 13:06:44,627 [INFO ]  [2950/22926] | Loss: 69977.494 | PSNR: 7.899 | MSE: 0.69977494 | BPP: 1.9496 | QP: 63
2026-07-13 13:06:49,761 [INFO ]  [3000/22926] | Loss: 70000.145 | PSNR: 7.886 | MSE: 0.70000145 | BPP: 1.9501 | QP: 63
2026-07-13 13:06:54,853 [INFO ]  [3050/22926] | Loss: 69967.103 | PSNR: 7.889 | MSE: 0.69967103 | BPP: 1.9504 | QP: 63
2026-07-13 13:06:59,953 [INFO ]  [3100/22926] | Loss: 69923.886 | PSNR: 7.898 | MSE: 0.69923886 | BPP: 1.9504 | QP: 63
2026-07-13 13:07:05,089 [INFO ]  [3150/22926] | Loss: 69943.938 | PSNR: 7.893 | MSE: 0.69943938 | BPP: 1.9504 | QP: 63
2026-07-13 13:07:10,316 [INFO ]  [3200/22926] | Loss: 69945.945 | PSNR: 7.900 | MSE: 0.69945945 | BPP: 1.9502 | QP: 63
2026-07-13 13:07:15,490 [INFO ]  [3250/22926] | Loss: 69917.500 | PSNR: 7.900 | MSE: 0.69917500 | BPP: 1.9505 | QP: 63
2026-07-13 13:07:20,701 [INFO ]  [3300/22926] | Loss: 69932.657 | PSNR: 7.898 | MSE: 0.69932657 | BPP: 1.9503 | QP: 63
2026-07-13 13:07:25,884 [INFO ]  [3350/22926] | Loss: 69966.894 | PSNR: 7.894 | MSE: 0.69966894 | BPP: 1.9504 | QP: 63
2026-07-13 13:07:31,074 [INFO ]  [3400/22926] | Loss: 69924.104 | PSNR: 7.898 | MSE: 0.69924104 | BPP: 1.9507 | QP: 63
2026-07-13 13:07:36,206 [INFO ]  [3450/22926] | Loss: 69940.418 | PSNR: 7.893 | MSE: 0.69940418 | BPP: 1.9508 | QP: 63
2026-07-13 13:07:41,260 [INFO ]  [3500/22926] | Loss: 69941.292 | PSNR: 7.891 | MSE: 0.69941292 | BPP: 1.9507 | QP: 63
2026-07-13 13:07:46,310 [INFO ]  [3550/22926] | Loss: 69975.317 | PSNR: 7.886 | MSE: 0.69975317 | BPP: 1.9507 | QP: 63
2026-07-13 13:07:51,386 [INFO ]  [3600/22926] | Loss: 69929.634 | PSNR: 7.895 | MSE: 0.69929634 | BPP: 1.9505 | QP: 63
2026-07-13 13:07:56,489 [INFO ]  [3650/22926] | Loss: 69903.170 | PSNR: 7.901 | MSE: 0.69903170 | BPP: 1.9502 | QP: 63
2026-07-13 13:08:01,644 [INFO ]  [3700/22926] | Loss: 69900.071 | PSNR: 7.905 | MSE: 0.69900071 | BPP: 1.9497 | QP: 63
2026-07-13 13:08:06,737 [INFO ]  [3750/22926] | Loss: 69918.550 | PSNR: 7.898 | MSE: 0.69918550 | BPP: 1.9501 | QP: 63
2026-07-13 13:08:11,779 [INFO ]  [3800/22926] | Loss: 69925.233 | PSNR: 7.895 | MSE: 0.69925233 | BPP: 1.9503 | QP: 63
2026-07-13 13:08:16,982 [INFO ]  [3850/22926] | Loss: 69884.346 | PSNR: 7.898 | MSE: 0.69884346 | BPP: 1.9504 | QP: 63
2026-07-13 13:08:22,126 [INFO ]  [3900/22926] | Loss: 69894.518 | PSNR: 7.895 | MSE: 0.69894518 | BPP: 1.9504 | QP: 63
2026-07-13 13:08:27,334 [INFO ]  [3950/22926] | Loss: 69859.258 | PSNR: 7.904 | MSE: 0.69859258 | BPP: 1.9502 | QP: 63
2026-07-13 13:08:32,373 [INFO ]  [4000/22926] | Loss: 69875.885 | PSNR: 7.896 | MSE: 0.69875885 | BPP: 1.9505 | QP: 63
2026-07-13 13:08:37,468 [INFO ]  [4050/22926] | Loss: 69891.410 | PSNR: 7.894 | MSE: 0.69891410 | BPP: 1.9505 | QP: 63
2026-07-13 13:08:42,611 [INFO ]  [4100/22926] | Loss: 69857.258 | PSNR: 7.898 | MSE: 0.69857258 | BPP: 1.9505 | QP: 63
2026-07-13 13:08:47,704 [INFO ]  [4150/22926] | Loss: 69798.330 | PSNR: 7.911 | MSE: 0.69798330 | BPP: 1.9501 | QP: 63
2026-07-13 13:08:52,822 [INFO ]  [4200/22926] | Loss: 69774.578 | PSNR: 7.915 | MSE: 0.69774578 | BPP: 1.9502 | QP: 63
2026-07-13 13:08:57,909 [INFO ]  [4250/22926] | Loss: 69747.842 | PSNR: 7.921 | MSE: 0.69747841 | BPP: 1.9500 | QP: 63
2026-07-13 13:09:02,950 [INFO ]  [4300/22926] | Loss: 69766.452 | PSNR: 7.920 | MSE: 0.69766452 | BPP: 1.9502 | QP: 63
2026-07-13 13:09:08,260 [INFO ]  [4350/22926] | Loss: 69790.867 | PSNR: 7.915 | MSE: 0.69790867 | BPP: 1.9502 | QP: 63
2026-07-13 13:09:13,450 [INFO ]  [4400/22926] | Loss: 69782.692 | PSNR: 7.917 | MSE: 0.69782692 | BPP: 1.9502 | QP: 63
2026-07-13 13:09:18,840 [INFO ]  [4450/22926] | Loss: 69756.841 | PSNR: 7.921 | MSE: 0.69756841 | BPP: 1.9504 | QP: 63
2026-07-13 13:09:23,921 [INFO ]  [4500/22926] | Loss: 69748.813 | PSNR: 7.921 | MSE: 0.69748813 | BPP: 1.9506 | QP: 63
2026-07-13 13:09:29,051 [INFO ]  [4550/22926] | Loss: 69728.416 | PSNR: 7.924 | MSE: 0.69728416 | BPP: 1.9506 | QP: 63
2026-07-13 13:09:34,151 [INFO ]  [4600/22926] | Loss: 69693.273 | PSNR: 7.932 | MSE: 0.69693273 | BPP: 1.9505 | QP: 63
2026-07-13 13:09:39,283 [INFO ]  [4650/22926] | Loss: 69706.706 | PSNR: 7.930 | MSE: 0.69706706 | BPP: 1.9504 | QP: 63
2026-07-13 13:09:44,403 [INFO ]  [4700/22926] | Loss: 69703.467 | PSNR: 7.930 | MSE: 0.69703467 | BPP: 1.9504 | QP: 63
2026-07-13 13:09:49,622 [INFO ]  [4750/22926] | Loss: 69672.880 | PSNR: 7.934 | MSE: 0.69672880 | BPP: 1.9504 | QP: 63
2026-07-13 13:09:54,779 [INFO ]  [4800/22926] | Loss: 69667.817 | PSNR: 7.943 | MSE: 0.69667817 | BPP: 1.9502 | QP: 63
2026-07-13 13:09:59,930 [INFO ]  [4850/22926] | Loss: 69666.829 | PSNR: 7.944 | MSE: 0.69666829 | BPP: 1.9501 | QP: 63
2026-07-13 13:10:05,039 [INFO ]  [4900/22926] | Loss: 69675.839 | PSNR: 7.942 | MSE: 0.69675839 | BPP: 1.9502 | QP: 63
2026-07-13 13:10:10,141 [INFO ]  [4950/22926] | Loss: 69678.645 | PSNR: 7.940 | MSE: 0.69678645 | BPP: 1.9501 | QP: 63
2026-07-13 13:10:15,256 [INFO ]  [5000/22926] | Loss: 69672.285 | PSNR: 7.944 | MSE: 0.69672285 | BPP: 1.9499 | QP: 63
2026-07-13 13:10:20,377 [INFO ]  [5050/22926] | Loss: 69646.895 | PSNR: 7.949 | MSE: 0.69646895 | BPP: 1.9498 | QP: 63
2026-07-13 13:10:25,440 [INFO ]  [5100/22926] | Loss: 69672.375 | PSNR: 7.944 | MSE: 0.69672375 | BPP: 1.9499 | QP: 63
2026-07-13 13:10:30,566 [INFO ]  [5150/22926] | Loss: 69690.297 | PSNR: 7.941 | MSE: 0.69690297 | BPP: 1.9498 | QP: 63
2026-07-13 13:10:35,584 [INFO ]  [5200/22926] | Loss: 69697.159 | PSNR: 7.939 | MSE: 0.69697159 | BPP: 1.9499 | QP: 63
2026-07-13 13:10:40,773 [INFO ]  [5250/22926] | Loss: 69695.466 | PSNR: 7.940 | MSE: 0.69695466 | BPP: 1.9497 | QP: 63
2026-07-13 13:10:45,926 [INFO ]  [5300/22926] | Loss: 69716.554 | PSNR: 7.937 | MSE: 0.69716554 | BPP: 1.9497 | QP: 63
2026-07-13 13:10:51,132 [INFO ]  [5350/22926] | Loss: 69713.345 | PSNR: 7.939 | MSE: 0.69713345 | BPP: 1.9497 | QP: 63
2026-07-13 13:10:56,361 [INFO ]  [5400/22926] | Loss: 69721.680 | PSNR: 7.937 | MSE: 0.69721680 | BPP: 1.9497 | QP: 63
2026-07-13 13:11:01,472 [INFO ]  [5450/22926] | Loss: 69752.863 | PSNR: 7.931 | MSE: 0.69752863 | BPP: 1.9496 | QP: 63
2026-07-13 13:11:06,529 [INFO ]  [5500/22926] | Loss: 69775.422 | PSNR: 7.929 | MSE: 0.69775422 | BPP: 1.9496 | QP: 63
2026-07-13 13:11:11,629 [INFO ]  [5550/22926] | Loss: 69774.202 | PSNR: 7.928 | MSE: 0.69774202 | BPP: 1.9498 | QP: 63
2026-07-13 13:11:16,661 [INFO ]  [5600/22926] | Loss: 69785.525 | PSNR: 7.926 | MSE: 0.69785525 | BPP: 1.9498 | QP: 63
2026-07-13 13:11:21,781 [INFO ]  [5650/22926] | Loss: 69766.649 | PSNR: 7.929 | MSE: 0.69766649 | BPP: 1.9498 | QP: 63
2026-07-13 13:11:26,876 [INFO ]  [5700/22926] | Loss: 69748.466 | PSNR: 7.937 | MSE: 0.69748466 | BPP: 1.9494 | QP: 63
2026-07-13 13:11:32,002 [INFO ]  [5750/22926] | Loss: 69770.379 | PSNR: 7.933 | MSE: 0.69770379 | BPP: 1.9495 | QP: 63
2026-07-13 13:11:37,096 [INFO ]  [5800/22926] | Loss: 69756.619 | PSNR: 7.936 | MSE: 0.69756619 | BPP: 1.9496 | QP: 63
2026-07-13 13:11:42,189 [INFO ]  [5850/22926] | Loss: 69739.425 | PSNR: 7.938 | MSE: 0.69739425 | BPP: 1.9496 | QP: 63
2026-07-13 13:11:47,321 [INFO ]  [5900/22926] | Loss: 69766.851 | PSNR: 7.932 | MSE: 0.69766851 | BPP: 1.9499 | QP: 63
2026-07-13 13:11:52,365 [INFO ]  [5950/22926] | Loss: 69765.178 | PSNR: 7.932 | MSE: 0.69765178 | BPP: 1.9498 | QP: 63
2026-07-13 13:11:57,483 [INFO ]  [6000/22926] | Loss: 69782.723 | PSNR: 7.928 | MSE: 0.69782723 | BPP: 1.9497 | QP: 63
2026-07-13 13:12:02,486 [INFO ]  [6050/22926] | Loss: 69823.007 | PSNR: 7.919 | MSE: 0.69823007 | BPP: 1.9499 | QP: 63
2026-07-13 13:12:07,511 [INFO ]  [6100/22926] | Loss: 69846.286 | PSNR: 7.918 | MSE: 0.69846286 | BPP: 1.9497 | QP: 63
2026-07-13 13:12:12,651 [INFO ]  [6150/22926] | Loss: 69826.532 | PSNR: 7.921 | MSE: 0.69826532 | BPP: 1.9497 | QP: 63
2026-07-13 13:12:17,786 [INFO ]  [6200/22926] | Loss: 69800.883 | PSNR: 7.927 | MSE: 0.69800883 | BPP: 1.9495 | QP: 63
2026-07-13 13:12:23,165 [INFO ]  [6250/22926] | Loss: 69806.304 | PSNR: 7.928 | MSE: 0.69806304 | BPP: 1.9496 | QP: 63
2026-07-13 13:12:28,310 [INFO ]  [6300/22926] | Loss: 69790.551 | PSNR: 7.933 | MSE: 0.69790551 | BPP: 1.9493 | QP: 63
2026-07-13 13:12:33,436 [INFO ]  [6350/22926] | Loss: 69792.043 | PSNR: 7.934 | MSE: 0.69792043 | BPP: 1.9493 | QP: 63
2026-07-13 13:12:38,586 [INFO ]  [6400/22926] | Loss: 69778.541 | PSNR: 7.938 | MSE: 0.69778541 | BPP: 1.9492 | QP: 63
2026-07-13 13:12:43,730 [INFO ]  [6450/22926] | Loss: 69757.112 | PSNR: 7.940 | MSE: 0.69757112 | BPP: 1.9492 | QP: 63
2026-07-13 13:12:48,923 [INFO ]  [6500/22926] | Loss: 69729.331 | PSNR: 7.945 | MSE: 0.69729331 | BPP: 1.9491 | QP: 63
2026-07-13 13:12:54,072 [INFO ]  [6550/22926] | Loss: 69731.158 | PSNR: 7.943 | MSE: 0.69731158 | BPP: 1.9493 | QP: 63
2026-07-13 13:12:59,158 [INFO ]  [6600/22926] | Loss: 69721.009 | PSNR: 7.944 | MSE: 0.69721009 | BPP: 1.9493 | QP: 63
2026-07-13 13:13:04,248 [INFO ]  [6650/22926] | Loss: 69730.374 | PSNR: 7.942 | MSE: 0.69730374 | BPP: 1.9495 | QP: 63
2026-07-13 13:13:09,308 [INFO ]  [6700/22926] | Loss: 69719.126 | PSNR: 7.944 | MSE: 0.69719126 | BPP: 1.9493 | QP: 63
2026-07-13 13:13:14,406 [INFO ]  [6750/22926] | Loss: 69709.629 | PSNR: 7.947 | MSE: 0.69709629 | BPP: 1.9492 | QP: 63
2026-07-13 13:13:19,496 [INFO ]  [6800/22926] | Loss: 69695.254 | PSNR: 7.951 | MSE: 0.69695254 | BPP: 1.9491 | QP: 63
2026-07-13 13:13:24,618 [INFO ]  [6850/22926] | Loss: 69685.284 | PSNR: 7.953 | MSE: 0.69685284 | BPP: 1.9492 | QP: 63
2026-07-13 13:13:29,759 [INFO ]  [6900/22926] | Loss: 69681.167 | PSNR: 7.952 | MSE: 0.69681167 | BPP: 1.9492 | QP: 63
2026-07-13 13:13:34,895 [INFO ]  [6950/22926] | Loss: 69682.552 | PSNR: 7.952 | MSE: 0.69682552 | BPP: 1.9491 | QP: 63
2026-07-13 13:13:40,016 [INFO ]  [7000/22926] | Loss: 69678.044 | PSNR: 7.954 | MSE: 0.69678044 | BPP: 1.9491 | QP: 63
2026-07-13 13:13:45,157 [INFO ]  [7050/22926] | Loss: 69680.976 | PSNR: 7.955 | MSE: 0.69680976 | BPP: 1.9491 | QP: 63
2026-07-13 13:13:50,296 [INFO ]  [7100/22926] | Loss: 69704.965 | PSNR: 7.952 | MSE: 0.69704965 | BPP: 1.9489 | QP: 63
2026-07-13 13:13:55,368 [INFO ]  [7150/22926] | Loss: 69692.930 | PSNR: 7.955 | MSE: 0.69692930 | BPP: 1.9490 | QP: 63
2026-07-13 13:14:00,385 [INFO ]  [7200/22926] | Loss: 69714.026 | PSNR: 7.951 | MSE: 0.69714026 | BPP: 1.9490 | QP: 63
2026-07-13 13:14:05,525 [INFO ]  [7250/22926] | Loss: 69697.953 | PSNR: 7.952 | MSE: 0.69697953 | BPP: 1.9491 | QP: 63
2026-07-13 13:14:10,677 [INFO ]  [7300/22926] | Loss: 69698.641 | PSNR: 7.952 | MSE: 0.69698641 | BPP: 1.9491 | QP: 63
2026-07-13 13:14:15,862 [INFO ]  [7350/22926] | Loss: 69712.353 | PSNR: 7.950 | MSE: 0.69712353 | BPP: 1.9491 | QP: 63
2026-07-13 13:14:21,056 [INFO ]  [7400/22926] | Loss: 69700.814 | PSNR: 7.954 | MSE: 0.69700814 | BPP: 1.9489 | QP: 63
2026-07-13 13:14:26,237 [INFO ]  [7450/22926] | Loss: 69707.210 | PSNR: 7.951 | MSE: 0.69707210 | BPP: 1.9490 | QP: 63
2026-07-13 13:14:31,424 [INFO ]  [7500/22926] | Loss: 69681.593 | PSNR: 7.956 | MSE: 0.69681593 | BPP: 1.9489 | QP: 63
2026-07-13 13:14:36,606 [INFO ]  [7550/22926] | Loss: 69694.116 | PSNR: 7.953 | MSE: 0.69694117 | BPP: 1.9490 | QP: 63
2026-07-13 13:14:41,754 [INFO ]  [7600/22926] | Loss: 69695.225 | PSNR: 7.953 | MSE: 0.69695225 | BPP: 1.9490 | QP: 63
2026-07-13 13:14:46,779 [INFO ]  [7650/22926] | Loss: 69721.539 | PSNR: 7.947 | MSE: 0.69721539 | BPP: 1.9491 | QP: 63
2026-07-13 13:14:51,848 [INFO ]  [7700/22926] | Loss: 69716.465 | PSNR: 7.948 | MSE: 0.69716465 | BPP: 1.9489 | QP: 63
2026-07-13 13:14:56,932 [INFO ]  [7750/22926] | Loss: 69720.009 | PSNR: 7.949 | MSE: 0.69720009 | BPP: 1.9489 | QP: 63
2026-07-13 13:15:02,094 [INFO ]  [7800/22926] | Loss: 69722.814 | PSNR: 7.947 | MSE: 0.69722814 | BPP: 1.9490 | QP: 63
2026-07-13 13:15:07,213 [INFO ]  [7850/22926] | Loss: 69734.950 | PSNR: 7.943 | MSE: 0.69734950 | BPP: 1.9491 | QP: 63
2026-07-13 13:15:12,433 [INFO ]  [7900/22926] | Loss: 69727.054 | PSNR: 7.946 | MSE: 0.69727054 | BPP: 1.9490 | QP: 63
2026-07-13 13:15:17,534 [INFO ]  [7950/22926] | Loss: 69729.732 | PSNR: 7.945 | MSE: 0.69729732 | BPP: 1.9490 | QP: 63
2026-07-13 13:15:22,655 [INFO ]  [8000/22926] | Loss: 69732.418 | PSNR: 7.946 | MSE: 0.69732418 | BPP: 1.9490 | QP: 63
2026-07-13 13:15:28,065 [INFO ]  [8050/22926] | Loss: 69730.449 | PSNR: 7.946 | MSE: 0.69730449 | BPP: 1.9489 | QP: 63
2026-07-13 13:15:33,204 [INFO ]  [8100/22926] | Loss: 69740.780 | PSNR: 7.943 | MSE: 0.69740780 | BPP: 1.9489 | QP: 63
2026-07-13 13:15:38,319 [INFO ]  [8150/22926] | Loss: 69768.245 | PSNR: 7.936 | MSE: 0.69768245 | BPP: 1.9491 | QP: 63
2026-07-13 13:15:43,352 [INFO ]  [8200/22926] | Loss: 69767.333 | PSNR: 7.937 | MSE: 0.69767333 | BPP: 1.9490 | QP: 63
2026-07-13 13:15:48,478 [INFO ]  [8250/22926] | Loss: 69790.577 | PSNR: 7.933 | MSE: 0.69790577 | BPP: 1.9490 | QP: 63
2026-07-13 13:15:53,604 [INFO ]  [8300/22926] | Loss: 69778.640 | PSNR: 7.933 | MSE: 0.69778640 | BPP: 1.9490 | QP: 63
2026-07-13 13:15:58,792 [INFO ]  [8350/22926] | Loss: 69781.597 | PSNR: 7.933 | MSE: 0.69781597 | BPP: 1.9490 | QP: 63
2026-07-13 13:16:03,822 [INFO ]  [8400/22926] | Loss: 69796.840 | PSNR: 7.931 | MSE: 0.69796840 | BPP: 1.9491 | QP: 63
2026-07-13 13:16:09,030 [INFO ]  [8450/22926] | Loss: 69800.088 | PSNR: 7.929 | MSE: 0.69800088 | BPP: 1.9492 | QP: 63
2026-07-13 13:16:14,201 [INFO ]  [8500/22926] | Loss: 69801.378 | PSNR: 7.928 | MSE: 0.69801378 | BPP: 1.9492 | QP: 63
2026-07-13 13:16:19,027 [INFO ]  [8550/22926] | Loss: 69808.461 | PSNR: 7.929 | MSE: 0.69808461 | BPP: 1.9492 | QP: 63
2026-07-13 13:16:23,869 [INFO ]  [8600/22926] | Loss: 69797.612 | PSNR: 7.932 | MSE: 0.69797612 | BPP: 1.9491 | QP: 63
2026-07-13 13:16:28,934 [INFO ]  [8650/22926] | Loss: 69798.081 | PSNR: 7.930 | MSE: 0.69798081 | BPP: 1.9491 | QP: 63
2026-07-13 13:16:33,962 [INFO ]  [8700/22926] | Loss: 69796.481 | PSNR: 7.931 | MSE: 0.69796481 | BPP: 1.9491 | QP: 63
2026-07-13 13:16:39,067 [INFO ]  [8750/22926] | Loss: 69783.125 | PSNR: 7.936 | MSE: 0.69783125 | BPP: 1.9489 | QP: 63
2026-07-13 13:16:44,111 [INFO ]  [8800/22926] | Loss: 69768.245 | PSNR: 7.937 | MSE: 0.69768245 | BPP: 1.9491 | QP: 63
2026-07-13 13:16:49,217 [INFO ]  [8850/22926] | Loss: 69773.306 | PSNR: 7.936 | MSE: 0.69773306 | BPP: 1.9491 | QP: 63
2026-07-13 13:16:54,336 [INFO ]  [8900/22926] | Loss: 69777.111 | PSNR: 7.937 | MSE: 0.69777111 | BPP: 1.9491 | QP: 63
2026-07-13 13:16:59,465 [INFO ]  [8950/22926] | Loss: 69783.857 | PSNR: 7.933 | MSE: 0.69783857 | BPP: 1.9492 | QP: 63
2026-07-13 13:17:04,528 [INFO ]  [9000/22926] | Loss: 69788.731 | PSNR: 7.934 | MSE: 0.69788731 | BPP: 1.9490 | QP: 63
2026-07-13 13:17:09,670 [INFO ]  [9050/22926] | Loss: 69808.679 | PSNR: 7.929 | MSE: 0.69808679 | BPP: 1.9492 | QP: 63
2026-07-13 13:17:14,719 [INFO ]  [9100/22926] | Loss: 69791.677 | PSNR: 7.932 | MSE: 0.69791677 | BPP: 1.9491 | QP: 63
2026-07-13 13:17:19,585 [INFO ]  [9150/22926] | Loss: 69773.270 | PSNR: 7.936 | MSE: 0.69773270 | BPP: 1.9489 | QP: 63
2026-07-13 13:17:24,549 [INFO ]  [9200/22926] | Loss: 69778.741 | PSNR: 7.935 | MSE: 0.69778741 | BPP: 1.9490 | QP: 63
2026-07-13 13:17:29,595 [INFO ]  [9250/22926] | Loss: 69777.527 | PSNR: 7.936 | MSE: 0.69777527 | BPP: 1.9489 | QP: 63
2026-07-13 13:17:34,582 [INFO ]  [9300/22926] | Loss: 69765.336 | PSNR: 7.938 | MSE: 0.69765336 | BPP: 1.9489 | QP: 63
2026-07-13 13:17:39,682 [INFO ]  [9350/22926] | Loss: 69774.550 | PSNR: 7.938 | MSE: 0.69774550 | BPP: 1.9489 | QP: 63
2026-07-13 13:17:44,795 [INFO ]  [9400/22926] | Loss: 69766.633 | PSNR: 7.941 | MSE: 0.69766633 | BPP: 1.9488 | QP: 63
2026-07-13 13:17:49,934 [INFO ]  [9450/22926] | Loss: 69770.958 | PSNR: 7.940 | MSE: 0.69770958 | BPP: 1.9487 | QP: 63
2026-07-13 13:17:55,051 [INFO ]  [9500/22926] | Loss: 69769.553 | PSNR: 7.941 | MSE: 0.69769553 | BPP: 1.9486 | QP: 63
2026-07-13 13:18:00,223 [INFO ]  [9550/22926] | Loss: 69754.089 | PSNR: 7.944 | MSE: 0.69754089 | BPP: 1.9486 | QP: 63
2026-07-13 13:18:05,374 [INFO ]  [9600/22926] | Loss: 69751.916 | PSNR: 7.946 | MSE: 0.69751916 | BPP: 1.9484 | QP: 63
2026-07-13 13:18:10,546 [INFO ]  [9650/22926] | Loss: 69763.256 | PSNR: 7.945 | MSE: 0.69763256 | BPP: 1.9484 | QP: 63
2026-07-13 13:18:15,709 [INFO ]  [9700/22926] | Loss: 69777.352 | PSNR: 7.942 | MSE: 0.69777352 | BPP: 1.9485 | QP: 63
2026-07-13 13:18:20,840 [INFO ]  [9750/22926] | Loss: 69784.937 | PSNR: 7.940 | MSE: 0.69784937 | BPP: 1.9487 | QP: 63
2026-07-13 13:18:25,951 [INFO ]  [9800/22926] | Loss: 69800.076 | PSNR: 7.937 | MSE: 0.69800076 | BPP: 1.9487 | QP: 63
2026-07-13 13:18:31,287 [INFO ]  [9850/22926] | Loss: 69805.750 | PSNR: 7.937 | MSE: 0.69805750 | BPP: 1.9488 | QP: 63
2026-07-13 13:18:36,412 [INFO ]  [9900/22926] | Loss: 69787.241 | PSNR: 7.941 | MSE: 0.69787241 | BPP: 1.9487 | QP: 63
2026-07-13 13:18:41,511 [INFO ]  [9950/22926] | Loss: 69785.707 | PSNR: 7.942 | MSE: 0.69785707 | BPP: 1.9486 | QP: 63
2026-07-13 13:18:46,710 [INFO ]  [10000/22926] | Loss: 69777.638 | PSNR: 7.942 | MSE: 0.69777638 | BPP: 1.9486 | QP: 63
2026-07-13 13:18:51,941 [INFO ]  [10050/22926] | Loss: 69764.335 | PSNR: 7.945 | MSE: 0.69764335 | BPP: 1.9485 | QP: 63
2026-07-13 13:18:57,088 [INFO ]  [10100/22926] | Loss: 69762.583 | PSNR: 7.946 | MSE: 0.69762583 | BPP: 1.9486 | QP: 63
2026-07-13 13:19:02,218 [INFO ]  [10150/22926] | Loss: 69763.307 | PSNR: 7.944 | MSE: 0.69763307 | BPP: 1.9486 | QP: 63
2026-07-13 13:19:07,315 [INFO ]  [10200/22926] | Loss: 69777.918 | PSNR: 7.944 | MSE: 0.69777918 | BPP: 1.9485 | QP: 63
2026-07-13 13:19:12,453 [INFO ]  [10250/22926] | Loss: 69781.557 | PSNR: 7.944 | MSE: 0.69781557 | BPP: 1.9485 | QP: 63
2026-07-13 13:19:17,562 [INFO ]  [10300/22926] | Loss: 69780.688 | PSNR: 7.944 | MSE: 0.69780688 | BPP: 1.9484 | QP: 63
2026-07-13 13:19:22,780 [INFO ]  [10350/22926] | Loss: 69773.116 | PSNR: 7.946 | MSE: 0.69773116 | BPP: 1.9484 | QP: 63
2026-07-13 13:19:27,978 [INFO ]  [10400/22926] | Loss: 69780.341 | PSNR: 7.947 | MSE: 0.69780341 | BPP: 1.9483 | QP: 63
2026-07-13 13:19:33,110 [INFO ]  [10450/22926] | Loss: 69798.286 | PSNR: 7.942 | MSE: 0.69798286 | BPP: 1.9484 | QP: 63
2026-07-13 13:19:38,268 [INFO ]  [10500/22926] | Loss: 69799.204 | PSNR: 7.942 | MSE: 0.69799204 | BPP: 1.9484 | QP: 63
2026-07-13 13:19:43,429 [INFO ]  [10550/22926] | Loss: 69796.324 | PSNR: 7.943 | MSE: 0.69796324 | BPP: 1.9483 | QP: 63
2026-07-13 13:19:48,556 [INFO ]  [10600/22926] | Loss: 69812.172 | PSNR: 7.941 | MSE: 0.69812172 | BPP: 1.9483 | QP: 63
2026-07-13 13:19:53,696 [INFO ]  [10650/22926] | Loss: 69824.426 | PSNR: 7.938 | MSE: 0.69824426 | BPP: 1.9484 | QP: 63
2026-07-13 13:19:58,744 [INFO ]  [10700/22926] | Loss: 69832.638 | PSNR: 7.935 | MSE: 0.69832638 | BPP: 1.9485 | QP: 63
2026-07-13 13:20:03,766 [INFO ]  [10750/22926] | Loss: 69817.327 | PSNR: 7.938 | MSE: 0.69817327 | BPP: 1.9485 | QP: 63
2026-07-13 13:20:08,573 [INFO ]  [10800/22926] | Loss: 69836.996 | PSNR: 7.934 | MSE: 0.69836996 | BPP: 1.9485 | QP: 63
2026-07-13 13:20:13,175 [INFO ]  [10850/22926] | Loss: 69845.894 | PSNR: 7.933 | MSE: 0.69845894 | BPP: 1.9486 | QP: 63
2026-07-13 13:20:18,051 [INFO ]  [10900/22926] | Loss: 69845.478 | PSNR: 7.932 | MSE: 0.69845478 | BPP: 1.9486 | QP: 63
2026-07-13 13:20:23,077 [INFO ]  [10950/22926] | Loss: 69850.220 | PSNR: 7.931 | MSE: 0.69850220 | BPP: 1.9487 | QP: 63
2026-07-13 13:20:28,259 [INFO ]  [11000/22926] | Loss: 69854.518 | PSNR: 7.929 | MSE: 0.69854518 | BPP: 1.9488 | QP: 63
2026-07-13 13:20:33,404 [INFO ]  [11050/22926] | Loss: 69846.724 | PSNR: 7.930 | MSE: 0.69846724 | BPP: 1.9488 | QP: 63
2026-07-13 13:20:38,507 [INFO ]  [11100/22926] | Loss: 69847.536 | PSNR: 7.931 | MSE: 0.69847536 | BPP: 1.9488 | QP: 63
2026-07-13 13:20:43,636 [INFO ]  [11150/22926] | Loss: 69838.192 | PSNR: 7.934 | MSE: 0.69838192 | BPP: 1.9486 | QP: 63
2026-07-13 13:20:48,773 [INFO ]  [11200/22926] | Loss: 69843.769 | PSNR: 7.934 | MSE: 0.69843769 | BPP: 1.9485 | QP: 63
2026-07-13 13:20:53,708 [INFO ]  [11250/22926] | Loss: 69828.735 | PSNR: 7.940 | MSE: 0.69828735 | BPP: 1.9481 | QP: 63
2026-07-13 13:20:58,755 [INFO ]  [11300/22926] | Loss: 69817.471 | PSNR: 7.942 | MSE: 0.69817471 | BPP: 1.9480 | QP: 63
2026-07-13 13:21:03,911 [INFO ]  [11350/22926] | Loss: 69832.523 | PSNR: 7.939 | MSE: 0.69832523 | BPP: 1.9481 | QP: 63
2026-07-13 13:21:08,952 [INFO ]  [11400/22926] | Loss: 69833.940 | PSNR: 7.938 | MSE: 0.69833940 | BPP: 1.9482 | QP: 63
2026-07-13 13:21:13,866 [INFO ]  [11450/22926] | Loss: 69826.044 | PSNR: 7.940 | MSE: 0.69826044 | BPP: 1.9481 | QP: 63
2026-07-13 13:21:18,928 [INFO ]  [11500/22926] | Loss: 69840.309 | PSNR: 7.937 | MSE: 0.69840309 | BPP: 1.9482 | QP: 63
2026-07-13 13:21:24,144 [INFO ]  [11550/22926] | Loss: 69845.458 | PSNR: 7.935 | MSE: 0.69845458 | BPP: 1.9483 | QP: 63
2026-07-13 13:21:29,298 [INFO ]  [11600/22926] | Loss: 69853.082 | PSNR: 7.933 | MSE: 0.69853082 | BPP: 1.9483 | QP: 63
2026-07-13 13:21:34,484 [INFO ]  [11650/22926] | Loss: 69846.579 | PSNR: 7.934 | MSE: 0.69846579 | BPP: 1.9483 | QP: 63
2026-07-13 13:21:39,639 [INFO ]  [11700/22926] | Loss: 69860.620 | PSNR: 7.933 | MSE: 0.69860620 | BPP: 1.9483 | QP: 63
2026-07-13 13:21:44,710 [INFO ]  [11750/22926] | Loss: 69857.892 | PSNR: 7.933 | MSE: 0.69857892 | BPP: 1.9482 | QP: 63
2026-07-13 13:21:49,771 [INFO ]  [11800/22926] | Loss: 69861.261 | PSNR: 7.932 | MSE: 0.69861261 | BPP: 1.9483 | QP: 63
2026-07-13 13:21:54,845 [INFO ]  [11850/22926] | Loss: 69877.483 | PSNR: 7.930 | MSE: 0.69877483 | BPP: 1.9483 | QP: 63
2026-07-13 13:21:59,922 [INFO ]  [11900/22926] | Loss: 69885.286 | PSNR: 7.929 | MSE: 0.69885286 | BPP: 1.9483 | QP: 63
2026-07-13 13:22:05,053 [INFO ]  [11950/22926] | Loss: 69890.906 | PSNR: 7.929 | MSE: 0.69890906 | BPP: 1.9483 | QP: 63
2026-07-13 13:22:10,217 [INFO ]  [12000/22926] | Loss: 69885.755 | PSNR: 7.929 | MSE: 0.69885755 | BPP: 1.9483 | QP: 63
2026-07-13 13:22:15,349 [INFO ]  [12050/22926] | Loss: 69885.706 | PSNR: 7.928 | MSE: 0.69885706 | BPP: 1.9484 | QP: 63
2026-07-13 13:22:20,427 [INFO ]  [12100/22926] | Loss: 69879.997 | PSNR: 7.929 | MSE: 0.69879997 | BPP: 1.9482 | QP: 63
2026-07-13 13:22:25,479 [INFO ]  [12150/22926] | Loss: 69875.802 | PSNR: 7.931 | MSE: 0.69875802 | BPP: 1.9482 | QP: 63
2026-07-13 13:22:30,479 [INFO ]  [12200/22926] | Loss: 69872.439 | PSNR: 7.931 | MSE: 0.69872439 | BPP: 1.9482 | QP: 63
2026-07-13 13:22:35,485 [INFO ]  [12250/22926] | Loss: 69867.579 | PSNR: 7.932 | MSE: 0.69867579 | BPP: 1.9481 | QP: 63
2026-07-13 13:22:40,532 [INFO ]  [12300/22926] | Loss: 69872.556 | PSNR: 7.931 | MSE: 0.69872556 | BPP: 1.9481 | QP: 63
2026-07-13 13:22:45,580 [INFO ]  [12350/22926] | Loss: 69861.717 | PSNR: 7.933 | MSE: 0.69861717 | BPP: 1.9481 | QP: 63
2026-07-13 13:22:50,700 [INFO ]  [12400/22926] | Loss: 69882.467 | PSNR: 7.929 | MSE: 0.69882467 | BPP: 1.9482 | QP: 63
2026-07-13 13:22:55,839 [INFO ]  [12450/22926] | Loss: 69879.270 | PSNR: 7.931 | MSE: 0.69879270 | BPP: 1.9481 | QP: 63
2026-07-13 13:23:00,960 [INFO ]  [12500/22926] | Loss: 69880.789 | PSNR: 7.931 | MSE: 0.69880789 | BPP: 1.9481 | QP: 63
2026-07-13 13:23:06,080 [INFO ]  [12550/22926] | Loss: 69888.671 | PSNR: 7.929 | MSE: 0.69888671 | BPP: 1.9481 | QP: 63
2026-07-13 13:23:11,139 [INFO ]  [12600/22926] | Loss: 69891.594 | PSNR: 7.928 | MSE: 0.69891594 | BPP: 1.9481 | QP: 63
2026-07-13 13:23:16,226 [INFO ]  [12650/22926] | Loss: 69884.996 | PSNR: 7.929 | MSE: 0.69884996 | BPP: 1.9482 | QP: 63
2026-07-13 13:23:21,318 [INFO ]  [12700/22926] | Loss: 69885.052 | PSNR: 7.929 | MSE: 0.69885052 | BPP: 1.9482 | QP: 63
2026-07-13 13:23:26,352 [INFO ]  [12750/22926] | Loss: 69880.968 | PSNR: 7.930 | MSE: 0.69880968 | BPP: 1.9482 | QP: 63
2026-07-13 13:23:31,399 [INFO ]  [12800/22926] | Loss: 69885.844 | PSNR: 7.929 | MSE: 0.69885844 | BPP: 1.9482 | QP: 63
2026-07-13 13:23:36,456 [INFO ]  [12850/22926] | Loss: 69894.873 | PSNR: 7.928 | MSE: 0.69894873 | BPP: 1.9483 | QP: 63
2026-07-13 13:23:41,598 [INFO ]  [12900/22926] | Loss: 69895.071 | PSNR: 7.928 | MSE: 0.69895071 | BPP: 1.9482 | QP: 63
2026-07-13 13:23:46,757 [INFO ]  [12950/22926] | Loss: 69907.119 | PSNR: 7.925 | MSE: 0.69907119 | BPP: 1.9483 | QP: 63
2026-07-13 13:23:51,871 [INFO ]  [13000/22926] | Loss: 69909.626 | PSNR: 7.925 | MSE: 0.69909626 | BPP: 1.9482 | QP: 63
2026-07-13 13:23:57,090 [INFO ]  [13050/22926] | Loss: 69914.623 | PSNR: 7.924 | MSE: 0.69914623 | BPP: 1.9483 | QP: 63
2026-07-13 13:24:02,235 [INFO ]  [13100/22926] | Loss: 69908.192 | PSNR: 7.925 | MSE: 0.69908192 | BPP: 1.9483 | QP: 63
2026-07-13 13:24:07,359 [INFO ]  [13150/22926] | Loss: 69902.945 | PSNR: 7.927 | MSE: 0.69902945 | BPP: 1.9482 | QP: 63
2026-07-13 13:24:12,313 [INFO ]  [13200/22926] | Loss: 69910.589 | PSNR: 7.925 | MSE: 0.69910589 | BPP: 1.9482 | QP: 63
2026-07-13 13:24:17,467 [INFO ]  [13250/22926] | Loss: 69923.077 | PSNR: 7.923 | MSE: 0.69923077 | BPP: 1.9483 | QP: 63
2026-07-13 13:24:22,690 [INFO ]  [13300/22926] | Loss: 69909.346 | PSNR: 7.927 | MSE: 0.69909346 | BPP: 1.9481 | QP: 63
2026-07-13 13:24:27,768 [INFO ]  [13350/22926] | Loss: 69904.058 | PSNR: 7.928 | MSE: 0.69904058 | BPP: 1.9480 | QP: 63
2026-07-13 13:24:33,017 [INFO ]  [13400/22926] | Loss: 69905.652 | PSNR: 7.929 | MSE: 0.69905652 | BPP: 1.9481 | QP: 63
2026-07-13 13:24:38,218 [INFO ]  [13450/22926] | Loss: 69905.172 | PSNR: 7.929 | MSE: 0.69905172 | BPP: 1.9481 | QP: 63
2026-07-13 13:24:43,349 [INFO ]  [13500/22926] | Loss: 69903.997 | PSNR: 7.929 | MSE: 0.69903997 | BPP: 1.9481 | QP: 63
2026-07-13 13:24:48,540 [INFO ]  [13550/22926] | Loss: 69919.061 | PSNR: 7.925 | MSE: 0.69919061 | BPP: 1.9482 | QP: 63
2026-07-13 13:24:53,729 [INFO ]  [13600/22926] | Loss: 69919.223 | PSNR: 7.924 | MSE: 0.69919223 | BPP: 1.9483 | QP: 63
2026-07-13 13:24:58,861 [INFO ]  [13650/22926] | Loss: 69904.947 | PSNR: 7.926 | MSE: 0.69904947 | BPP: 1.9482 | QP: 63
2026-07-13 13:25:03,969 [INFO ]  [13700/22926] | Loss: 69919.160 | PSNR: 7.924 | MSE: 0.69919160 | BPP: 1.9483 | QP: 63
2026-07-13 13:25:09,060 [INFO ]  [13750/22926] | Loss: 69931.674 | PSNR: 7.922 | MSE: 0.69931674 | BPP: 1.9483 | QP: 63
2026-07-13 13:25:14,149 [INFO ]  [13800/22926] | Loss: 69932.621 | PSNR: 7.923 | MSE: 0.69932621 | BPP: 1.9483 | QP: 63
2026-07-13 13:25:19,216 [INFO ]  [13850/22926] | Loss: 69928.272 | PSNR: 7.924 | MSE: 0.69928272 | BPP: 1.9482 | QP: 63
2026-07-13 13:25:24,283 [INFO ]  [13900/22926] | Loss: 69914.582 | PSNR: 7.928 | MSE: 0.69914582 | BPP: 1.9479 | QP: 63
2026-07-13 13:25:29,382 [INFO ]  [13950/22926] | Loss: 69921.609 | PSNR: 7.925 | MSE: 0.69921609 | BPP: 1.9480 | QP: 63
2026-07-13 13:25:34,575 [INFO ]  [14000/22926] | Loss: 69918.939 | PSNR: 7.926 | MSE: 0.69918939 | BPP: 1.9480 | QP: 63
2026-07-13 13:25:39,756 [INFO ]  [14050/22926] | Loss: 69918.698 | PSNR: 7.925 | MSE: 0.69918698 | BPP: 1.9480 | QP: 63
2026-07-13 13:25:44,986 [INFO ]  [14100/22926] | Loss: 69909.844 | PSNR: 7.927 | MSE: 0.69909844 | BPP: 1.9479 | QP: 63
2026-07-13 13:25:50,282 [INFO ]  [14150/22926] | Loss: 69910.640 | PSNR: 7.929 | MSE: 0.69910640 | BPP: 1.9478 | QP: 63
2026-07-13 13:25:55,448 [INFO ]  [14200/22926] | Loss: 69898.100 | PSNR: 7.931 | MSE: 0.69898100 | BPP: 1.9478 | QP: 63
2026-07-13 13:26:00,621 [INFO ]  [14250/22926] | Loss: 69909.552 | PSNR: 7.928 | MSE: 0.69909552 | BPP: 1.9479 | QP: 63
2026-07-13 13:26:05,753 [INFO ]  [14300/22926] | Loss: 69918.183 | PSNR: 7.927 | MSE: 0.69918183 | BPP: 1.9479 | QP: 63
2026-07-13 13:26:10,842 [INFO ]  [14350/22926] | Loss: 69915.108 | PSNR: 7.927 | MSE: 0.69915108 | BPP: 1.9479 | QP: 63
2026-07-13 13:26:15,865 [INFO ]  [14400/22926] | Loss: 69913.140 | PSNR: 7.929 | MSE: 0.69913140 | BPP: 1.9479 | QP: 63
2026-07-13 13:26:21,004 [INFO ]  [14450/22926] | Loss: 69910.325 | PSNR: 7.930 | MSE: 0.69910325 | BPP: 1.9477 | QP: 63
2026-07-13 13:26:26,134 [INFO ]  [14500/22926] | Loss: 69907.287 | PSNR: 7.930 | MSE: 0.69907287 | BPP: 1.9477 | QP: 63
2026-07-13 13:26:31,291 [INFO ]  [14550/22926] | Loss: 69900.698 | PSNR: 7.930 | MSE: 0.69900698 | BPP: 1.9477 | QP: 63
2026-07-13 13:26:36,519 [INFO ]  [14600/22926] | Loss: 69897.580 | PSNR: 7.930 | MSE: 0.69897580 | BPP: 1.9477 | QP: 63
2026-07-13 13:26:41,642 [INFO ]  [14650/22926] | Loss: 69894.627 | PSNR: 7.930 | MSE: 0.69894627 | BPP: 1.9477 | QP: 63
2026-07-13 13:26:46,777 [INFO ]  [14700/22926] | Loss: 69908.182 | PSNR: 7.927 | MSE: 0.69908182 | BPP: 1.9478 | QP: 63
2026-07-13 13:26:51,978 [INFO ]  [14750/22926] | Loss: 69900.605 | PSNR: 7.928 | MSE: 0.69900605 | BPP: 1.9477 | QP: 63
2026-07-13 13:26:57,130 [INFO ]  [14800/22926] | Loss: 69894.512 | PSNR: 7.929 | MSE: 0.69894512 | BPP: 1.9476 | QP: 63
2026-07-13 13:27:02,266 [INFO ]  [14850/22926] | Loss: 69888.221 | PSNR: 7.931 | MSE: 0.69888221 | BPP: 1.9475 | QP: 63
2026-07-13 13:27:07,390 [INFO ]  [14900/22926] | Loss: 69880.822 | PSNR: 7.932 | MSE: 0.69880822 | BPP: 1.9474 | QP: 63
2026-07-13 13:27:12,472 [INFO ]  [14950/22926] | Loss: 69890.273 | PSNR: 7.932 | MSE: 0.69890273 | BPP: 1.9474 | QP: 63
2026-07-13 13:27:17,565 [INFO ]  [15000/22926] | Loss: 69889.503 | PSNR: 7.931 | MSE: 0.69889503 | BPP: 1.9475 | QP: 63
2026-07-13 13:27:22,742 [INFO ]  [15050/22926] | Loss: 69885.398 | PSNR: 7.932 | MSE: 0.69885398 | BPP: 1.9474 | QP: 63
2026-07-13 13:27:27,849 [INFO ]  [15100/22926] | Loss: 69880.378 | PSNR: 7.933 | MSE: 0.69880378 | BPP: 1.9474 | QP: 63
2026-07-13 13:27:33,027 [INFO ]  [15150/22926] | Loss: 69883.935 | PSNR: 7.933 | MSE: 0.69883935 | BPP: 1.9474 | QP: 63
2026-07-13 13:27:38,470 [INFO ]  [15200/22926] | Loss: 69878.979 | PSNR: 7.934 | MSE: 0.69878979 | BPP: 1.9473 | QP: 63
2026-07-13 13:27:43,630 [INFO ]  [15250/22926] | Loss: 69885.609 | PSNR: 7.933 | MSE: 0.69885609 | BPP: 1.9473 | QP: 63
2026-07-13 13:27:48,744 [INFO ]  [15300/22926] | Loss: 69885.258 | PSNR: 7.932 | MSE: 0.69885258 | BPP: 1.9473 | QP: 63
2026-07-13 13:27:53,830 [INFO ]  [15350/22926] | Loss: 69885.753 | PSNR: 7.932 | MSE: 0.69885753 | BPP: 1.9473 | QP: 63
2026-07-13 13:27:58,874 [INFO ]  [15400/22926] | Loss: 69872.028 | PSNR: 7.935 | MSE: 0.69872028 | BPP: 1.9472 | QP: 63
2026-07-13 13:28:04,032 [INFO ]  [15450/22926] | Loss: 69869.038 | PSNR: 7.936 | MSE: 0.69869038 | BPP: 1.9471 | QP: 63
2026-07-13 13:28:09,135 [INFO ]  [15500/22926] | Loss: 69872.388 | PSNR: 7.935 | MSE: 0.69872388 | BPP: 1.9471 | QP: 63
2026-07-13 13:28:14,129 [INFO ]  [15550/22926] | Loss: 69878.345 | PSNR: 7.934 | MSE: 0.69878345 | BPP: 1.9472 | QP: 63
2026-07-13 13:28:19,256 [INFO ]  [15600/22926] | Loss: 69883.348 | PSNR: 7.933 | MSE: 0.69883348 | BPP: 1.9473 | QP: 63
2026-07-13 13:28:24,366 [INFO ]  [15650/22926] | Loss: 69901.018 | PSNR: 7.930 | MSE: 0.69901018 | BPP: 1.9473 | QP: 63
2026-07-13 13:28:29,467 [INFO ]  [15700/22926] | Loss: 69908.152 | PSNR: 7.928 | MSE: 0.69908152 | BPP: 1.9474 | QP: 63
2026-07-13 13:28:34,575 [INFO ]  [15750/22926] | Loss: 69907.124 | PSNR: 7.928 | MSE: 0.69907124 | BPP: 1.9474 | QP: 63
2026-07-13 13:28:39,678 [INFO ]  [15800/22926] | Loss: 69921.656 | PSNR: 7.925 | MSE: 0.69921656 | BPP: 1.9474 | QP: 63
2026-07-13 13:28:44,678 [INFO ]  [15850/22926] | Loss: 69919.217 | PSNR: 7.926 | MSE: 0.69919217 | BPP: 1.9474 | QP: 63
2026-07-13 13:28:49,704 [INFO ]  [15900/22926] | Loss: 69909.799 | PSNR: 7.927 | MSE: 0.69909799 | BPP: 1.9474 | QP: 63
2026-07-13 13:28:54,779 [INFO ]  [15950/22926] | Loss: 69912.415 | PSNR: 7.926 | MSE: 0.69912415 | BPP: 1.9474 | QP: 63
2026-07-13 13:28:59,854 [INFO ]  [16000/22926] | Loss: 69905.760 | PSNR: 7.926 | MSE: 0.69905760 | BPP: 1.9474 | QP: 63
2026-07-13 13:29:04,845 [INFO ]  [16050/22926] | Loss: 69898.982 | PSNR: 7.928 | MSE: 0.69898982 | BPP: 1.9474 | QP: 63
2026-07-13 13:29:09,917 [INFO ]  [16100/22926] | Loss: 69888.037 | PSNR: 7.929 | MSE: 0.69888037 | BPP: 1.9474 | QP: 63
2026-07-13 13:29:15,043 [INFO ]  [16150/22926] | Loss: 69897.077 | PSNR: 7.927 | MSE: 0.69897077 | BPP: 1.9473 | QP: 63
2026-07-13 13:29:20,125 [INFO ]  [16200/22926] | Loss: 69893.741 | PSNR: 7.928 | MSE: 0.69893741 | BPP: 1.9473 | QP: 63
2026-07-13 13:29:25,215 [INFO ]  [16250/22926] | Loss: 69884.792 | PSNR: 7.930 | MSE: 0.69884792 | BPP: 1.9473 | QP: 63
2026-07-13 13:29:30,267 [INFO ]  [16300/22926] | Loss: 69891.551 | PSNR: 7.929 | MSE: 0.69891551 | BPP: 1.9473 | QP: 63
2026-07-13 13:29:35,325 [INFO ]  [16350/22926] | Loss: 69893.631 | PSNR: 7.929 | MSE: 0.69893631 | BPP: 1.9473 | QP: 63
2026-07-13 13:29:40,461 [INFO ]  [16400/22926] | Loss: 69897.442 | PSNR: 7.928 | MSE: 0.69897442 | BPP: 1.9472 | QP: 63
2026-07-13 13:29:45,489 [INFO ]  [16450/22926] | Loss: 69894.082 | PSNR: 7.930 | MSE: 0.69894082 | BPP: 1.9471 | QP: 63
2026-07-13 13:29:50,592 [INFO ]  [16500/22926] | Loss: 69890.588 | PSNR: 7.931 | MSE: 0.69890588 | BPP: 1.9471 | QP: 63
2026-07-13 13:29:55,641 [INFO ]  [16550/22926] | Loss: 69890.470 | PSNR: 7.930 | MSE: 0.69890470 | BPP: 1.9471 | QP: 63
2026-07-13 13:30:00,820 [INFO ]  [16600/22926] | Loss: 69895.335 | PSNR: 7.929 | MSE: 0.69895335 | BPP: 1.9471 | QP: 63
2026-07-13 13:30:05,986 [INFO ]  [16650/22926] | Loss: 69887.070 | PSNR: 7.931 | MSE: 0.69887070 | BPP: 1.9471 | QP: 63
2026-07-13 13:30:11,151 [INFO ]  [16700/22926] | Loss: 69886.655 | PSNR: 7.931 | MSE: 0.69886655 | BPP: 1.9470 | QP: 63
2026-07-13 13:30:16,270 [INFO ]  [16750/22926] | Loss: 69894.188 | PSNR: 7.931 | MSE: 0.69894188 | BPP: 1.9470 | QP: 63
2026-07-13 13:30:21,374 [INFO ]  [16800/22926] | Loss: 69901.805 | PSNR: 7.929 | MSE: 0.69901805 | BPP: 1.9470 | QP: 63
2026-07-13 13:30:26,456 [INFO ]  [16850/22926] | Loss: 69905.149 | PSNR: 7.929 | MSE: 0.69905149 | BPP: 1.9470 | QP: 63
2026-07-13 13:30:31,680 [INFO ]  [16900/22926] | Loss: 69899.500 | PSNR: 7.931 | MSE: 0.69899500 | BPP: 1.9469 | QP: 63
2026-07-13 13:30:36,743 [INFO ]  [16950/22926] | Loss: 69902.292 | PSNR: 7.931 | MSE: 0.69902292 | BPP: 1.9469 | QP: 63
2026-07-13 13:30:41,963 [INFO ]  [17000/22926] | Loss: 69897.447 | PSNR: 7.933 | MSE: 0.69897447 | BPP: 1.9467 | QP: 63
2026-07-13 13:30:47,083 [INFO ]  [17050/22926] | Loss: 69908.866 | PSNR: 7.931 | MSE: 0.69908866 | BPP: 1.9468 | QP: 63
2026-07-13 13:30:52,134 [INFO ]  [17100/22926] | Loss: 69906.065 | PSNR: 7.932 | MSE: 0.69906065 | BPP: 1.9466 | QP: 63
2026-07-13 13:30:57,277 [INFO ]  [17150/22926] | Loss: 69901.118 | PSNR: 7.933 | MSE: 0.69901118 | BPP: 1.9466 | QP: 63
2026-07-13 13:31:02,419 [INFO ]  [17200/22926] | Loss: 69903.074 | PSNR: 7.933 | MSE: 0.69903074 | BPP: 1.9466 | QP: 63
2026-07-13 13:31:07,557 [INFO ]  [17250/22926] | Loss: 69903.499 | PSNR: 7.933 | MSE: 0.69903499 | BPP: 1.9465 | QP: 63
2026-07-13 13:31:12,621 [INFO ]  [17300/22926] | Loss: 69902.091 | PSNR: 7.934 | MSE: 0.69902091 | BPP: 1.9465 | QP: 63
2026-07-13 13:31:17,754 [INFO ]  [17350/22926] | Loss: 69900.655 | PSNR: 7.934 | MSE: 0.69900655 | BPP: 1.9465 | QP: 63
2026-07-13 13:31:22,881 [INFO ]  [17400/22926] | Loss: 69894.014 | PSNR: 7.936 | MSE: 0.69894014 | BPP: 1.9464 | QP: 63
2026-07-13 13:31:27,959 [INFO ]  [17450/22926] | Loss: 69896.270 | PSNR: 7.937 | MSE: 0.69896270 | BPP: 1.9464 | QP: 63
2026-07-13 13:31:33,116 [INFO ]  [17500/22926] | Loss: 69894.388 | PSNR: 7.938 | MSE: 0.69894388 | BPP: 1.9464 | QP: 63
2026-07-13 13:31:38,199 [INFO ]  [17550/22926] | Loss: 69891.366 | PSNR: 7.938 | MSE: 0.69891366 | BPP: 1.9464 | QP: 63
2026-07-13 13:31:43,321 [INFO ]  [17600/22926] | Loss: 69884.345 | PSNR: 7.939 | MSE: 0.69884345 | BPP: 1.9464 | QP: 63
2026-07-13 13:31:48,520 [INFO ]  [17650/22926] | Loss: 69886.492 | PSNR: 7.938 | MSE: 0.69886492 | BPP: 1.9464 | QP: 63
2026-07-13 13:31:53,596 [INFO ]  [17700/22926] | Loss: 69892.055 | PSNR: 7.936 | MSE: 0.69892055 | BPP: 1.9464 | QP: 63
2026-07-13 13:31:58,699 [INFO ]  [17750/22926] | Loss: 69897.340 | PSNR: 7.935 | MSE: 0.69897340 | BPP: 1.9464 | QP: 63
2026-07-13 13:32:03,872 [INFO ]  [17800/22926] | Loss: 69890.251 | PSNR: 7.936 | MSE: 0.69890251 | BPP: 1.9464 | QP: 63
2026-07-13 13:32:08,992 [INFO ]  [17850/22926] | Loss: 69889.061 | PSNR: 7.937 | MSE: 0.69889061 | BPP: 1.9464 | QP: 63
2026-07-13 13:32:14,072 [INFO ]  [17900/22926] | Loss: 69894.081 | PSNR: 7.936 | MSE: 0.69894081 | BPP: 1.9464 | QP: 63
2026-07-13 13:32:19,225 [INFO ]  [17950/22926] | Loss: 69889.400 | PSNR: 7.936 | MSE: 0.69889400 | BPP: 1.9464 | QP: 63
2026-07-13 13:32:24,343 [INFO ]  [18000/22926] | Loss: 69895.492 | PSNR: 7.936 | MSE: 0.69895492 | BPP: 1.9463 | QP: 63
2026-07-13 13:32:29,459 [INFO ]  [18050/22926] | Loss: 69883.640 | PSNR: 7.938 | MSE: 0.69883640 | BPP: 1.9463 | QP: 63
2026-07-13 13:32:34,564 [INFO ]  [18100/22926] | Loss: 69884.133 | PSNR: 7.939 | MSE: 0.69884133 | BPP: 1.9462 | QP: 63
2026-07-13 13:32:39,713 [INFO ]  [18150/22926] | Loss: 69878.550 | PSNR: 7.940 | MSE: 0.69878550 | BPP: 1.9462 | QP: 63
2026-07-13 13:32:44,797 [INFO ]  [18200/22926] | Loss: 69888.225 | PSNR: 7.939 | MSE: 0.69888225 | BPP: 1.9461 | QP: 63
2026-07-13 13:32:49,963 [INFO ]  [18250/22926] | Loss: 69887.547 | PSNR: 7.940 | MSE: 0.69887547 | BPP: 1.9460 | QP: 63
2026-07-13 13:32:55,085 [INFO ]  [18300/22926] | Loss: 69897.625 | PSNR: 7.938 | MSE: 0.69897625 | BPP: 1.9461 | QP: 63
2026-07-13 13:33:00,243 [INFO ]  [18350/22926] | Loss: 69905.784 | PSNR: 7.936 | MSE: 0.69905784 | BPP: 1.9461 | QP: 63
2026-07-13 13:33:05,327 [INFO ]  [18400/22926] | Loss: 69907.034 | PSNR: 7.936 | MSE: 0.69907034 | BPP: 1.9461 | QP: 63
2026-07-13 13:33:10,499 [INFO ]  [18450/22926] | Loss: 69901.490 | PSNR: 7.937 | MSE: 0.69901490 | BPP: 1.9460 | QP: 63
2026-07-13 13:33:15,664 [INFO ]  [18500/22926] | Loss: 69905.983 | PSNR: 7.937 | MSE: 0.69905983 | BPP: 1.9460 | QP: 63
2026-07-13 13:33:20,761 [INFO ]  [18550/22926] | Loss: 69901.636 | PSNR: 7.937 | MSE: 0.69901636 | BPP: 1.9460 | QP: 63
2026-07-13 13:33:25,895 [INFO ]  [18600/22926] | Loss: 69893.831 | PSNR: 7.940 | MSE: 0.69893831 | BPP: 1.9459 | QP: 63
2026-07-13 13:33:30,958 [INFO ]  [18650/22926] | Loss: 69893.856 | PSNR: 7.940 | MSE: 0.69893856 | BPP: 1.9459 | QP: 63
2026-07-13 13:33:36,178 [INFO ]  [18700/22926] | Loss: 69892.542 | PSNR: 7.940 | MSE: 0.69892542 | BPP: 1.9458 | QP: 63
2026-07-13 13:33:41,333 [INFO ]  [18750/22926] | Loss: 69896.841 | PSNR: 7.940 | MSE: 0.69896841 | BPP: 1.9458 | QP: 63
2026-07-13 13:33:46,722 [INFO ]  [18800/22926] | Loss: 69901.158 | PSNR: 7.938 | MSE: 0.69901158 | BPP: 1.9458 | QP: 63
2026-07-13 13:33:51,818 [INFO ]  [18850/22926] | Loss: 69901.951 | PSNR: 7.938 | MSE: 0.69901951 | BPP: 1.9458 | QP: 63
2026-07-13 13:33:56,893 [INFO ]  [18900/22926] | Loss: 69904.662 | PSNR: 7.939 | MSE: 0.69904662 | BPP: 1.9458 | QP: 63
2026-07-13 13:34:01,979 [INFO ]  [18950/22926] | Loss: 69896.903 | PSNR: 7.941 | MSE: 0.69896903 | BPP: 1.9457 | QP: 63
2026-07-13 13:34:07,021 [INFO ]  [19000/22926] | Loss: 69897.028 | PSNR: 7.941 | MSE: 0.69897028 | BPP: 1.9457 | QP: 63
2026-07-13 13:34:12,156 [INFO ]  [19050/22926] | Loss: 69896.878 | PSNR: 7.942 | MSE: 0.69896878 | BPP: 1.9457 | QP: 63
2026-07-13 13:34:17,280 [INFO ]  [19100/22926] | Loss: 69901.683 | PSNR: 7.941 | MSE: 0.69901683 | BPP: 1.9458 | QP: 63
2026-07-13 13:34:22,434 [INFO ]  [19150/22926] | Loss: 69907.824 | PSNR: 7.939 | MSE: 0.69907824 | BPP: 1.9459 | QP: 63
2026-07-13 13:34:27,628 [INFO ]  [19200/22926] | Loss: 69901.366 | PSNR: 7.940 | MSE: 0.69901366 | BPP: 1.9458 | QP: 63
2026-07-13 13:34:32,829 [INFO ]  [19250/22926] | Loss: 69907.512 | PSNR: 7.939 | MSE: 0.69907512 | BPP: 1.9459 | QP: 63
2026-07-13 13:34:37,950 [INFO ]  [19300/22926] | Loss: 69897.228 | PSNR: 7.941 | MSE: 0.69897228 | BPP: 1.9458 | QP: 63
2026-07-13 13:34:43,138 [INFO ]  [19350/22926] | Loss: 69906.408 | PSNR: 7.939 | MSE: 0.69906408 | BPP: 1.9459 | QP: 63
2026-07-13 13:34:48,238 [INFO ]  [19400/22926] | Loss: 69900.929 | PSNR: 7.940 | MSE: 0.69900929 | BPP: 1.9458 | QP: 63
2026-07-13 13:34:53,324 [INFO ]  [19450/22926] | Loss: 69900.425 | PSNR: 7.940 | MSE: 0.69900425 | BPP: 1.9458 | QP: 63
2026-07-13 13:34:58,463 [INFO ]  [19500/22926] | Loss: 69901.833 | PSNR: 7.940 | MSE: 0.69901833 | BPP: 1.9459 | QP: 63
2026-07-13 13:35:03,572 [INFO ]  [19550/22926] | Loss: 69907.539 | PSNR: 7.938 | MSE: 0.69907539 | BPP: 1.9459 | QP: 63
2026-07-13 13:35:08,668 [INFO ]  [19600/22926] | Loss: 69904.953 | PSNR: 7.938 | MSE: 0.69904953 | BPP: 1.9459 | QP: 63
2026-07-13 13:35:13,835 [INFO ]  [19650/22926] | Loss: 69906.756 | PSNR: 7.939 | MSE: 0.69906756 | BPP: 1.9458 | QP: 63
2026-07-13 13:35:18,973 [INFO ]  [19700/22926] | Loss: 69914.173 | PSNR: 7.937 | MSE: 0.69914173 | BPP: 1.9458 | QP: 63
2026-07-13 13:35:24,116 [INFO ]  [19750/22926] | Loss: 69921.653 | PSNR: 7.935 | MSE: 0.69921653 | BPP: 1.9459 | QP: 63
2026-07-13 13:35:29,237 [INFO ]  [19800/22926] | Loss: 69930.056 | PSNR: 7.934 | MSE: 0.69930056 | BPP: 1.9459 | QP: 63
2026-07-13 13:35:34,303 [INFO ]  [19850/22926] | Loss: 69926.620 | PSNR: 7.935 | MSE: 0.69926620 | BPP: 1.9459 | QP: 63
2026-07-13 13:35:39,345 [INFO ]  [19900/22926] | Loss: 69925.461 | PSNR: 7.935 | MSE: 0.69925461 | BPP: 1.9459 | QP: 63
2026-07-13 13:35:44,389 [INFO ]  [19950/22926] | Loss: 69924.000 | PSNR: 7.935 | MSE: 0.69924000 | BPP: 1.9459 | QP: 63
2026-07-13 13:35:49,507 [INFO ]  [20000/22926] | Loss: 69926.600 | PSNR: 7.935 | MSE: 0.69926600 | BPP: 1.9459 | QP: 63
2026-07-13 13:35:54,628 [INFO ]  [20050/22926] | Loss: 69927.327 | PSNR: 7.935 | MSE: 0.69927327 | BPP: 1.9459 | QP: 63
2026-07-13 13:35:59,760 [INFO ]  [20100/22926] | Loss: 69934.864 | PSNR: 7.933 | MSE: 0.69934864 | BPP: 1.9460 | QP: 63
2026-07-13 13:36:04,981 [INFO ]  [20150/22926] | Loss: 69927.693 | PSNR: 7.934 | MSE: 0.69927693 | BPP: 1.9459 | QP: 63
2026-07-13 13:36:10,046 [INFO ]  [20200/22926] | Loss: 69928.577 | PSNR: 7.934 | MSE: 0.69928577 | BPP: 1.9459 | QP: 63
2026-07-13 13:36:15,209 [INFO ]  [20250/22926] | Loss: 69935.353 | PSNR: 7.933 | MSE: 0.69935353 | BPP: 1.9459 | QP: 63
2026-07-13 13:36:20,375 [INFO ]  [20300/22926] | Loss: 69940.576 | PSNR: 7.931 | MSE: 0.69940576 | BPP: 1.9459 | QP: 63
2026-07-13 13:36:25,468 [INFO ]  [20350/22926] | Loss: 69941.109 | PSNR: 7.931 | MSE: 0.69941109 | BPP: 1.9459 | QP: 63
2026-07-13 13:36:30,500 [INFO ]  [20400/22926] | Loss: 69947.590 | PSNR: 7.930 | MSE: 0.69947590 | BPP: 1.9460 | QP: 63
2026-07-13 13:36:35,677 [INFO ]  [20450/22926] | Loss: 69946.010 | PSNR: 7.930 | MSE: 0.69946010 | BPP: 1.9460 | QP: 63
2026-07-13 13:36:40,758 [INFO ]  [20500/22926] | Loss: 69939.243 | PSNR: 7.932 | MSE: 0.69939243 | BPP: 1.9459 | QP: 63
2026-07-13 13:36:45,822 [INFO ]  [20550/22926] | Loss: 69935.529 | PSNR: 7.932 | MSE: 0.69935529 | BPP: 1.9459 | QP: 63
2026-07-13 13:36:51,132 [INFO ]  [20600/22926] | Loss: 69927.817 | PSNR: 7.934 | MSE: 0.69927817 | BPP: 1.9458 | QP: 63
2026-07-13 13:36:56,276 [INFO ]  [20650/22926] | Loss: 69931.476 | PSNR: 7.933 | MSE: 0.69931476 | BPP: 1.9458 | QP: 63
2026-07-13 13:37:01,361 [INFO ]  [20700/22926] | Loss: 69931.829 | PSNR: 7.933 | MSE: 0.69931829 | BPP: 1.9459 | QP: 63
2026-07-13 13:37:06,449 [INFO ]  [20750/22926] | Loss: 69930.013 | PSNR: 7.933 | MSE: 0.69930013 | BPP: 1.9459 | QP: 63
2026-07-13 13:37:11,528 [INFO ]  [20800/22926] | Loss: 69931.251 | PSNR: 7.933 | MSE: 0.69931251 | BPP: 1.9459 | QP: 63
2026-07-13 13:37:16,651 [INFO ]  [20850/22926] | Loss: 69928.610 | PSNR: 7.933 | MSE: 0.69928610 | BPP: 1.9459 | QP: 63
2026-07-13 13:37:21,806 [INFO ]  [20900/22926] | Loss: 69925.160 | PSNR: 7.935 | MSE: 0.69925160 | BPP: 1.9458 | QP: 63
2026-07-13 13:37:26,829 [INFO ]  [20950/22926] | Loss: 69920.562 | PSNR: 7.936 | MSE: 0.69920562 | BPP: 1.9458 | QP: 63
2026-07-13 13:37:31,876 [INFO ]  [21000/22926] | Loss: 69913.676 | PSNR: 7.936 | MSE: 0.69913676 | BPP: 1.9458 | QP: 63
2026-07-13 13:37:36,942 [INFO ]  [21050/22926] | Loss: 69918.177 | PSNR: 7.935 | MSE: 0.69918177 | BPP: 1.9459 | QP: 63
2026-07-13 13:37:42,112 [INFO ]  [21100/22926] | Loss: 69927.190 | PSNR: 7.933 | MSE: 0.69927190 | BPP: 1.9459 | QP: 63
2026-07-13 13:37:47,275 [INFO ]  [21150/22926] | Loss: 69930.199 | PSNR: 7.932 | MSE: 0.69930199 | BPP: 1.9459 | QP: 63
2026-07-13 13:37:52,291 [INFO ]  [21200/22926] | Loss: 69929.739 | PSNR: 7.932 | MSE: 0.69929739 | BPP: 1.9459 | QP: 63
2026-07-13 13:37:57,420 [INFO ]  [21250/22926] | Loss: 69929.991 | PSNR: 7.932 | MSE: 0.69929991 | BPP: 1.9459 | QP: 63
2026-07-13 13:38:02,465 [INFO ]  [21300/22926] | Loss: 69934.463 | PSNR: 7.932 | MSE: 0.69934463 | BPP: 1.9458 | QP: 63
2026-07-13 13:38:07,457 [INFO ]  [21350/22926] | Loss: 69930.966 | PSNR: 7.932 | MSE: 0.69930966 | BPP: 1.9458 | QP: 63
2026-07-13 13:38:12,461 [INFO ]  [21400/22926] | Loss: 69930.253 | PSNR: 7.933 | MSE: 0.69930253 | BPP: 1.9458 | QP: 63
2026-07-13 13:38:17,545 [INFO ]  [21450/22926] | Loss: 69930.226 | PSNR: 7.933 | MSE: 0.69930226 | BPP: 1.9459 | QP: 63
2026-07-13 13:38:22,640 [INFO ]  [21500/22926] | Loss: 69926.060 | PSNR: 7.933 | MSE: 0.69926060 | BPP: 1.9458 | QP: 63
2026-07-13 13:38:27,693 [INFO ]  [21550/22926] | Loss: 69924.949 | PSNR: 7.933 | MSE: 0.69924949 | BPP: 1.9458 | QP: 63
2026-07-13 13:38:32,847 [INFO ]  [21600/22926] | Loss: 69922.975 | PSNR: 7.933 | MSE: 0.69922975 | BPP: 1.9458 | QP: 63
2026-07-13 13:38:38,041 [INFO ]  [21650/22926] | Loss: 69932.044 | PSNR: 7.931 | MSE: 0.69932044 | BPP: 1.9459 | QP: 63
2026-07-13 13:38:43,209 [INFO ]  [21700/22926] | Loss: 69928.729 | PSNR: 7.932 | MSE: 0.69928729 | BPP: 1.9459 | QP: 63
2026-07-13 13:38:48,380 [INFO ]  [21750/22926] | Loss: 69924.172 | PSNR: 7.933 | MSE: 0.69924172 | BPP: 1.9458 | QP: 63
2026-07-13 13:38:53,444 [INFO ]  [21800/22926] | Loss: 69920.709 | PSNR: 7.933 | MSE: 0.69920709 | BPP: 1.9459 | QP: 63
2026-07-13 13:38:58,634 [INFO ]  [21850/22926] | Loss: 69919.893 | PSNR: 7.932 | MSE: 0.69919893 | BPP: 1.9459 | QP: 63
2026-07-13 13:39:03,795 [INFO ]  [21900/22926] | Loss: 69916.958 | PSNR: 7.932 | MSE: 0.69916958 | BPP: 1.9459 | QP: 63
2026-07-13 13:39:08,906 [INFO ]  [21950/22926] | Loss: 69918.743 | PSNR: 7.933 | MSE: 0.69918743 | BPP: 1.9459 | QP: 63
2026-07-13 13:39:14,031 [INFO ]  [22000/22926] | Loss: 69912.454 | PSNR: 7.934 | MSE: 0.69912454 | BPP: 1.9459 | QP: 63
2026-07-13 13:39:19,157 [INFO ]  [22050/22926] | Loss: 69907.504 | PSNR: 7.935 | MSE: 0.69907504 | BPP: 1.9458 | QP: 63
2026-07-13 13:39:24,225 [INFO ]  [22100/22926] | Loss: 69907.039 | PSNR: 7.935 | MSE: 0.69907039 | BPP: 1.9459 | QP: 63
2026-07-13 13:39:29,313 [INFO ]  [22150/22926] | Loss: 69907.223 | PSNR: 7.936 | MSE: 0.69907223 | BPP: 1.9458 | QP: 63
2026-07-13 13:39:34,417 [INFO ]  [22200/22926] | Loss: 69908.410 | PSNR: 7.935 | MSE: 0.69908410 | BPP: 1.9458 | QP: 63
2026-07-13 13:39:39,738 [INFO ]  [22250/22926] | Loss: 69908.318 | PSNR: 7.935 | MSE: 0.69908318 | BPP: 1.9458 | QP: 63
2026-07-13 13:39:44,881 [INFO ]  [22300/22926] | Loss: 69902.235 | PSNR: 7.936 | MSE: 0.69902235 | BPP: 1.9457 | QP: 63
2026-07-13 13:39:50,161 [INFO ]  [22350/22926] | Loss: 69908.035 | PSNR: 7.935 | MSE: 0.69908035 | BPP: 1.9458 | QP: 63
2026-07-13 13:39:55,349 [INFO ]  [22400/22926] | Loss: 69904.774 | PSNR: 7.936 | MSE: 0.69904774 | BPP: 1.9457 | QP: 63
2026-07-13 13:40:00,490 [INFO ]  [22450/22926] | Loss: 69906.272 | PSNR: 7.935 | MSE: 0.69906272 | BPP: 1.9457 | QP: 63
2026-07-13 13:40:05,622 [INFO ]  [22500/22926] | Loss: 69901.203 | PSNR: 7.936 | MSE: 0.69901203 | BPP: 1.9457 | QP: 63
2026-07-13 13:40:10,714 [INFO ]  [22550/22926] | Loss: 69901.994 | PSNR: 7.936 | MSE: 0.69901994 | BPP: 1.9457 | QP: 63
2026-07-13 13:40:15,826 [INFO ]  [22600/22926] | Loss: 69900.485 | PSNR: 7.937 | MSE: 0.69900485 | BPP: 1.9456 | QP: 63
2026-07-13 13:40:20,913 [INFO ]  [22650/22926] | Loss: 69897.333 | PSNR: 7.938 | MSE: 0.69897333 | BPP: 1.9456 | QP: 63
2026-07-13 13:40:26,032 [INFO ]  [22700/22926] | Loss: 69895.038 | PSNR: 7.938 | MSE: 0.69895038 | BPP: 1.9456 | QP: 63
2026-07-13 13:40:31,175 [INFO ]  [22750/22926] | Loss: 69894.005 | PSNR: 7.938 | MSE: 0.69894005 | BPP: 1.9456 | QP: 63
2026-07-13 13:40:36,265 [INFO ]  [22800/22926] | Loss: 69889.849 | PSNR: 7.939 | MSE: 0.69889849 | BPP: 1.9456 | QP: 63
2026-07-13 13:40:41,381 [INFO ]  [22850/22926] | Loss: 69907.071 | PSNR: 7.937 | MSE: 0.69907071 | BPP: 1.9456 | QP: 63
2026-07-13 13:40:46,563 [INFO ]  [22900/22926] | Loss: 69912.051 | PSNR: 7.936 | MSE: 0.69912051 | BPP: 1.9455 | QP: 63
2026-07-13 13:40:48,972 [INFO ]  Train epoch 2: Loss: 69934.950 | PSNR: 7.928 | MSE: 0.69934950 | BPP: 1.9459
2026-07-13 13:40:48,973 [INFO ]  No test_filelist is set; using train loss for checkpoint selection.
2026-07-13 13:40:49,721 [INFO ]  Global step updated to: 68778
2026-07-13 13:40:49,722 [INFO ]  ====== Current epoch 3 ======
2026-07-13 13:40:49,722 [INFO ]  Learning rate: 0.0001
2026-07-13 13:40:49,935 [INFO ]  [0/22926] | Loss: 52074.777 | PSNR: 14.367 | MSE: 0.52074778 | BPP: 1.3531 | QP: 63
2026-07-13 13:40:55,144 [INFO ]  [50/22926] | Loss: 66164.847 | PSNR: 8.800 | MSE: 0.66164847 | BPP: 1.9091 | QP: 63
2026-07-13 13:41:00,257 [INFO ]  [100/22926] | Loss: 66996.382 | PSNR: 8.711 | MSE: 0.66996382 | BPP: 1.9130 | QP: 63
2026-07-13 13:41:05,352 [INFO ]  [150/22926] | Loss: 69068.216 | PSNR: 8.256 | MSE: 0.69068216 | BPP: 1.9279 | QP: 63
2026-07-13 13:41:10,517 [INFO ]  [200/22926] | Loss: 69904.560 | PSNR: 8.055 | MSE: 0.69904560 | BPP: 1.9374 | QP: 63
2026-07-13 13:41:15,587 [INFO ]  [250/22926] | Loss: 69387.379 | PSNR: 8.088 | MSE: 0.69387379 | BPP: 1.9384 | QP: 63
2026-07-13 13:41:20,690 [INFO ]  [300/22926] | Loss: 69442.939 | PSNR: 8.075 | MSE: 0.69442939 | BPP: 1.9377 | QP: 63
2026-07-13 13:41:25,843 [INFO ]  [350/22926] | Loss: 69317.472 | PSNR: 8.094 | MSE: 0.69317472 | BPP: 1.9373 | QP: 63
2026-07-13 13:41:30,994 [INFO ]  [400/22926] | Loss: 69594.607 | PSNR: 8.010 | MSE: 0.69594607 | BPP: 1.9425 | QP: 63
2026-07-13 13:41:36,184 [INFO ]  [450/22926] | Loss: 69908.718 | PSNR: 7.932 | MSE: 0.69908718 | BPP: 1.9433 | QP: 63
2026-07-13 13:41:41,255 [INFO ]  [500/22926] | Loss: 69891.575 | PSNR: 7.930 | MSE: 0.69891575 | BPP: 1.9434 | QP: 63
2026-07-13 13:41:46,398 [INFO ]  [550/22926] | Loss: 69680.634 | PSNR: 7.972 | MSE: 0.69680634 | BPP: 1.9400 | QP: 63
2026-07-13 13:41:51,460 [INFO ]  [600/22926] | Loss: 69852.201 | PSNR: 7.937 | MSE: 0.69852201 | BPP: 1.9411 | QP: 63
2026-07-13 13:41:56,531 [INFO ]  [650/22926] | Loss: 70019.185 | PSNR: 7.899 | MSE: 0.70019185 | BPP: 1.9420 | QP: 63
2026-07-13 13:42:01,641 [INFO ]  [700/22926] | Loss: 69907.533 | PSNR: 7.907 | MSE: 0.69907533 | BPP: 1.9429 | QP: 63
2026-07-13 13:42:06,761 [INFO ]  [750/22926] | Loss: 69916.402 | PSNR: 7.941 | MSE: 0.69916402 | BPP: 1.9402 | QP: 63
2026-07-13 13:42:11,881 [INFO ]  [800/22926] | Loss: 69978.746 | PSNR: 7.922 | MSE: 0.69978746 | BPP: 1.9413 | QP: 63
2026-07-13 13:42:16,951 [INFO ]  [850/22926] | Loss: 69830.531 | PSNR: 7.947 | MSE: 0.69830531 | BPP: 1.9411 | QP: 63
2026-07-13 13:42:22,081 [INFO ]  [900/22926] | Loss: 69679.743 | PSNR: 7.968 | MSE: 0.69679743 | BPP: 1.9409 | QP: 63
2026-07-13 13:42:27,141 [INFO ]  [950/22926] | Loss: 69839.694 | PSNR: 7.948 | MSE: 0.69839694 | BPP: 1.9409 | QP: 63
2026-07-13 13:42:32,173 [INFO ]  [1000/22926] | Loss: 69904.815 | PSNR: 7.952 | MSE: 0.69904815 | BPP: 1.9405 | QP: 63
2026-07-13 13:42:37,427 [INFO ]  [1050/22926] | Loss: 69934.562 | PSNR: 7.953 | MSE: 0.69934562 | BPP: 1.9398 | QP: 63
2026-07-13 13:42:42,464 [INFO ]  [1100/22926] | Loss: 69805.132 | PSNR: 7.974 | MSE: 0.69805132 | BPP: 1.9401 | QP: 63
2026-07-13 13:42:47,600 [INFO ]  [1150/22926] | Loss: 69615.072 | PSNR: 8.017 | MSE: 0.69615072 | BPP: 1.9398 | QP: 63
2026-07-13 13:42:52,714 [INFO ]  [1200/22926] | Loss: 69521.623 | PSNR: 8.016 | MSE: 0.69521623 | BPP: 1.9409 | QP: 63
2026-07-13 13:42:58,045 [INFO ]  [1250/22926] | Loss: 69471.986 | PSNR: 8.016 | MSE: 0.69471986 | BPP: 1.9405 | QP: 63
2026-07-13 13:43:03,214 [INFO ]  [1300/22926] | Loss: 69463.135 | PSNR: 8.009 | MSE: 0.69463135 | BPP: 1.9414 | QP: 63
2026-07-13 13:43:08,417 [INFO ]  [1350/22926] | Loss: 69383.045 | PSNR: 8.019 | MSE: 0.69383045 | BPP: 1.9408 | QP: 63
2026-07-13 13:43:13,592 [INFO ]  [1400/22926] | Loss: 69318.473 | PSNR: 8.027 | MSE: 0.69318473 | BPP: 1.9404 | QP: 63
2026-07-13 13:43:18,808 [INFO ]  [1450/22926] | Loss: 69309.038 | PSNR: 8.031 | MSE: 0.69309038 | BPP: 1.9404 | QP: 63
2026-07-13 13:43:24,013 [INFO ]  [1500/22926] | Loss: 69283.288 | PSNR: 8.026 | MSE: 0.69283288 | BPP: 1.9406 | QP: 63
2026-07-13 13:43:29,185 [INFO ]  [1550/22926] | Loss: 69329.234 | PSNR: 8.019 | MSE: 0.69329234 | BPP: 1.9414 | QP: 63
2026-07-13 13:43:34,317 [INFO ]  [1600/22926] | Loss: 69407.868 | PSNR: 8.008 | MSE: 0.69407868 | BPP: 1.9417 | QP: 63
2026-07-13 13:43:39,354 [INFO ]  [1650/22926] | Loss: 69333.762 | PSNR: 8.017 | MSE: 0.69333762 | BPP: 1.9417 | QP: 63
2026-07-13 13:43:44,495 [INFO ]  [1700/22926] | Loss: 69303.938 | PSNR: 8.022 | MSE: 0.69303938 | BPP: 1.9421 | QP: 63
2026-07-13 13:43:49,594 [INFO ]  [1750/22926] | Loss: 69274.788 | PSNR: 8.029 | MSE: 0.69274788 | BPP: 1.9418 | QP: 63
2026-07-13 13:43:54,753 [INFO ]  [1800/22926] | Loss: 69252.981 | PSNR: 8.036 | MSE: 0.69252981 | BPP: 1.9412 | QP: 63
2026-07-13 13:43:59,869 [INFO ]  [1850/22926] | Loss: 69265.819 | PSNR: 8.040 | MSE: 0.69265819 | BPP: 1.9411 | QP: 63
2026-07-13 13:44:04,972 [INFO ]  [1900/22926] | Loss: 69327.291 | PSNR: 8.026 | MSE: 0.69327291 | BPP: 1.9415 | QP: 63
2026-07-13 13:44:10,094 [INFO ]  [1950/22926] | Loss: 69306.034 | PSNR: 8.026 | MSE: 0.69306034 | BPP: 1.9419 | QP: 63
2026-07-13 13:44:15,104 [INFO ]  [2000/22926] | Loss: 69396.749 | PSNR: 8.004 | MSE: 0.69396749 | BPP: 1.9427 | QP: 63
2026-07-13 13:44:20,156 [INFO ]  [2050/22926] | Loss: 69441.835 | PSNR: 7.997 | MSE: 0.69441835 | BPP: 1.9429 | QP: 63
2026-07-13 13:44:25,188 [INFO ]  [2100/22926] | Loss: 69423.268 | PSNR: 8.004 | MSE: 0.69423268 | BPP: 1.9428 | QP: 63
2026-07-13 13:44:30,233 [INFO ]  [2150/22926] | Loss: 69480.414 | PSNR: 7.992 | MSE: 0.69480414 | BPP: 1.9430 | QP: 63
2026-07-13 13:44:35,243 [INFO ]  [2200/22926] | Loss: 69481.591 | PSNR: 7.990 | MSE: 0.69481591 | BPP: 1.9426 | QP: 63
2026-07-13 13:44:40,332 [INFO ]  [2250/22926] | Loss: 69497.390 | PSNR: 7.990 | MSE: 0.69497390 | BPP: 1.9427 | QP: 63
2026-07-13 13:44:45,358 [INFO ]  [2300/22926] | Loss: 69465.152 | PSNR: 7.994 | MSE: 0.69465152 | BPP: 1.9427 | QP: 63
2026-07-13 13:44:50,458 [INFO ]  [2350/22926] | Loss: 69464.957 | PSNR: 7.993 | MSE: 0.69464957 | BPP: 1.9420 | QP: 63
2026-07-13 13:44:55,519 [INFO ]  [2400/22926] | Loss: 69510.504 | PSNR: 7.988 | MSE: 0.69510504 | BPP: 1.9421 | QP: 63
2026-07-13 13:45:00,757 [INFO ]  [2450/22926] | Loss: 69549.585 | PSNR: 7.981 | MSE: 0.69549585 | BPP: 1.9417 | QP: 63
2026-07-13 13:45:05,928 [INFO ]  [2500/22926] | Loss: 69578.491 | PSNR: 7.979 | MSE: 0.69578491 | BPP: 1.9416 | QP: 63
2026-07-13 13:45:11,110 [INFO ]  [2550/22926] | Loss: 69592.361 | PSNR: 7.975 | MSE: 0.69592361 | BPP: 1.9417 | QP: 63
2026-07-13 13:45:16,226 [INFO ]  [2600/22926] | Loss: 69615.590 | PSNR: 7.973 | MSE: 0.69615590 | BPP: 1.9415 | QP: 63
2026-07-13 13:45:21,341 [INFO ]  [2650/22926] | Loss: 69707.311 | PSNR: 7.960 | MSE: 0.69707311 | BPP: 1.9418 | QP: 63
2026-07-13 13:45:26,403 [INFO ]  [2700/22926] | Loss: 69722.966 | PSNR: 7.957 | MSE: 0.69722966 | BPP: 1.9419 | QP: 63
2026-07-13 13:45:31,453 [INFO ]  [2750/22926] | Loss: 69704.501 | PSNR: 7.959 | MSE: 0.69704501 | BPP: 1.9421 | QP: 63
2026-07-13 13:45:36,498 [INFO ]  [2800/22926] | Loss: 69712.056 | PSNR: 7.961 | MSE: 0.69712056 | BPP: 1.9418 | QP: 63
2026-07-13 13:45:41,693 [INFO ]  [2850/22926] | Loss: 69720.174 | PSNR: 7.953 | MSE: 0.69720174 | BPP: 1.9421 | QP: 63
2026-07-13 13:45:46,753 [INFO ]  [2900/22926] | Loss: 69726.550 | PSNR: 7.952 | MSE: 0.69726550 | BPP: 1.9421 | QP: 63
2026-07-13 13:45:51,910 [INFO ]  [2950/22926] | Loss: 69717.798 | PSNR: 7.958 | MSE: 0.69717798 | BPP: 1.9412 | QP: 63
2026-07-13 13:45:57,191 [INFO ]  [3000/22926] | Loss: 69721.323 | PSNR: 7.956 | MSE: 0.69721323 | BPP: 1.9414 | QP: 63
2026-07-13 13:46:02,485 [INFO ]  [3050/22926] | Loss: 69736.076 | PSNR: 7.956 | MSE: 0.69736076 | BPP: 1.9416 | QP: 63
2026-07-13 13:46:07,538 [INFO ]  [3100/22926] | Loss: 69742.247 | PSNR: 7.954 | MSE: 0.69742247 | BPP: 1.9416 | QP: 63
2026-07-13 13:46:12,634 [INFO ]  [3150/22926] | Loss: 69751.683 | PSNR: 7.960 | MSE: 0.69751683 | BPP: 1.9405 | QP: 63
2026-07-13 13:46:17,687 [INFO ]  [3200/22926] | Loss: 69759.935 | PSNR: 7.955 | MSE: 0.69759935 | BPP: 1.9407 | QP: 63
2026-07-13 13:46:22,727 [INFO ]  [3250/22926] | Loss: 69781.675 | PSNR: 7.946 | MSE: 0.69781675 | BPP: 1.9411 | QP: 63
2026-07-13 13:46:27,850 [INFO ]  [3300/22926] | Loss: 69766.009 | PSNR: 7.947 | MSE: 0.69766009 | BPP: 1.9411 | QP: 63
2026-07-13 13:46:32,937 [INFO ]  [3350/22926] | Loss: 69806.670 | PSNR: 7.939 | MSE: 0.69806670 | BPP: 1.9410 | QP: 63
2026-07-13 13:46:38,006 [INFO ]  [3400/22926] | Loss: 69780.682 | PSNR: 7.944 | MSE: 0.69780682 | BPP: 1.9406 | QP: 63
2026-07-13 13:46:43,131 [INFO ]  [3450/22926] | Loss: 69792.883 | PSNR: 7.943 | MSE: 0.69792883 | BPP: 1.9406 | QP: 63
2026-07-13 13:46:48,169 [INFO ]  [3500/22926] | Loss: 69776.326 | PSNR: 7.946 | MSE: 0.69776326 | BPP: 1.9407 | QP: 63
2026-07-13 13:46:53,186 [INFO ]  [3550/22926] | Loss: 69801.621 | PSNR: 7.939 | MSE: 0.69801621 | BPP: 1.9410 | QP: 63
2026-07-13 13:46:58,364 [INFO ]  [3600/22926] | Loss: 69783.169 | PSNR: 7.943 | MSE: 0.69783169 | BPP: 1.9410 | QP: 63
2026-07-13 13:47:03,416 [INFO ]  [3650/22926] | Loss: 69766.924 | PSNR: 7.943 | MSE: 0.69766924 | BPP: 1.9411 | QP: 63
2026-07-13 13:47:08,485 [INFO ]  [3700/22926] | Loss: 69769.423 | PSNR: 7.944 | MSE: 0.69769423 | BPP: 1.9408 | QP: 63
2026-07-13 13:47:13,499 [INFO ]  [3750/22926] | Loss: 69791.619 | PSNR: 7.938 | MSE: 0.69791619 | BPP: 1.9411 | QP: 63
2026-07-13 13:47:18,587 [INFO ]  [3800/22926] | Loss: 69742.040 | PSNR: 7.948 | MSE: 0.69742040 | BPP: 1.9408 | QP: 63
2026-07-13 13:47:23,702 [INFO ]  [3850/22926] | Loss: 69763.515 | PSNR: 7.943 | MSE: 0.69763515 | BPP: 1.9410 | QP: 63
2026-07-13 13:47:28,861 [INFO ]  [3900/22926] | Loss: 69762.408 | PSNR: 7.947 | MSE: 0.69762408 | BPP: 1.9411 | QP: 63
2026-07-13 13:47:34,050 [INFO ]  [3950/22926] | Loss: 69736.086 | PSNR: 7.952 | MSE: 0.69736086 | BPP: 1.9408 | QP: 63
2026-07-13 13:47:39,253 [INFO ]  [4000/22926] | Loss: 69749.470 | PSNR: 7.951 | MSE: 0.69749470 | BPP: 1.9406 | QP: 63
2026-07-13 13:47:44,457 [INFO ]  [4050/22926] | Loss: 69748.906 | PSNR: 7.950 | MSE: 0.69748906 | BPP: 1.9405 | QP: 63
2026-07-13 13:47:49,638 [INFO ]  [4100/22926] | Loss: 69749.259 | PSNR: 7.951 | MSE: 0.69749259 | BPP: 1.9404 | QP: 63
2026-07-13 13:47:54,813 [INFO ]  [4150/22926] | Loss: 69771.535 | PSNR: 7.946 | MSE: 0.69771535 | BPP: 1.9403 | QP: 63
2026-07-13 13:47:59,994 [INFO ]  [4200/22926] | Loss: 69758.845 | PSNR: 7.946 | MSE: 0.69758845 | BPP: 1.9404 | QP: 63
2026-07-13 13:48:05,136 [INFO ]  [4250/22926] | Loss: 69779.133 | PSNR: 7.943 | MSE: 0.69779133 | BPP: 1.9405 | QP: 63
2026-07-13 13:48:10,357 [INFO ]  [4300/22926] | Loss: 69746.033 | PSNR: 7.947 | MSE: 0.69746033 | BPP: 1.9406 | QP: 63
2026-07-13 13:48:15,439 [INFO ]  [4350/22926] | Loss: 69756.872 | PSNR: 7.947 | MSE: 0.69756872 | BPP: 1.9405 | QP: 63
2026-07-13 13:48:20,556 [INFO ]  [4400/22926] | Loss: 69754.882 | PSNR: 7.944 | MSE: 0.69754882 | BPP: 1.9407 | QP: 63
2026-07-13 13:48:25,703 [INFO ]  [4450/22926] | Loss: 69788.001 | PSNR: 7.943 | MSE: 0.69788001 | BPP: 1.9406 | QP: 63
2026-07-13 13:48:30,825 [INFO ]  [4500/22926] | Loss: 69769.009 | PSNR: 7.944 | MSE: 0.69769009 | BPP: 1.9406 | QP: 63
2026-07-13 13:48:35,974 [INFO ]  [4550/22926] | Loss: 69765.976 | PSNR: 7.941 | MSE: 0.69765976 | BPP: 1.9406 | QP: 63
2026-07-13 13:48:41,060 [INFO ]  [4600/22926] | Loss: 69740.699 | PSNR: 7.946 | MSE: 0.69740699 | BPP: 1.9404 | QP: 63
2026-07-13 13:48:46,185 [INFO ]  [4650/22926] | Loss: 69721.451 | PSNR: 7.948 | MSE: 0.69721451 | BPP: 1.9405 | QP: 63
2026-07-13 13:48:51,206 [INFO ]  [4700/22926] | Loss: 69722.276 | PSNR: 7.946 | MSE: 0.69722276 | BPP: 1.9408 | QP: 63
2026-07-13 13:48:56,263 [INFO ]  [4750/22926] | Loss: 69699.404 | PSNR: 7.950 | MSE: 0.69699404 | BPP: 1.9406 | QP: 63
2026-07-13 13:49:01,582 [INFO ]  [4800/22926] | Loss: 69684.763 | PSNR: 7.953 | MSE: 0.69684763 | BPP: 1.9406 | QP: 63
2026-07-13 13:49:06,811 [INFO ]  [4850/22926] | Loss: 69699.084 | PSNR: 7.949 | MSE: 0.69699084 | BPP: 1.9407 | QP: 63
2026-07-13 13:49:12,025 [INFO ]  [4900/22926] | Loss: 69699.716 | PSNR: 7.948 | MSE: 0.69699716 | BPP: 1.9407 | QP: 63
2026-07-13 13:49:17,164 [INFO ]  [4950/22926] | Loss: 69731.014 | PSNR: 7.948 | MSE: 0.69731014 | BPP: 1.9408 | QP: 63
2026-07-13 13:49:22,294 [INFO ]  [5000/22926] | Loss: 69753.010 | PSNR: 7.944 | MSE: 0.69753010 | BPP: 1.9408 | QP: 63
2026-07-13 13:49:27,455 [INFO ]  [5050/22926] | Loss: 69729.274 | PSNR: 7.951 | MSE: 0.69729274 | BPP: 1.9405 | QP: 63
2026-07-13 13:49:32,544 [INFO ]  [5100/22926] | Loss: 69756.843 | PSNR: 7.944 | MSE: 0.69756843 | BPP: 1.9408 | QP: 63
2026-07-13 13:49:37,703 [INFO ]  [5150/22926] | Loss: 69774.647 | PSNR: 7.937 | MSE: 0.69774647 | BPP: 1.9411 | QP: 63
2026-07-13 13:49:42,751 [INFO ]  [5200/22926] | Loss: 69774.356 | PSNR: 7.940 | MSE: 0.69774356 | BPP: 1.9410 | QP: 63
2026-07-13 13:49:47,803 [INFO ]  [5250/22926] | Loss: 69796.750 | PSNR: 7.935 | MSE: 0.69796750 | BPP: 1.9411 | QP: 63
2026-07-13 13:49:52,902 [INFO ]  [5300/22926] | Loss: 69821.089 | PSNR: 7.933 | MSE: 0.69821089 | BPP: 1.9410 | QP: 63
2026-07-13 13:49:57,887 [INFO ]  [5350/22926] | Loss: 69835.873 | PSNR: 7.930 | MSE: 0.69835873 | BPP: 1.9410 | QP: 63
2026-07-13 13:50:03,025 [INFO ]  [5400/22926] | Loss: 69826.210 | PSNR: 7.933 | MSE: 0.69826210 | BPP: 1.9410 | QP: 63
2026-07-13 13:50:08,090 [INFO ]  [5450/22926] | Loss: 69830.114 | PSNR: 7.933 | MSE: 0.69830114 | BPP: 1.9409 | QP: 63
2026-07-13 13:50:13,257 [INFO ]  [5500/22926] | Loss: 69851.233 | PSNR: 7.929 | MSE: 0.69851233 | BPP: 1.9411 | QP: 63
2026-07-13 13:50:18,361 [INFO ]  [5550/22926] | Loss: 69870.820 | PSNR: 7.922 | MSE: 0.69870820 | BPP: 1.9415 | QP: 63
2026-07-13 13:50:23,456 [INFO ]  [5600/22926] | Loss: 69881.668 | PSNR: 7.918 | MSE: 0.69881668 | BPP: 1.9419 | QP: 63
2026-07-13 13:50:28,539 [INFO ]  [5650/22926] | Loss: 69895.458 | PSNR: 7.915 | MSE: 0.69895458 | BPP: 1.9423 | QP: 63
2026-07-13 13:50:33,620 [INFO ]  [5700/22926] | Loss: 69905.845 | PSNR: 7.913 | MSE: 0.69905845 | BPP: 1.9426 | QP: 63
2026-07-13 13:50:38,698 [INFO ]  [5750/22926] | Loss: 69906.821 | PSNR: 7.911 | MSE: 0.69906821 | BPP: 1.9430 | QP: 63
2026-07-13 13:50:43,800 [INFO ]  [5800/22926] | Loss: 69919.351 | PSNR: 7.908 | MSE: 0.69919351 | BPP: 1.9434 | QP: 63
2026-07-13 13:50:48,893 [INFO ]  [5850/22926] | Loss: 69916.243 | PSNR: 7.909 | MSE: 0.69916243 | BPP: 1.9437 | QP: 63
2026-07-13 13:50:54,074 [INFO ]  [5900/22926] | Loss: 69920.254 | PSNR: 7.906 | MSE: 0.69920254 | BPP: 1.9440 | QP: 63
2026-07-13 13:50:59,181 [INFO ]  [5950/22926] | Loss: 69906.367 | PSNR: 7.906 | MSE: 0.69906367 | BPP: 1.9444 | QP: 63
2026-07-13 13:51:04,287 [INFO ]  [6000/22926] | Loss: 69909.107 | PSNR: 7.905 | MSE: 0.69909107 | BPP: 1.9447 | QP: 63
2026-07-13 13:51:09,387 [INFO ]  [6050/22926] | Loss: 69913.195 | PSNR: 7.902 | MSE: 0.69913195 | BPP: 1.9451 | QP: 63
2026-07-13 13:51:14,611 [INFO ]  [6100/22926] | Loss: 69941.013 | PSNR: 7.897 | MSE: 0.69941013 | BPP: 1.9454 | QP: 63
2026-07-13 13:51:19,729 [INFO ]  [6150/22926] | Loss: 69941.729 | PSNR: 7.895 | MSE: 0.69941729 | BPP: 1.9457 | QP: 63
2026-07-13 13:51:24,881 [INFO ]  [6200/22926] | Loss: 69953.317 | PSNR: 7.892 | MSE: 0.69953317 | BPP: 1.9460 | QP: 63
2026-07-13 13:51:29,945 [INFO ]  [6250/22926] | Loss: 69943.140 | PSNR: 7.892 | MSE: 0.69943140 | BPP: 1.9463 | QP: 63
2026-07-13 13:51:35,083 [INFO ]  [6300/22926] | Loss: 69958.357 | PSNR: 7.888 | MSE: 0.69958357 | BPP: 1.9466 | QP: 63
2026-07-13 13:51:40,209 [INFO ]  [6350/22926] | Loss: 69982.380 | PSNR: 7.882 | MSE: 0.69982380 | BPP: 1.9469 | QP: 63
2026-07-13 13:51:45,449 [INFO ]  [6400/22926] | Loss: 69963.316 | PSNR: 7.882 | MSE: 0.69963316 | BPP: 1.9472 | QP: 63
2026-07-13 13:51:50,513 [INFO ]  [6450/22926] | Loss: 69960.695 | PSNR: 7.881 | MSE: 0.69960695 | BPP: 1.9475 | QP: 63
2026-07-13 13:51:55,708 [INFO ]  [6500/22926] | Loss: 69962.768 | PSNR: 7.878 | MSE: 0.69962768 | BPP: 1.9478 | QP: 63
2026-07-13 13:52:00,790 [INFO ]  [6550/22926] | Loss: 69972.003 | PSNR: 7.876 | MSE: 0.69972003 | BPP: 1.9481 | QP: 63
2026-07-13 13:52:06,114 [INFO ]  [6600/22926] | Loss: 69966.281 | PSNR: 7.875 | MSE: 0.69966281 | BPP: 1.9484 | QP: 63
2026-07-13 13:52:11,234 [INFO ]  [6650/22926] | Loss: 69982.181 | PSNR: 7.869 | MSE: 0.69982181 | BPP: 1.9486 | QP: 63
2026-07-13 13:52:16,305 [INFO ]  [6700/22926] | Loss: 69985.353 | PSNR: 7.868 | MSE: 0.69985353 | BPP: 1.9489 | QP: 63
2026-07-13 13:52:21,377 [INFO ]  [6750/22926] | Loss: 69984.049 | PSNR: 7.867 | MSE: 0.69984049 | BPP: 1.9492 | QP: 63
2026-07-13 13:52:26,486 [INFO ]  [6800/22926] | Loss: 69991.401 | PSNR: 7.865 | MSE: 0.69991401 | BPP: 1.9494 | QP: 63
2026-07-13 13:52:31,614 [INFO ]  [6850/22926] | Loss: 70008.328 | PSNR: 7.862 | MSE: 0.70008328 | BPP: 1.9497 | QP: 63
2026-07-13 13:52:36,760 [INFO ]  [6900/22926] | Loss: 70019.099 | PSNR: 7.858 | MSE: 0.70019099 | BPP: 1.9500 | QP: 63
2026-07-13 13:52:41,908 [INFO ]  [6950/22926] | Loss: 70021.735 | PSNR: 7.857 | MSE: 0.70021735 | BPP: 1.9502 | QP: 63
2026-07-13 13:52:47,037 [INFO ]  [7000/22926] | Loss: 70028.530 | PSNR: 7.855 | MSE: 0.70028530 | BPP: 1.9505 | QP: 63
2026-07-13 13:52:52,109 [INFO ]  [7050/22926] | Loss: 70028.475 | PSNR: 7.852 | MSE: 0.70028476 | BPP: 1.9507 | QP: 63
2026-07-13 13:52:57,165 [INFO ]  [7100/22926] | Loss: 70021.992 | PSNR: 7.853 | MSE: 0.70021992 | BPP: 1.9509 | QP: 63
2026-07-13 13:53:02,306 [INFO ]  [7150/22926] | Loss: 70018.403 | PSNR: 7.853 | MSE: 0.70018403 | BPP: 1.9512 | QP: 63
2026-07-13 13:53:07,403 [INFO ]  [7200/22926] | Loss: 70028.247 | PSNR: 7.849 | MSE: 0.70028247 | BPP: 1.9514 | QP: 63
2026-07-13 13:53:12,616 [INFO ]  [7250/22926] | Loss: 70039.692 | PSNR: 7.846 | MSE: 0.70039692 | BPP: 1.9517 | QP: 63
2026-07-13 13:53:17,684 [INFO ]  [7300/22926] | Loss: 70042.375 | PSNR: 7.845 | MSE: 0.70042375 | BPP: 1.9519 | QP: 63
2026-07-13 13:53:22,806 [INFO ]  [7350/22926] | Loss: 70059.490 | PSNR: 7.840 | MSE: 0.70059490 | BPP: 1.9521 | QP: 63
2026-07-13 13:53:27,957 [INFO ]  [7400/22926] | Loss: 70054.909 | PSNR: 7.839 | MSE: 0.70054909 | BPP: 1.9523 | QP: 63
2026-07-13 13:53:33,146 [INFO ]  [7450/22926] | Loss: 70052.068 | PSNR: 7.837 | MSE: 0.70052068 | BPP: 1.9526 | QP: 63
2026-07-13 13:53:38,247 [INFO ]  [7500/22926] | Loss: 70045.959 | PSNR: 7.838 | MSE: 0.70045959 | BPP: 1.9528 | QP: 63
2026-07-13 13:53:43,395 [INFO ]  [7550/22926] | Loss: 70054.259 | PSNR: 7.836 | MSE: 0.70054259 | BPP: 1.9530 | QP: 63
2026-07-13 13:53:48,498 [INFO ]  [7600/22926] | Loss: 70060.410 | PSNR: 7.832 | MSE: 0.70060410 | BPP: 1.9532 | QP: 63
2026-07-13 13:53:53,594 [INFO ]  [7650/22926] | Loss: 70047.530 | PSNR: 7.832 | MSE: 0.70047530 | BPP: 1.9534 | QP: 63
2026-07-13 13:53:58,722 [INFO ]  [7700/22926] | Loss: 70037.553 | PSNR: 7.832 | MSE: 0.70037553 | BPP: 1.9536 | QP: 63
2026-07-13 13:54:03,871 [INFO ]  [7750/22926] | Loss: 70034.561 | PSNR: 7.832 | MSE: 0.70034561 | BPP: 1.9538 | QP: 63
2026-07-13 13:54:09,012 [INFO ]  [7800/22926] | Loss: 70050.840 | PSNR: 7.826 | MSE: 0.70050840 | BPP: 1.9540 | QP: 63
2026-07-13 13:54:14,102 [INFO ]  [7850/22926] | Loss: 70056.191 | PSNR: 7.823 | MSE: 0.70056191 | BPP: 1.9542 | QP: 63
2026-07-13 13:54:19,214 [INFO ]  [7900/22926] | Loss: 70051.907 | PSNR: 7.822 | MSE: 0.70051907 | BPP: 1.9544 | QP: 63
2026-07-13 13:54:24,339 [INFO ]  [7950/22926] | Loss: 70060.961 | PSNR: 7.819 | MSE: 0.70060961 | BPP: 1.9546 | QP: 63
2026-07-13 13:54:29,459 [INFO ]  [8000/22926] | Loss: 70058.254 | PSNR: 7.819 | MSE: 0.70058254 | BPP: 1.9548 | QP: 63
2026-07-13 13:54:34,534 [INFO ]  [8050/22926] | Loss: 70054.766 | PSNR: 7.818 | MSE: 0.70054766 | BPP: 1.9550 | QP: 63
2026-07-13 13:54:39,674 [INFO ]  [8100/22926] | Loss: 70056.683 | PSNR: 7.818 | MSE: 0.70056683 | BPP: 1.9552 | QP: 63
2026-07-13 13:54:44,741 [INFO ]  [8150/22926] | Loss: 70045.259 | PSNR: 7.819 | MSE: 0.70045259 | BPP: 1.9554 | QP: 63
2026-07-13 13:54:50,005 [INFO ]  [8200/22926] | Loss: 70057.352 | PSNR: 7.817 | MSE: 0.70057352 | BPP: 1.9555 | QP: 63
2026-07-13 13:54:55,118 [INFO ]  [8250/22926] | Loss: 70082.144 | PSNR: 7.812 | MSE: 0.70082144 | BPP: 1.9557 | QP: 63
2026-07-13 13:55:00,269 [INFO ]  [8300/22926] | Loss: 70066.569 | PSNR: 7.814 | MSE: 0.70066569 | BPP: 1.9559 | QP: 63
2026-07-13 13:55:05,415 [INFO ]  [8350/22926] | Loss: 70055.589 | PSNR: 7.814 | MSE: 0.70055589 | BPP: 1.9561 | QP: 63
2026-07-13 13:55:10,878 [INFO ]  [8400/22926] | Loss: 70039.073 | PSNR: 7.815 | MSE: 0.70039073 | BPP: 1.9562 | QP: 63
2026-07-13 13:55:16,042 [INFO ]  [8450/22926] | Loss: 70063.953 | PSNR: 7.811 | MSE: 0.70063953 | BPP: 1.9564 | QP: 63
2026-07-13 13:55:21,195 [INFO ]  [8500/22926] | Loss: 70084.771 | PSNR: 7.806 | MSE: 0.70084771 | BPP: 1.9566 | QP: 63
2026-07-13 13:55:26,319 [INFO ]  [8550/22926] | Loss: 70073.466 | PSNR: 7.807 | MSE: 0.70073466 | BPP: 1.9567 | QP: 63
2026-07-13 13:55:31,474 [INFO ]  [8600/22926] | Loss: 70098.686 | PSNR: 7.803 | MSE: 0.70098686 | BPP: 1.9569 | QP: 63
2026-07-13 13:55:36,594 [INFO ]  [8650/22926] | Loss: 70097.758 | PSNR: 7.801 | MSE: 0.70097758 | BPP: 1.9571 | QP: 63
2026-07-13 13:55:41,757 [INFO ]  [8700/22926] | Loss: 70102.645 | PSNR: 7.798 | MSE: 0.70102645 | BPP: 1.9572 | QP: 63
2026-07-13 13:55:46,832 [INFO ]  [8750/22926] | Loss: 70094.641 | PSNR: 7.798 | MSE: 0.70094641 | BPP: 1.9574 | QP: 63
2026-07-13 13:55:51,984 [INFO ]  [8800/22926] | Loss: 70086.858 | PSNR: 7.798 | MSE: 0.70086858 | BPP: 1.9576 | QP: 63
2026-07-13 13:55:57,103 [INFO ]  [8850/22926] | Loss: 70096.191 | PSNR: 7.796 | MSE: 0.70096191 | BPP: 1.9577 | QP: 63
2026-07-13 13:56:02,235 [INFO ]  [8900/22926] | Loss: 70089.787 | PSNR: 7.797 | MSE: 0.70089787 | BPP: 1.9579 | QP: 63
2026-07-13 13:56:07,383 [INFO ]  [8950/22926] | Loss: 70091.903 | PSNR: 7.796 | MSE: 0.70091903 | BPP: 1.9580 | QP: 63
2026-07-13 13:56:12,483 [INFO ]  [9000/22926] | Loss: 70079.777 | PSNR: 7.798 | MSE: 0.70079777 | BPP: 1.9582 | QP: 63
2026-07-13 13:56:17,638 [INFO ]  [9050/22926] | Loss: 70073.191 | PSNR: 7.798 | MSE: 0.70073191 | BPP: 1.9583 | QP: 63
2026-07-13 13:56:22,819 [INFO ]  [9100/22926] | Loss: 70066.037 | PSNR: 7.798 | MSE: 0.70066037 | BPP: 1.9585 | QP: 63
2026-07-13 13:56:27,977 [INFO ]  [9150/22926] | Loss: 70058.779 | PSNR: 7.799 | MSE: 0.70058779 | BPP: 1.9586 | QP: 63
2026-07-13 13:56:33,123 [INFO ]  [9200/22926] | Loss: 70081.927 | PSNR: 7.794 | MSE: 0.70081927 | BPP: 1.9588 | QP: 63
2026-07-13 13:56:38,154 [INFO ]  [9250/22926] | Loss: 70099.678 | PSNR: 7.791 | MSE: 0.70099678 | BPP: 1.9589 | QP: 63
2026-07-13 13:56:43,295 [INFO ]  [9300/22926] | Loss: 70095.938 | PSNR: 7.791 | MSE: 0.70095938 | BPP: 1.9590 | QP: 63
2026-07-13 13:56:48,406 [INFO ]  [9350/22926] | Loss: 70093.166 | PSNR: 7.791 | MSE: 0.70093166 | BPP: 1.9592 | QP: 63
2026-07-13 13:56:53,567 [INFO ]  [9400/22926] | Loss: 70093.063 | PSNR: 7.791 | MSE: 0.70093063 | BPP: 1.9593 | QP: 63
2026-07-13 13:56:58,740 [INFO ]  [9450/22926] | Loss: 70087.928 | PSNR: 7.790 | MSE: 0.70087928 | BPP: 1.9594 | QP: 63
2026-07-13 13:57:03,876 [INFO ]  [9500/22926] | Loss: 70089.529 | PSNR: 7.789 | MSE: 0.70089529 | BPP: 1.9596 | QP: 63
2026-07-13 13:57:08,990 [INFO ]  [9550/22926] | Loss: 70090.119 | PSNR: 7.788 | MSE: 0.70090119 | BPP: 1.9597 | QP: 63
2026-07-13 13:57:14,169 [INFO ]  [9600/22926] | Loss: 70075.702 | PSNR: 7.790 | MSE: 0.70075702 | BPP: 1.9599 | QP: 63
2026-07-13 13:57:19,343 [INFO ]  [9650/22926] | Loss: 70081.170 | PSNR: 7.787 | MSE: 0.70081170 | BPP: 1.9600 | QP: 63
2026-07-13 13:57:24,498 [INFO ]  [9700/22926] | Loss: 70079.561 | PSNR: 7.787 | MSE: 0.70079561 | BPP: 1.9601 | QP: 63
2026-07-13 13:57:29,658 [INFO ]  [9750/22926] | Loss: 70073.663 | PSNR: 7.788 | MSE: 0.70073663 | BPP: 1.9602 | QP: 63
2026-07-13 13:57:34,788 [INFO ]  [9800/22926] | Loss: 70076.963 | PSNR: 7.787 | MSE: 0.70076963 | BPP: 1.9604 | QP: 63
2026-07-13 13:57:39,919 [INFO ]  [9850/22926] | Loss: 70078.369 | PSNR: 7.785 | MSE: 0.70078369 | BPP: 1.9605 | QP: 63
2026-07-13 13:57:45,023 [INFO ]  [9900/22926] | Loss: 70089.014 | PSNR: 7.784 | MSE: 0.70089014 | BPP: 1.9606 | QP: 63
2026-07-13 13:57:50,144 [INFO ]  [9950/22926] | Loss: 70083.835 | PSNR: 7.784 | MSE: 0.70083835 | BPP: 1.9607 | QP: 63
2026-07-13 13:57:55,325 [INFO ]  [10000/22926] | Loss: 70081.899 | PSNR: 7.782 | MSE: 0.70081899 | BPP: 1.9609 | QP: 63
2026-07-13 13:58:00,484 [INFO ]  [10050/22926] | Loss: 70075.266 | PSNR: 7.783 | MSE: 0.70075266 | BPP: 1.9610 | QP: 63
2026-07-13 13:58:05,605 [INFO ]  [10100/22926] | Loss: 70088.139 | PSNR: 7.779 | MSE: 0.70088139 | BPP: 1.9611 | QP: 63
2026-07-13 13:58:10,765 [INFO ]  [10150/22926] | Loss: 70088.020 | PSNR: 7.778 | MSE: 0.70088020 | BPP: 1.9612 | QP: 63
2026-07-13 13:58:16,140 [INFO ]  [10200/22926] | Loss: 70082.269 | PSNR: 7.778 | MSE: 0.70082269 | BPP: 1.9613 | QP: 63
2026-07-13 13:58:21,255 [INFO ]  [10250/22926] | Loss: 70083.464 | PSNR: 7.777 | MSE: 0.70083464 | BPP: 1.9615 | QP: 63
2026-07-13 13:58:26,366 [INFO ]  [10300/22926] | Loss: 70090.967 | PSNR: 7.774 | MSE: 0.70090967 | BPP: 1.9616 | QP: 63
2026-07-13 13:58:31,392 [INFO ]  [10350/22926] | Loss: 70095.837 | PSNR: 7.772 | MSE: 0.70095837 | BPP: 1.9617 | QP: 63
2026-07-13 13:58:36,411 [INFO ]  [10400/22926] | Loss: 70105.956 | PSNR: 7.769 | MSE: 0.70105956 | BPP: 1.9618 | QP: 63
2026-07-13 13:58:41,406 [INFO ]  [10450/22926] | Loss: 70096.093 | PSNR: 7.770 | MSE: 0.70096093 | BPP: 1.9619 | QP: 63
2026-07-13 13:58:46,448 [INFO ]  [10500/22926] | Loss: 70103.475 | PSNR: 7.769 | MSE: 0.70103475 | BPP: 1.9620 | QP: 63
2026-07-13 13:58:51,530 [INFO ]  [10550/22926] | Loss: 70106.828 | PSNR: 7.768 | MSE: 0.70106828 | BPP: 1.9621 | QP: 63
2026-07-13 13:58:56,619 [INFO ]  [10600/22926] | Loss: 70101.785 | PSNR: 7.769 | MSE: 0.70101785 | BPP: 1.9622 | QP: 63
2026-07-13 13:59:01,780 [INFO ]  [10650/22926] | Loss: 70104.303 | PSNR: 7.768 | MSE: 0.70104303 | BPP: 1.9623 | QP: 63
2026-07-13 13:59:06,932 [INFO ]  [10700/22926] | Loss: 70107.513 | PSNR: 7.767 | MSE: 0.70107513 | BPP: 1.9625 | QP: 63
2026-07-13 13:59:11,993 [INFO ]  [10750/22926] | Loss: 70111.748 | PSNR: 7.766 | MSE: 0.70111748 | BPP: 1.9626 | QP: 63
2026-07-13 13:59:16,988 [INFO ]  [10800/22926] | Loss: 70115.052 | PSNR: 7.764 | MSE: 0.70115052 | BPP: 1.9627 | QP: 63
2026-07-13 13:59:22,039 [INFO ]  [10850/22926] | Loss: 70115.662 | PSNR: 7.763 | MSE: 0.70115662 | BPP: 1.9628 | QP: 63
2026-07-13 13:59:27,177 [INFO ]  [10900/22926] | Loss: 70115.391 | PSNR: 7.763 | MSE: 0.70115391 | BPP: 1.9629 | QP: 63
2026-07-13 13:59:32,244 [INFO ]  [10950/22926] | Loss: 70121.604 | PSNR: 7.760 | MSE: 0.70121604 | BPP: 1.9630 | QP: 63
2026-07-13 13:59:37,354 [INFO ]  [11000/22926] | Loss: 70122.474 | PSNR: 7.759 | MSE: 0.70122474 | BPP: 1.9631 | QP: 63
2026-07-13 13:59:42,450 [INFO ]  [11050/22926] | Loss: 70122.190 | PSNR: 7.757 | MSE: 0.70122190 | BPP: 1.9632 | QP: 63
2026-07-13 13:59:47,632 [INFO ]  [11100/22926] | Loss: 70123.473 | PSNR: 7.757 | MSE: 0.70123473 | BPP: 1.9633 | QP: 63
2026-07-13 13:59:52,796 [INFO ]  [11150/22926] | Loss: 70119.522 | PSNR: 7.757 | MSE: 0.70119522 | BPP: 1.9634 | QP: 63
2026-07-13 13:59:57,959 [INFO ]  [11200/22926] | Loss: 70120.325 | PSNR: 7.755 | MSE: 0.70120325 | BPP: 1.9635 | QP: 63
2026-07-13 14:00:03,030 [INFO ]  [11250/22926] | Loss: 70118.339 | PSNR: 7.754 | MSE: 0.70118339 | BPP: 1.9636 | QP: 63
2026-07-13 14:00:08,123 [INFO ]  [11300/22926] | Loss: 70123.012 | PSNR: 7.752 | MSE: 0.70123012 | BPP: 1.9637 | QP: 63
2026-07-13 14:00:13,192 [INFO ]  [11350/22926] | Loss: 70114.574 | PSNR: 7.752 | MSE: 0.70114574 | BPP: 1.9638 | QP: 63
2026-07-13 14:00:18,310 [INFO ]  [11400/22926] | Loss: 70119.846 | PSNR: 7.751 | MSE: 0.70119846 | BPP: 1.9638 | QP: 63
2026-07-13 14:00:23,364 [INFO ]  [11450/22926] | Loss: 70126.587 | PSNR: 7.749 | MSE: 0.70126587 | BPP: 1.9639 | QP: 63
2026-07-13 14:00:28,466 [INFO ]  [11500/22926] | Loss: 70130.399 | PSNR: 7.747 | MSE: 0.70130399 | BPP: 1.9640 | QP: 63
2026-07-13 14:00:33,627 [INFO ]  [11550/22926] | Loss: 70125.644 | PSNR: 7.747 | MSE: 0.70125644 | BPP: 1.9641 | QP: 63
2026-07-13 14:00:38,764 [INFO ]  [11600/22926] | Loss: 70132.181 | PSNR: 7.745 | MSE: 0.70132181 | BPP: 1.9642 | QP: 63
2026-07-13 14:00:43,870 [INFO ]  [11650/22926] | Loss: 70121.250 | PSNR: 7.747 | MSE: 0.70121250 | BPP: 1.9643 | QP: 63
2026-07-13 14:00:48,979 [INFO ]  [11700/22926] | Loss: 70123.886 | PSNR: 7.746 | MSE: 0.70123886 | BPP: 1.9644 | QP: 63
2026-07-13 14:00:54,093 [INFO ]  [11750/22926] | Loss: 70120.851 | PSNR: 7.746 | MSE: 0.70120851 | BPP: 1.9645 | QP: 63
2026-07-13 14:00:59,239 [INFO ]  [11800/22926] | Loss: 70116.995 | PSNR: 7.746 | MSE: 0.70116995 | BPP: 1.9646 | QP: 63
2026-07-13 14:01:04,325 [INFO ]  [11850/22926] | Loss: 70111.943 | PSNR: 7.746 | MSE: 0.70111943 | BPP: 1.9647 | QP: 63
2026-07-13 14:01:09,392 [INFO ]  [11900/22926] | Loss: 70119.164 | PSNR: 7.745 | MSE: 0.70119164 | BPP: 1.9647 | QP: 63
2026-07-13 14:01:14,465 [INFO ]  [11950/22926] | Loss: 70125.278 | PSNR: 7.743 | MSE: 0.70125278 | BPP: 1.9648 | QP: 63
2026-07-13 14:01:19,822 [INFO ]  [12000/22926] | Loss: 70113.323 | PSNR: 7.744 | MSE: 0.70113323 | BPP: 1.9649 | QP: 63
2026-07-13 14:01:24,979 [INFO ]  [12050/22926] | Loss: 70118.021 | PSNR: 7.743 | MSE: 0.70118021 | BPP: 1.9650 | QP: 63
2026-07-13 14:01:30,159 [INFO ]  [12100/22926] | Loss: 70111.002 | PSNR: 7.745 | MSE: 0.70111002 | BPP: 1.9651 | QP: 63
2026-07-13 14:01:35,290 [INFO ]  [12150/22926] | Loss: 70115.730 | PSNR: 7.744 | MSE: 0.70115730 | BPP: 1.9652 | QP: 63
2026-07-13 14:01:40,430 [INFO ]  [12200/22926] | Loss: 70098.701 | PSNR: 7.747 | MSE: 0.70098701 | BPP: 1.9652 | QP: 63
2026-07-13 14:01:45,689 [INFO ]  [12250/22926] | Loss: 70098.869 | PSNR: 7.746 | MSE: 0.70098869 | BPP: 1.9653 | QP: 63
2026-07-13 14:01:50,840 [INFO ]  [12300/22926] | Loss: 70106.172 | PSNR: 7.744 | MSE: 0.70106172 | BPP: 1.9654 | QP: 63
2026-07-13 14:01:56,017 [INFO ]  [12350/22926] | Loss: 70129.552 | PSNR: 7.739 | MSE: 0.70129552 | BPP: 1.9655 | QP: 63
2026-07-13 14:02:01,233 [INFO ]  [12400/22926] | Loss: 70130.506 | PSNR: 7.739 | MSE: 0.70130506 | BPP: 1.9656 | QP: 63
2026-07-13 14:02:06,333 [INFO ]  [12450/22926] | Loss: 70122.088 | PSNR: 7.738 | MSE: 0.70122088 | BPP: 1.9656 | QP: 63
2026-07-13 14:02:11,447 [INFO ]  [12500/22926] | Loss: 70118.890 | PSNR: 7.737 | MSE: 0.70118890 | BPP: 1.9657 | QP: 63
2026-07-13 14:02:16,577 [INFO ]  [12550/22926] | Loss: 70133.271 | PSNR: 7.734 | MSE: 0.70133271 | BPP: 1.9658 | QP: 63
2026-07-13 14:02:21,682 [INFO ]  [12600/22926] | Loss: 70123.989 | PSNR: 7.735 | MSE: 0.70123989 | BPP: 1.9659 | QP: 63
2026-07-13 14:02:26,791 [INFO ]  [12650/22926] | Loss: 70123.467 | PSNR: 7.735 | MSE: 0.70123467 | BPP: 1.9659 | QP: 63
2026-07-13 14:02:31,897 [INFO ]  [12700/22926] | Loss: 70127.971 | PSNR: 7.734 | MSE: 0.70127971 | BPP: 1.9660 | QP: 63
2026-07-13 14:02:37,047 [INFO ]  [12750/22926] | Loss: 70127.715 | PSNR: 7.734 | MSE: 0.70127715 | BPP: 1.9661 | QP: 63
2026-07-13 14:02:42,136 [INFO ]  [12800/22926] | Loss: 70130.561 | PSNR: 7.733 | MSE: 0.70130561 | BPP: 1.9662 | QP: 63
2026-07-13 14:02:47,173 [INFO ]  [12850/22926] | Loss: 70130.329 | PSNR: 7.732 | MSE: 0.70130329 | BPP: 1.9662 | QP: 63
2026-07-13 14:02:52,217 [INFO ]  [12900/22926] | Loss: 70117.631 | PSNR: 7.733 | MSE: 0.70117631 | BPP: 1.9663 | QP: 63
2026-07-13 14:02:57,263 [INFO ]  [12950/22926] | Loss: 70122.991 | PSNR: 7.732 | MSE: 0.70122991 | BPP: 1.9664 | QP: 63
2026-07-13 14:03:02,367 [INFO ]  [13000/22926] | Loss: 70136.824 | PSNR: 7.730 | MSE: 0.70136824 | BPP: 1.9665 | QP: 63
2026-07-13 14:03:07,443 [INFO ]  [13050/22926] | Loss: 70136.961 | PSNR: 7.729 | MSE: 0.70136961 | BPP: 1.9665 | QP: 63
2026-07-13 14:03:12,579 [INFO ]  [13100/22926] | Loss: 70146.140 | PSNR: 7.728 | MSE: 0.70146140 | BPP: 1.9666 | QP: 63
2026-07-13 14:03:17,723 [INFO ]  [13150/22926] | Loss: 70134.085 | PSNR: 7.729 | MSE: 0.70134085 | BPP: 1.9667 | QP: 63
2026-07-13 14:03:22,786 [INFO ]  [13200/22926] | Loss: 70147.170 | PSNR: 7.726 | MSE: 0.70147170 | BPP: 1.9667 | QP: 63
2026-07-13 14:03:27,913 [INFO ]  [13250/22926] | Loss: 70152.428 | PSNR: 7.725 | MSE: 0.70152428 | BPP: 1.9668 | QP: 63
2026-07-13 14:03:33,038 [INFO ]  [13300/22926] | Loss: 70150.937 | PSNR: 7.725 | MSE: 0.70150937 | BPP: 1.9669 | QP: 63
2026-07-13 14:03:38,133 [INFO ]  [13350/22926] | Loss: 70151.197 | PSNR: 7.724 | MSE: 0.70151197 | BPP: 1.9670 | QP: 63
2026-07-13 14:03:43,229 [INFO ]  [13400/22926] | Loss: 70158.846 | PSNR: 7.723 | MSE: 0.70158846 | BPP: 1.9670 | QP: 63
2026-07-13 14:03:48,332 [INFO ]  [13450/22926] | Loss: 70154.196 | PSNR: 7.724 | MSE: 0.70154196 | BPP: 1.9671 | QP: 63
2026-07-13 14:03:53,385 [INFO ]  [13500/22926] | Loss: 70151.950 | PSNR: 7.724 | MSE: 0.70151950 | BPP: 1.9672 | QP: 63
2026-07-13 14:03:58,487 [INFO ]  [13550/22926] | Loss: 70165.315 | PSNR: 7.722 | MSE: 0.70165315 | BPP: 1.9672 | QP: 63
2026-07-13 14:04:03,686 [INFO ]  [13600/22926] | Loss: 70165.433 | PSNR: 7.721 | MSE: 0.70165433 | BPP: 1.9673 | QP: 63
2026-07-13 14:04:08,709 [INFO ]  [13650/22926] | Loss: 70178.389 | PSNR: 7.719 | MSE: 0.70178389 | BPP: 1.9674 | QP: 63
2026-07-13 14:04:13,920 [INFO ]  [13700/22926] | Loss: 70186.305 | PSNR: 7.718 | MSE: 0.70186305 | BPP: 1.9674 | QP: 63
2026-07-13 14:04:19,142 [INFO ]  [13750/22926] | Loss: 70193.958 | PSNR: 7.716 | MSE: 0.70193958 | BPP: 1.9675 | QP: 63
2026-07-13 14:04:24,296 [INFO ]  [13800/22926] | Loss: 70190.695 | PSNR: 7.716 | MSE: 0.70190695 | BPP: 1.9675 | QP: 63
2026-07-13 14:04:29,351 [INFO ]  [13850/22926] | Loss: 70197.723 | PSNR: 7.714 | MSE: 0.70197723 | BPP: 1.9676 | QP: 63
2026-07-13 14:04:34,416 [INFO ]  [13900/22926] | Loss: 70201.537 | PSNR: 7.713 | MSE: 0.70201537 | BPP: 1.9677 | QP: 63
2026-07-13 14:04:39,290 [INFO ]  [13950/22926] | Loss: 70204.797 | PSNR: 7.712 | MSE: 0.70204797 | BPP: 1.9677 | QP: 63
2026-07-13 14:04:44,356 [INFO ]  [14000/22926] | Loss: 70196.939 | PSNR: 7.713 | MSE: 0.70196939 | BPP: 1.9678 | QP: 63
2026-07-13 14:04:49,480 [INFO ]  [14050/22926] | Loss: 70195.415 | PSNR: 7.713 | MSE: 0.70195415 | BPP: 1.9679 | QP: 63
2026-07-13 14:04:54,630 [INFO ]  [14100/22926] | Loss: 70202.902 | PSNR: 7.712 | MSE: 0.70202902 | BPP: 1.9679 | QP: 63
2026-07-13 14:04:59,791 [INFO ]  [14150/22926] | Loss: 70194.669 | PSNR: 7.712 | MSE: 0.70194669 | BPP: 1.9680 | QP: 63
2026-07-13 14:05:04,942 [INFO ]  [14200/22926] | Loss: 70201.240 | PSNR: 7.711 | MSE: 0.70201240 | BPP: 1.9680 | QP: 63
2026-07-13 14:05:10,098 [INFO ]  [14250/22926] | Loss: 70206.105 | PSNR: 7.710 | MSE: 0.70206105 | BPP: 1.9681 | QP: 63
2026-07-13 14:05:15,272 [INFO ]  [14300/22926] | Loss: 70201.921 | PSNR: 7.711 | MSE: 0.70201921 | BPP: 1.9682 | QP: 63
2026-07-13 14:05:20,411 [INFO ]  [14350/22926] | Loss: 70196.808 | PSNR: 7.711 | MSE: 0.70196808 | BPP: 1.9682 | QP: 63
2026-07-13 14:05:25,553 [INFO ]  [14400/22926] | Loss: 70201.352 | PSNR: 7.710 | MSE: 0.70201352 | BPP: 1.9683 | QP: 63
2026-07-13 14:05:30,665 [INFO ]  [14450/22926] | Loss: 70194.953 | PSNR: 7.711 | MSE: 0.70194953 | BPP: 1.9683 | QP: 63
2026-07-13 14:05:35,774 [INFO ]  [14500/22926] | Loss: 70185.842 | PSNR: 7.711 | MSE: 0.70185842 | BPP: 1.9684 | QP: 63
2026-07-13 14:05:40,941 [INFO ]  [14550/22926] | Loss: 70190.783 | PSNR: 7.710 | MSE: 0.70190783 | BPP: 1.9685 | QP: 63
2026-07-13 14:05:46,097 [INFO ]  [14600/22926] | Loss: 70197.917 | PSNR: 7.709 | MSE: 0.70197917 | BPP: 1.9685 | QP: 63
2026-07-13 14:05:51,206 [INFO ]  [14650/22926] | Loss: 70204.462 | PSNR: 7.708 | MSE: 0.70204462 | BPP: 1.9686 | QP: 63
2026-07-13 14:05:56,302 [INFO ]  [14700/22926] | Loss: 70203.249 | PSNR: 7.708 | MSE: 0.70203249 | BPP: 1.9686 | QP: 63
2026-07-13 14:06:01,393 [INFO ]  [14750/22926] | Loss: 70205.528 | PSNR: 7.706 | MSE: 0.70205528 | BPP: 1.9687 | QP: 63
2026-07-13 14:06:06,469 [INFO ]  [14800/22926] | Loss: 70195.913 | PSNR: 7.708 | MSE: 0.70195913 | BPP: 1.9687 | QP: 63
2026-07-13 14:06:11,491 [INFO ]  [14850/22926] | Loss: 70192.556 | PSNR: 7.708 | MSE: 0.70192556 | BPP: 1.9688 | QP: 63
2026-07-13 14:06:16,535 [INFO ]  [14900/22926] | Loss: 70187.237 | PSNR: 7.709 | MSE: 0.70187237 | BPP: 1.9688 | QP: 63
2026-07-13 14:06:21,588 [INFO ]  [14950/22926] | Loss: 70187.658 | PSNR: 7.708 | MSE: 0.70187658 | BPP: 1.9689 | QP: 63
2026-07-13 14:06:26,649 [INFO ]  [15000/22926] | Loss: 70198.648 | PSNR: 7.706 | MSE: 0.70198648 | BPP: 1.9690 | QP: 63
2026-07-13 14:06:31,736 [INFO ]  [15050/22926] | Loss: 70200.393 | PSNR: 7.705 | MSE: 0.70200393 | BPP: 1.9690 | QP: 63
2026-07-13 14:06:36,879 [INFO ]  [15100/22926] | Loss: 70201.900 | PSNR: 7.705 | MSE: 0.70201900 | BPP: 1.9691 | QP: 63
2026-07-13 14:06:42,027 [INFO ]  [15150/22926] | Loss: 70201.847 | PSNR: 7.704 | MSE: 0.70201847 | BPP: 1.9691 | QP: 63
2026-07-13 14:06:47,167 [INFO ]  [15200/22926] | Loss: 70197.709 | PSNR: 7.705 | MSE: 0.70197709 | BPP: 1.9692 | QP: 63
2026-07-13 14:06:52,197 [INFO ]  [15250/22926] | Loss: 70202.252 | PSNR: 7.703 | MSE: 0.70202252 | BPP: 1.9692 | QP: 63
2026-07-13 14:06:57,407 [INFO ]  [15300/22926] | Loss: 70199.123 | PSNR: 7.704 | MSE: 0.70199123 | BPP: 1.9693 | QP: 63
2026-07-13 14:07:02,387 [INFO ]  [15350/22926] | Loss: 70214.106 | PSNR: 7.700 | MSE: 0.70214106 | BPP: 1.9693 | QP: 63
2026-07-13 14:07:07,520 [INFO ]  [15400/22926] | Loss: 70214.646 | PSNR: 7.700 | MSE: 0.70214646 | BPP: 1.9694 | QP: 63
2026-07-13 14:07:12,434 [INFO ]  [15450/22926] | Loss: 70223.799 | PSNR: 7.698 | MSE: 0.70223799 | BPP: 1.9694 | QP: 63
2026-07-13 14:07:17,487 [INFO ]  [15500/22926] | Loss: 70227.140 | PSNR: 7.698 | MSE: 0.70227140 | BPP: 1.9695 | QP: 63
2026-07-13 14:07:22,842 [INFO ]  [15550/22926] | Loss: 70225.398 | PSNR: 7.697 | MSE: 0.70225398 | BPP: 1.9695 | QP: 63
2026-07-13 14:07:27,870 [INFO ]  [15600/22926] | Loss: 70216.020 | PSNR: 7.698 | MSE: 0.70216020 | BPP: 1.9696 | QP: 63
2026-07-13 14:07:32,985 [INFO ]  [15650/22926] | Loss: 70214.343 | PSNR: 7.698 | MSE: 0.70214343 | BPP: 1.9696 | QP: 63
2026-07-13 14:07:38,160 [INFO ]  [15700/22926] | Loss: 70216.994 | PSNR: 7.698 | MSE: 0.70216994 | BPP: 1.9697 | QP: 63
2026-07-13 14:07:43,267 [INFO ]  [15750/22926] | Loss: 70213.921 | PSNR: 7.699 | MSE: 0.70213921 | BPP: 1.9697 | QP: 63
2026-07-13 14:07:48,320 [INFO ]  [15800/22926] | Loss: 70217.205 | PSNR: 7.697 | MSE: 0.70217205 | BPP: 1.9698 | QP: 63
2026-07-13 14:07:53,444 [INFO ]  [15850/22926] | Loss: 70215.502 | PSNR: 7.698 | MSE: 0.70215502 | BPP: 1.9698 | QP: 63
2026-07-13 14:07:58,532 [INFO ]  [15900/22926] | Loss: 70204.248 | PSNR: 7.700 | MSE: 0.70204248 | BPP: 1.9699 | QP: 63
2026-07-13 14:08:03,612 [INFO ]  [15950/22926] | Loss: 70205.926 | PSNR: 7.700 | MSE: 0.70205926 | BPP: 1.9699 | QP: 63
2026-07-13 14:08:08,691 [INFO ]  [16000/22926] | Loss: 70212.751 | PSNR: 7.698 | MSE: 0.70212751 | BPP: 1.9700 | QP: 63
2026-07-13 14:08:13,859 [INFO ]  [16050/22926] | Loss: 70216.555 | PSNR: 7.697 | MSE: 0.70216555 | BPP: 1.9700 | QP: 63
2026-07-13 14:08:19,038 [INFO ]  [16100/22926] | Loss: 70216.094 | PSNR: 7.697 | MSE: 0.70216094 | BPP: 1.9701 | QP: 63
2026-07-13 14:08:24,209 [INFO ]  [16150/22926] | Loss: 70212.371 | PSNR: 7.697 | MSE: 0.70212371 | BPP: 1.9701 | QP: 63
2026-07-13 14:08:29,351 [INFO ]  [16200/22926] | Loss: 70215.113 | PSNR: 7.696 | MSE: 0.70215113 | BPP: 1.9702 | QP: 63
2026-07-13 14:08:34,515 [INFO ]  [16250/22926] | Loss: 70200.993 | PSNR: 7.699 | MSE: 0.70200993 | BPP: 1.9702 | QP: 63
2026-07-13 14:08:39,646 [INFO ]  [16300/22926] | Loss: 70200.090 | PSNR: 7.699 | MSE: 0.70200090 | BPP: 1.9703 | QP: 63
2026-07-13 14:08:44,776 [INFO ]  [16350/22926] | Loss: 70216.511 | PSNR: 7.696 | MSE: 0.70216511 | BPP: 1.9703 | QP: 63
2026-07-13 14:08:49,924 [INFO ]  [16400/22926] | Loss: 70223.162 | PSNR: 7.694 | MSE: 0.70223162 | BPP: 1.9703 | QP: 63
2026-07-13 14:08:54,994 [INFO ]  [16450/22926] | Loss: 70226.859 | PSNR: 7.694 | MSE: 0.70226859 | BPP: 1.9704 | QP: 63
2026-07-13 14:09:00,112 [INFO ]  [16500/22926] | Loss: 70234.617 | PSNR: 7.693 | MSE: 0.70234617 | BPP: 1.9704 | QP: 63
2026-07-13 14:09:05,240 [INFO ]  [16550/22926] | Loss: 70237.726 | PSNR: 7.692 | MSE: 0.70237726 | BPP: 1.9705 | QP: 63
2026-07-13 14:09:10,366 [INFO ]  [16600/22926] | Loss: 70236.260 | PSNR: 7.692 | MSE: 0.70236260 | BPP: 1.9705 | QP: 63
2026-07-13 14:09:15,561 [INFO ]  [16650/22926] | Loss: 70227.925 | PSNR: 7.692 | MSE: 0.70227925 | BPP: 1.9706 | QP: 63
2026-07-13 14:09:20,739 [INFO ]  [16700/22926] | Loss: 70239.775 | PSNR: 7.690 | MSE: 0.70239775 | BPP: 1.9706 | QP: 63
2026-07-13 14:09:25,910 [INFO ]  [16750/22926] | Loss: 70235.414 | PSNR: 7.690 | MSE: 0.70235414 | BPP: 1.9707 | QP: 63
2026-07-13 14:09:31,040 [INFO ]  [16800/22926] | Loss: 70229.319 | PSNR: 7.691 | MSE: 0.70229319 | BPP: 1.9707 | QP: 63
2026-07-13 14:09:36,206 [INFO ]  [16850/22926] | Loss: 70226.503 | PSNR: 7.691 | MSE: 0.70226503 | BPP: 1.9707 | QP: 63
2026-07-13 14:09:41,357 [INFO ]  [16900/22926] | Loss: 70225.796 | PSNR: 7.690 | MSE: 0.70225796 | BPP: 1.9708 | QP: 63
2026-07-13 14:09:46,480 [INFO ]  [16950/22926] | Loss: 70227.849 | PSNR: 7.690 | MSE: 0.70227849 | BPP: 1.9708 | QP: 63
2026-07-13 14:09:51,570 [INFO ]  [17000/22926] | Loss: 70228.430 | PSNR: 7.690 | MSE: 0.70228430 | BPP: 1.9709 | QP: 63
2026-07-13 14:09:56,683 [INFO ]  [17050/22926] | Loss: 70225.621 | PSNR: 7.690 | MSE: 0.70225621 | BPP: 1.9709 | QP: 63
2026-07-13 14:10:01,788 [INFO ]  [17100/22926] | Loss: 70218.310 | PSNR: 7.690 | MSE: 0.70218310 | BPP: 1.9709 | QP: 63
2026-07-13 14:10:06,901 [INFO ]  [17150/22926] | Loss: 70218.223 | PSNR: 7.689 | MSE: 0.70218223 | BPP: 1.9710 | QP: 63
2026-07-13 14:10:12,069 [INFO ]  [17200/22926] | Loss: 70218.023 | PSNR: 7.688 | MSE: 0.70218023 | BPP: 1.9710 | QP: 63
2026-07-13 14:10:17,237 [INFO ]  [17250/22926] | Loss: 70218.864 | PSNR: 7.688 | MSE: 0.70218864 | BPP: 1.9711 | QP: 63
2026-07-13 14:10:22,345 [INFO ]  [17300/22926] | Loss: 70219.991 | PSNR: 7.688 | MSE: 0.70219991 | BPP: 1.9711 | QP: 63
2026-07-13 14:10:27,749 [INFO ]  [17350/22926] | Loss: 70219.285 | PSNR: 7.688 | MSE: 0.70219285 | BPP: 1.9712 | QP: 63
2026-07-13 14:10:32,889 [INFO ]  [17400/22926] | Loss: 70219.882 | PSNR: 7.687 | MSE: 0.70219882 | BPP: 1.9712 | QP: 63
2026-07-13 14:10:37,999 [INFO ]  [17450/22926] | Loss: 70218.876 | PSNR: 7.687 | MSE: 0.70218876 | BPP: 1.9712 | QP: 63
2026-07-13 14:10:43,100 [INFO ]  [17500/22926] | Loss: 70224.768 | PSNR: 7.686 | MSE: 0.70224768 | BPP: 1.9713 | QP: 63
2026-07-13 14:10:48,186 [INFO ]  [17550/22926] | Loss: 70232.637 | PSNR: 7.684 | MSE: 0.70232637 | BPP: 1.9713 | QP: 63
2026-07-13 14:10:53,378 [INFO ]  [17600/22926] | Loss: 70240.142 | PSNR: 7.683 | MSE: 0.70240142 | BPP: 1.9714 | QP: 63
2026-07-13 14:10:58,506 [INFO ]  [17650/22926] | Loss: 70241.367 | PSNR: 7.682 | MSE: 0.70241367 | BPP: 1.9714 | QP: 63
2026-07-13 14:11:03,736 [INFO ]  [17700/22926] | Loss: 70232.995 | PSNR: 7.683 | MSE: 0.70232995 | BPP: 1.9714 | QP: 63
2026-07-13 14:11:08,883 [INFO ]  [17750/22926] | Loss: 70239.153 | PSNR: 7.683 | MSE: 0.70239153 | BPP: 1.9715 | QP: 63
2026-07-13 14:11:14,020 [INFO ]  [17800/22926] | Loss: 70232.247 | PSNR: 7.683 | MSE: 0.70232247 | BPP: 1.9715 | QP: 63
2026-07-13 14:11:19,169 [INFO ]  [17850/22926] | Loss: 70230.626 | PSNR: 7.683 | MSE: 0.70230626 | BPP: 1.9715 | QP: 63
2026-07-13 14:11:24,240 [INFO ]  [17900/22926] | Loss: 70233.075 | PSNR: 7.682 | MSE: 0.70233075 | BPP: 1.9716 | QP: 63
2026-07-13 14:11:29,341 [INFO ]  [17950/22926] | Loss: 70243.965 | PSNR: 7.680 | MSE: 0.70243965 | BPP: 1.9716 | QP: 63
2026-07-13 14:11:34,440 [INFO ]  [18000/22926] | Loss: 70236.440 | PSNR: 7.681 | MSE: 0.70236440 | BPP: 1.9717 | QP: 63
2026-07-13 14:11:39,467 [INFO ]  [18050/22926] | Loss: 70235.748 | PSNR: 7.681 | MSE: 0.70235748 | BPP: 1.9717 | QP: 63
2026-07-13 14:11:44,548 [INFO ]  [18100/22926] | Loss: 70232.597 | PSNR: 7.681 | MSE: 0.70232597 | BPP: 1.9717 | QP: 63
2026-07-13 14:11:49,632 [INFO ]  [18150/22926] | Loss: 70234.179 | PSNR: 7.681 | MSE: 0.70234179 | BPP: 1.9718 | QP: 63
2026-07-13 14:11:54,688 [INFO ]  [18200/22926] | Loss: 70234.281 | PSNR: 7.681 | MSE: 0.70234281 | BPP: 1.9718 | QP: 63
2026-07-13 14:11:59,796 [INFO ]  [18250/22926] | Loss: 70230.773 | PSNR: 7.681 | MSE: 0.70230773 | BPP: 1.9718 | QP: 63
2026-07-13 14:12:04,878 [INFO ]  [18300/22926] | Loss: 70229.788 | PSNR: 7.681 | MSE: 0.70229788 | BPP: 1.9719 | QP: 63
2026-07-13 14:12:10,029 [INFO ]  [18350/22926] | Loss: 70228.936 | PSNR: 7.681 | MSE: 0.70228936 | BPP: 1.9719 | QP: 63
2026-07-13 14:12:15,148 [INFO ]  [18400/22926] | Loss: 70226.157 | PSNR: 7.681 | MSE: 0.70226157 | BPP: 1.9720 | QP: 63
2026-07-13 14:12:20,277 [INFO ]  [18450/22926] | Loss: 70228.824 | PSNR: 7.681 | MSE: 0.70228824 | BPP: 1.9720 | QP: 63
2026-07-13 14:12:25,388 [INFO ]  [18500/22926] | Loss: 70228.916 | PSNR: 7.681 | MSE: 0.70228916 | BPP: 1.9720 | QP: 63
2026-07-13 14:12:30,472 [INFO ]  [18550/22926] | Loss: 70225.941 | PSNR: 7.682 | MSE: 0.70225941 | BPP: 1.9721 | QP: 63
2026-07-13 14:12:35,619 [INFO ]  [18600/22926] | Loss: 70233.635 | PSNR: 7.681 | MSE: 0.70233635 | BPP: 1.9721 | QP: 63
2026-07-13 14:12:40,732 [INFO ]  [18650/22926] | Loss: 70234.937 | PSNR: 7.681 | MSE: 0.70234937 | BPP: 1.9721 | QP: 63
2026-07-13 14:12:45,907 [INFO ]  [18700/22926] | Loss: 70235.545 | PSNR: 7.680 | MSE: 0.70235545 | BPP: 1.9722 | QP: 63
2026-07-13 14:12:51,132 [INFO ]  [18750/22926] | Loss: 70234.591 | PSNR: 7.680 | MSE: 0.70234591 | BPP: 1.9722 | QP: 63
2026-07-13 14:12:56,291 [INFO ]  [18800/22926] | Loss: 70235.398 | PSNR: 7.680 | MSE: 0.70235398 | BPP: 1.9722 | QP: 63
2026-07-13 14:13:01,351 [INFO ]  [18850/22926] | Loss: 70232.499 | PSNR: 7.681 | MSE: 0.70232499 | BPP: 1.9723 | QP: 63
2026-07-13 14:13:06,522 [INFO ]  [18900/22926] | Loss: 70233.447 | PSNR: 7.680 | MSE: 0.70233447 | BPP: 1.9723 | QP: 63
2026-07-13 14:13:11,659 [INFO ]  [18950/22926] | Loss: 70229.220 | PSNR: 7.680 | MSE: 0.70229220 | BPP: 1.9723 | QP: 63
2026-07-13 14:13:16,886 [INFO ]  [19000/22926] | Loss: 70232.744 | PSNR: 7.679 | MSE: 0.70232744 | BPP: 1.9724 | QP: 63
2026-07-13 14:13:22,010 [INFO ]  [19050/22926] | Loss: 70233.675 | PSNR: 7.679 | MSE: 0.70233675 | BPP: 1.9724 | QP: 63
2026-07-13 14:13:27,074 [INFO ]  [19100/22926] | Loss: 70243.705 | PSNR: 7.677 | MSE: 0.70243705 | BPP: 1.9724 | QP: 63
2026-07-13 14:13:32,481 [INFO ]  [19150/22926] | Loss: 70250.892 | PSNR: 7.675 | MSE: 0.70250892 | BPP: 1.9725 | QP: 63
2026-07-13 14:13:37,611 [INFO ]  [19200/22926] | Loss: 70253.340 | PSNR: 7.674 | MSE: 0.70253340 | BPP: 1.9725 | QP: 63
2026-07-13 14:13:42,779 [INFO ]  [19250/22926] | Loss: 70251.821 | PSNR: 7.675 | MSE: 0.70251821 | BPP: 1.9725 | QP: 63
2026-07-13 14:13:47,937 [INFO ]  [19300/22926] | Loss: 70248.796 | PSNR: 7.676 | MSE: 0.70248796 | BPP: 1.9726 | QP: 63
2026-07-13 14:13:53,062 [INFO ]  [19350/22926] | Loss: 70253.750 | PSNR: 7.675 | MSE: 0.70253750 | BPP: 1.9726 | QP: 63
2026-07-13 14:13:58,186 [INFO ]  [19400/22926] | Loss: 70244.772 | PSNR: 7.676 | MSE: 0.70244772 | BPP: 1.9726 | QP: 63
2026-07-13 14:14:03,317 [INFO ]  [19450/22926] | Loss: 70240.698 | PSNR: 7.677 | MSE: 0.70240698 | BPP: 1.9727 | QP: 63
2026-07-13 14:14:08,418 [INFO ]  [19500/22926] | Loss: 70233.032 | PSNR: 7.679 | MSE: 0.70233032 | BPP: 1.9727 | QP: 63
2026-07-13 14:14:13,499 [INFO ]  [19550/22926] | Loss: 70225.617 | PSNR: 7.680 | MSE: 0.70225617 | BPP: 1.9727 | QP: 63
2026-07-13 14:14:18,592 [INFO ]  [19600/22926] | Loss: 70230.634 | PSNR: 7.679 | MSE: 0.70230634 | BPP: 1.9728 | QP: 63
2026-07-13 14:14:23,600 [INFO ]  [19650/22926] | Loss: 70226.106 | PSNR: 7.679 | MSE: 0.70226106 | BPP: 1.9728 | QP: 63
2026-07-13 14:14:28,718 [INFO ]  [19700/22926] | Loss: 70223.799 | PSNR: 7.679 | MSE: 0.70223799 | BPP: 1.9728 | QP: 63
2026-07-13 14:14:33,867 [INFO ]  [19750/22926] | Loss: 70222.957 | PSNR: 7.679 | MSE: 0.70222957 | BPP: 1.9729 | QP: 63
2026-07-13 14:14:38,988 [INFO ]  [19800/22926] | Loss: 70228.850 | PSNR: 7.679 | MSE: 0.70228850 | BPP: 1.9729 | QP: 63
2026-07-13 14:14:44,168 [INFO ]  [19850/22926] | Loss: 70230.823 | PSNR: 7.679 | MSE: 0.70230823 | BPP: 1.9729 | QP: 63
2026-07-13 14:14:49,287 [INFO ]  [19900/22926] | Loss: 70233.631 | PSNR: 7.678 | MSE: 0.70233631 | BPP: 1.9729 | QP: 63
2026-07-13 14:14:54,405 [INFO ]  [19950/22926] | Loss: 70238.954 | PSNR: 7.677 | MSE: 0.70238954 | BPP: 1.9730 | QP: 63
2026-07-13 14:14:59,552 [INFO ]  [20000/22926] | Loss: 70246.830 | PSNR: 7.675 | MSE: 0.70246830 | BPP: 1.9730 | QP: 63
2026-07-13 14:15:04,637 [INFO ]  [20050/22926] | Loss: 70240.177 | PSNR: 7.676 | MSE: 0.70240177 | BPP: 1.9730 | QP: 63
2026-07-13 14:15:09,757 [INFO ]  [20100/22926] | Loss: 70241.687 | PSNR: 7.676 | MSE: 0.70241687 | BPP: 1.9731 | QP: 63
2026-07-13 14:15:14,885 [INFO ]  [20150/22926] | Loss: 70236.258 | PSNR: 7.677 | MSE: 0.70236258 | BPP: 1.9731 | QP: 63
2026-07-13 14:15:20,021 [INFO ]  [20200/22926] | Loss: 70233.823 | PSNR: 7.677 | MSE: 0.70233823 | BPP: 1.9731 | QP: 63
2026-07-13 14:15:25,131 [INFO ]  [20250/22926] | Loss: 70225.925 | PSNR: 7.678 | MSE: 0.70225925 | BPP: 1.9732 | QP: 63
2026-07-13 14:15:30,245 [INFO ]  [20300/22926] | Loss: 70225.757 | PSNR: 7.678 | MSE: 0.70225757 | BPP: 1.9732 | QP: 63
2026-07-13 14:15:35,419 [INFO ]  [20350/22926] | Loss: 70222.630 | PSNR: 7.679 | MSE: 0.70222630 | BPP: 1.9732 | QP: 63
2026-07-13 14:15:40,581 [INFO ]  [20400/22926] | Loss: 70220.276 | PSNR: 7.679 | MSE: 0.70220276 | BPP: 1.9732 | QP: 63
2026-07-13 14:15:45,747 [INFO ]  [20450/22926] | Loss: 70219.531 | PSNR: 7.679 | MSE: 0.70219531 | BPP: 1.9733 | QP: 63
2026-07-13 14:15:50,932 [INFO ]  [20500/22926] | Loss: 70222.551 | PSNR: 7.679 | MSE: 0.70222551 | BPP: 1.9733 | QP: 63
2026-07-13 14:15:56,082 [INFO ]  [20550/22926] | Loss: 70234.806 | PSNR: 7.678 | MSE: 0.70234806 | BPP: 1.9733 | QP: 63
2026-07-13 14:16:01,220 [INFO ]  [20600/22926] | Loss: 70243.767 | PSNR: 7.676 | MSE: 0.70243767 | BPP: 1.9734 | QP: 63
2026-07-13 14:16:06,344 [INFO ]  [20650/22926] | Loss: 70251.283 | PSNR: 7.674 | MSE: 0.70251283 | BPP: 1.9734 | QP: 63
2026-07-13 14:16:11,509 [INFO ]  [20700/22926] | Loss: 70245.296 | PSNR: 7.674 | MSE: 0.70245296 | BPP: 1.9734 | QP: 63
2026-07-13 14:16:16,814 [INFO ]  [20750/22926] | Loss: 70248.757 | PSNR: 7.674 | MSE: 0.70248757 | BPP: 1.9734 | QP: 63
2026-07-13 14:16:22,006 [INFO ]  [20800/22926] | Loss: 70253.404 | PSNR: 7.674 | MSE: 0.70253404 | BPP: 1.9735 | QP: 63
2026-07-13 14:16:27,212 [INFO ]  [20850/22926] | Loss: 70262.687 | PSNR: 7.672 | MSE: 0.70262687 | BPP: 1.9735 | QP: 63
2026-07-13 14:16:32,395 [INFO ]  [20900/22926] | Loss: 70264.062 | PSNR: 7.671 | MSE: 0.70264062 | BPP: 1.9735 | QP: 63
2026-07-13 14:16:37,677 [INFO ]  [20950/22926] | Loss: 70262.533 | PSNR: 7.671 | MSE: 0.70262533 | BPP: 1.9736 | QP: 63
2026-07-13 14:16:42,825 [INFO ]  [21000/22926] | Loss: 70260.985 | PSNR: 7.671 | MSE: 0.70260985 | BPP: 1.9736 | QP: 63
2026-07-13 14:16:47,914 [INFO ]  [21050/22926] | Loss: 70265.869 | PSNR: 7.670 | MSE: 0.70265869 | BPP: 1.9736 | QP: 63
2026-07-13 14:16:53,023 [INFO ]  [21100/22926] | Loss: 70262.414 | PSNR: 7.670 | MSE: 0.70262414 | BPP: 1.9736 | QP: 63
2026-07-13 14:16:58,162 [INFO ]  [21150/22926] | Loss: 70267.436 | PSNR: 7.668 | MSE: 0.70267436 | BPP: 1.9737 | QP: 63
2026-07-13 14:17:03,377 [INFO ]  [21200/22926] | Loss: 70266.900 | PSNR: 7.668 | MSE: 0.70266900 | BPP: 1.9737 | QP: 63
2026-07-13 14:17:08,509 [INFO ]  [21250/22926] | Loss: 70272.541 | PSNR: 7.667 | MSE: 0.70272541 | BPP: 1.9737 | QP: 63
2026-07-13 14:17:13,695 [INFO ]  [21300/22926] | Loss: 70275.376 | PSNR: 7.667 | MSE: 0.70275376 | BPP: 1.9737 | QP: 63
2026-07-13 14:17:18,863 [INFO ]  [21350/22926] | Loss: 70274.812 | PSNR: 7.666 | MSE: 0.70274812 | BPP: 1.9738 | QP: 63
2026-07-13 14:17:24,012 [INFO ]  [21400/22926] | Loss: 70276.686 | PSNR: 7.666 | MSE: 0.70276686 | BPP: 1.9738 | QP: 63
2026-07-13 14:17:29,178 [INFO ]  [21450/22926] | Loss: 70275.508 | PSNR: 7.666 | MSE: 0.70275508 | BPP: 1.9738 | QP: 63
2026-07-13 14:17:34,334 [INFO ]  [21500/22926] | Loss: 70278.416 | PSNR: 7.666 | MSE: 0.70278416 | BPP: 1.9739 | QP: 63
2026-07-13 14:17:39,455 [INFO ]  [21550/22926] | Loss: 70275.262 | PSNR: 7.666 | MSE: 0.70275262 | BPP: 1.9739 | QP: 63
2026-07-13 14:17:44,500 [INFO ]  [21600/22926] | Loss: 70268.087 | PSNR: 7.667 | MSE: 0.70268087 | BPP: 1.9739 | QP: 63
2026-07-13 14:17:49,602 [INFO ]  [21650/22926] | Loss: 70268.836 | PSNR: 7.667 | MSE: 0.70268836 | BPP: 1.9739 | QP: 63
2026-07-13 14:17:54,747 [INFO ]  [21700/22926] | Loss: 70272.012 | PSNR: 7.666 | MSE: 0.70272012 | BPP: 1.9740 | QP: 63
2026-07-13 14:17:59,981 [INFO ]  [21750/22926] | Loss: 70270.177 | PSNR: 7.667 | MSE: 0.70270178 | BPP: 1.9740 | QP: 63
2026-07-13 14:18:05,180 [INFO ]  [21800/22926] | Loss: 70264.246 | PSNR: 7.667 | MSE: 0.70264246 | BPP: 1.9740 | QP: 63
2026-07-13 14:18:10,323 [INFO ]  [21850/22926] | Loss: 70257.391 | PSNR: 7.668 | MSE: 0.70257391 | BPP: 1.9740 | QP: 63
2026-07-13 14:18:15,532 [INFO ]  [21900/22926] | Loss: 70253.122 | PSNR: 7.669 | MSE: 0.70253122 | BPP: 1.9741 | QP: 63
2026-07-13 14:18:20,755 [INFO ]  [21950/22926] | Loss: 70257.302 | PSNR: 7.668 | MSE: 0.70257302 | BPP: 1.9741 | QP: 63
2026-07-13 14:18:25,906 [INFO ]  [22000/22926] | Loss: 70256.373 | PSNR: 7.668 | MSE: 0.70256373 | BPP: 1.9741 | QP: 63
2026-07-13 14:18:31,062 [INFO ]  [22050/22926] | Loss: 70259.442 | PSNR: 7.667 | MSE: 0.70259442 | BPP: 1.9741 | QP: 63
2026-07-13 14:18:36,151 [INFO ]  [22100/22926] | Loss: 70266.745 | PSNR: 7.666 | MSE: 0.70266745 | BPP: 1.9742 | QP: 63
2026-07-13 14:18:41,255 [INFO ]  [22150/22926] | Loss: 70267.554 | PSNR: 7.666 | MSE: 0.70267554 | BPP: 1.9742 | QP: 63
2026-07-13 14:18:46,421 [INFO ]  [22200/22926] | Loss: 70268.090 | PSNR: 7.666 | MSE: 0.70268090 | BPP: 1.9742 | QP: 63
2026-07-13 14:18:51,591 [INFO ]  [22250/22926] | Loss: 70268.316 | PSNR: 7.666 | MSE: 0.70268316 | BPP: 1.9742 | QP: 63
2026-07-13 14:18:56,836 [INFO ]  [22300/22926] | Loss: 70272.135 | PSNR: 7.665 | MSE: 0.70272135 | BPP: 1.9743 | QP: 63
2026-07-13 14:19:02,127 [INFO ]  [22350/22926] | Loss: 70267.736 | PSNR: 7.666 | MSE: 0.70267736 | BPP: 1.9743 | QP: 63
2026-07-13 14:19:07,346 [INFO ]  [22400/22926] | Loss: 70269.494 | PSNR: 7.665 | MSE: 0.70269494 | BPP: 1.9743 | QP: 63
2026-07-13 14:19:12,591 [INFO ]  [22450/22926] | Loss: 70270.850 | PSNR: 7.665 | MSE: 0.70270850 | BPP: 1.9743 | QP: 63
2026-07-13 14:19:17,783 [INFO ]  [22500/22926] | Loss: 70273.460 | PSNR: 7.664 | MSE: 0.70273460 | BPP: 1.9744 | QP: 63
2026-07-13 14:19:22,977 [INFO ]  [22550/22926] | Loss: 70266.879 | PSNR: 7.665 | MSE: 0.70266879 | BPP: 1.9744 | QP: 63
2026-07-13 14:19:28,121 [INFO ]  [22600/22926] | Loss: 70269.221 | PSNR: 7.665 | MSE: 0.70269221 | BPP: 1.9744 | QP: 63
2026-07-13 14:19:33,274 [INFO ]  [22650/22926] | Loss: 70268.490 | PSNR: 7.665 | MSE: 0.70268490 | BPP: 1.9744 | QP: 63
2026-07-13 14:19:38,595 [INFO ]  [22700/22926] | Loss: 70274.536 | PSNR: 7.663 | MSE: 0.70274536 | BPP: 1.9744 | QP: 63
2026-07-13 14:19:43,866 [INFO ]  [22750/22926] | Loss: 70277.119 | PSNR: 7.663 | MSE: 0.70277119 | BPP: 1.9745 | QP: 63
2026-07-13 14:19:48,982 [INFO ]  [22800/22926] | Loss: 70276.639 | PSNR: 7.663 | MSE: 0.70276639 | BPP: 1.9745 | QP: 63
2026-07-13 14:19:54,105 [INFO ]  [22850/22926] | Loss: 70281.785 | PSNR: 7.662 | MSE: 0.70281785 | BPP: 1.9745 | QP: 63
2026-07-13 14:19:59,366 [INFO ]  [22900/22926] | Loss: 70276.930 | PSNR: 7.663 | MSE: 0.70276930 | BPP: 1.9745 | QP: 63
2026-07-13 14:20:01,780 [INFO ]  Train epoch 3: Loss: 70432.520 | PSNR: 7.643 | MSE: 0.70432520 | BPP: 1.9744
2026-07-13 14:20:01,780 [INFO ]  No test_filelist is set; using train loss for checkpoint selection.
2026-07-13 14:20:02,543 [INFO ]  Global step updated to: 91704
2026-07-13 14:20:02,543 [INFO ]  ====== Current epoch 4 ======
2026-07-13 14:20:02,543 [INFO ]  Learning rate: 0.0001
2026-07-13 14:20:02,836 [INFO ]  [0/22926] | Loss: 87340.141 | PSNR: 4.725 | MSE: 0.87340140 | BPP: 1.9852 | QP: 63
2026-07-13 14:20:08,062 [INFO ]  [50/22926] | Loss: 71366.771 | PSNR: 7.236 | MSE: 0.71366771 | BPP: 1.9851 | QP: 63
2026-07-13 14:20:13,166 [INFO ]  [100/22926] | Loss: 72180.579 | PSNR: 7.127 | MSE: 0.72180580 | BPP: 1.9851 | QP: 63
2026-07-13 14:20:18,252 [INFO ]  [150/22926] | Loss: 71268.679 | PSNR: 7.325 | MSE: 0.71268680 | BPP: 1.9851 | QP: 63
2026-07-13 14:20:23,476 [INFO ]  [200/22926] | Loss: 71562.883 | PSNR: 7.332 | MSE: 0.71562883 | BPP: 1.9851 | QP: 63
2026-07-13 14:20:28,759 [INFO ]  [250/22926] | Loss: 71309.663 | PSNR: 7.345 | MSE: 0.71309663 | BPP: 1.9851 | QP: 63
2026-07-13 14:20:34,007 [INFO ]  [300/22926] | Loss: 71045.755 | PSNR: 7.410 | MSE: 0.71045755 | BPP: 1.9851 | QP: 63
2026-07-13 14:20:39,099 [INFO ]  [350/22926] | Loss: 70691.278 | PSNR: 7.452 | MSE: 0.70691278 | BPP: 1.9851 | QP: 63
2026-07-13 14:20:44,214 [INFO ]  [400/22926] | Loss: 70972.848 | PSNR: 7.403 | MSE: 0.70972848 | BPP: 1.9851 | QP: 63
2026-07-13 14:20:49,342 [INFO ]  [450/22926] | Loss: 70514.651 | PSNR: 7.507 | MSE: 0.70514651 | BPP: 1.9851 | QP: 63
2026-07-13 14:20:54,531 [INFO ]  [500/22926] | Loss: 70493.382 | PSNR: 7.508 | MSE: 0.70493382 | BPP: 1.9851 | QP: 63
2026-07-13 14:20:59,716 [INFO ]  [550/22926] | Loss: 70688.487 | PSNR: 7.473 | MSE: 0.70688487 | BPP: 1.9851 | QP: 63
2026-07-13 14:21:04,968 [INFO ]  [600/22926] | Loss: 70607.341 | PSNR: 7.493 | MSE: 0.70607341 | BPP: 1.9851 | QP: 63
2026-07-13 14:21:10,079 [INFO ]  [650/22926] | Loss: 70879.742 | PSNR: 7.458 | MSE: 0.70879742 | BPP: 1.9851 | QP: 63
2026-07-13 14:21:15,163 [INFO ]  [700/22926] | Loss: 70928.154 | PSNR: 7.448 | MSE: 0.70928154 | BPP: 1.9851 | QP: 63
2026-07-13 14:21:20,241 [INFO ]  [750/22926] | Loss: 71002.295 | PSNR: 7.445 | MSE: 0.71002295 | BPP: 1.9851 | QP: 63
2026-07-13 14:21:25,409 [INFO ]  [800/22926] | Loss: 70974.023 | PSNR: 7.462 | MSE: 0.70974023 | BPP: 1.9851 | QP: 63
2026-07-13 14:21:30,694 [INFO ]  [850/22926] | Loss: 71035.389 | PSNR: 7.463 | MSE: 0.71035389 | BPP: 1.9851 | QP: 63
2026-07-13 14:21:35,981 [INFO ]  [900/22926] | Loss: 70964.801 | PSNR: 7.474 | MSE: 0.70964801 | BPP: 1.9851 | QP: 63
2026-07-13 14:21:41,318 [INFO ]  [950/22926] | Loss: 70805.704 | PSNR: 7.497 | MSE: 0.70805704 | BPP: 1.9851 | QP: 63
2026-07-13 14:21:46,589 [INFO ]  [1000/22926] | Loss: 70823.901 | PSNR: 7.494 | MSE: 0.70823901 | BPP: 1.9851 | QP: 63
2026-07-13 14:21:51,859 [INFO ]  [1050/22926] | Loss: 70810.362 | PSNR: 7.497 | MSE: 0.70810362 | BPP: 1.9851 | QP: 63
2026-07-13 14:21:57,103 [INFO ]  [1100/22926] | Loss: 70685.830 | PSNR: 7.522 | MSE: 0.70685830 | BPP: 1.9851 | QP: 63
2026-07-13 14:22:02,337 [INFO ]  [1150/22926] | Loss: 70706.569 | PSNR: 7.526 | MSE: 0.70706569 | BPP: 1.9851 | QP: 63
2026-07-13 14:22:07,367 [INFO ]  [1200/22926] | Loss: 70645.111 | PSNR: 7.537 | MSE: 0.70645111 | BPP: 1.9851 | QP: 63
2026-07-13 14:22:12,467 [INFO ]  [1250/22926] | Loss: 70622.221 | PSNR: 7.543 | MSE: 0.70622221 | BPP: 1.9851 | QP: 63
2026-07-13 14:22:17,556 [INFO ]  [1300/22926] | Loss: 70588.138 | PSNR: 7.553 | MSE: 0.70588138 | BPP: 1.9851 | QP: 63
2026-07-13 14:22:22,768 [INFO ]  [1350/22926] | Loss: 70606.483 | PSNR: 7.551 | MSE: 0.70606483 | BPP: 1.9851 | QP: 63
2026-07-13 14:22:27,917 [INFO ]  [1400/22926] | Loss: 70608.671 | PSNR: 7.543 | MSE: 0.70608671 | BPP: 1.9851 | QP: 63
2026-07-13 14:22:33,074 [INFO ]  [1450/22926] | Loss: 70568.827 | PSNR: 7.546 | MSE: 0.70568827 | BPP: 1.9851 | QP: 63
2026-07-13 14:22:38,255 [INFO ]  [1500/22926] | Loss: 70679.712 | PSNR: 7.532 | MSE: 0.70679712 | BPP: 1.9851 | QP: 63
2026-07-13 14:22:43,417 [INFO ]  [1550/22926] | Loss: 70699.948 | PSNR: 7.532 | MSE: 0.70699948 | BPP: 1.9851 | QP: 63
2026-07-13 14:22:48,828 [INFO ]  [1600/22926] | Loss: 70751.228 | PSNR: 7.516 | MSE: 0.70751228 | BPP: 1.9851 | QP: 63
2026-07-13 14:22:53,939 [INFO ]  [1650/22926] | Loss: 70799.098 | PSNR: 7.515 | MSE: 0.70799098 | BPP: 1.9851 | QP: 63
2026-07-13 14:22:59,064 [INFO ]  [1700/22926] | Loss: 70851.227 | PSNR: 7.512 | MSE: 0.70851227 | BPP: 1.9851 | QP: 63
2026-07-13 14:23:04,180 [INFO ]  [1750/22926] | Loss: 70804.651 | PSNR: 7.518 | MSE: 0.70804651 | BPP: 1.9851 | QP: 63
2026-07-13 14:23:09,276 [INFO ]  [1800/22926] | Loss: 70836.946 | PSNR: 7.512 | MSE: 0.70836946 | BPP: 1.9851 | QP: 63
2026-07-13 14:23:14,398 [INFO ]  [1850/22926] | Loss: 70868.517 | PSNR: 7.511 | MSE: 0.70868517 | BPP: 1.9851 | QP: 63
2026-07-13 14:23:19,588 [INFO ]  [1900/22926] | Loss: 70888.927 | PSNR: 7.509 | MSE: 0.70888927 | BPP: 1.9851 | QP: 63
2026-07-13 14:23:24,773 [INFO ]  [1950/22926] | Loss: 70811.304 | PSNR: 7.521 | MSE: 0.70811304 | BPP: 1.9851 | QP: 63
2026-07-13 14:23:29,916 [INFO ]  [2000/22926] | Loss: 70728.390 | PSNR: 7.529 | MSE: 0.70728390 | BPP: 1.9851 | QP: 63
2026-07-13 14:23:35,097 [INFO ]  [2050/22926] | Loss: 70771.633 | PSNR: 7.525 | MSE: 0.70771633 | BPP: 1.9851 | QP: 63
2026-07-13 14:23:40,266 [INFO ]  [2100/22926] | Loss: 70749.029 | PSNR: 7.529 | MSE: 0.70749029 | BPP: 1.9851 | QP: 63
2026-07-13 14:23:45,451 [INFO ]  [2150/22926] | Loss: 70726.800 | PSNR: 7.530 | MSE: 0.70726800 | BPP: 1.9851 | QP: 63
2026-07-13 14:23:50,582 [INFO ]  [2200/22926] | Loss: 70639.543 | PSNR: 7.542 | MSE: 0.70639543 | BPP: 1.9851 | QP: 63
2026-07-13 14:23:55,723 [INFO ]  [2250/22926] | Loss: 70614.285 | PSNR: 7.548 | MSE: 0.70614285 | BPP: 1.9851 | QP: 63
2026-07-13 14:24:00,910 [INFO ]  [2300/22926] | Loss: 70616.860 | PSNR: 7.548 | MSE: 0.70616860 | BPP: 1.9851 | QP: 63
2026-07-13 14:24:06,152 [INFO ]  [2350/22926] | Loss: 70611.843 | PSNR: 7.545 | MSE: 0.70611843 | BPP: 1.9851 | QP: 63
2026-07-13 14:24:11,384 [INFO ]  [2400/22926] | Loss: 70584.797 | PSNR: 7.552 | MSE: 0.70584797 | BPP: 1.9851 | QP: 63
2026-07-13 14:24:16,586 [INFO ]  [2450/22926] | Loss: 70571.407 | PSNR: 7.551 | MSE: 0.70571407 | BPP: 1.9851 | QP: 63
2026-07-13 14:24:21,760 [INFO ]  [2500/22926] | Loss: 70614.738 | PSNR: 7.545 | MSE: 0.70614738 | BPP: 1.9851 | QP: 63
2026-07-13 14:24:27,094 [INFO ]  [2550/22926] | Loss: 70562.954 | PSNR: 7.554 | MSE: 0.70562954 | BPP: 1.9851 | QP: 63
2026-07-13 14:24:32,273 [INFO ]  [2600/22926] | Loss: 70538.862 | PSNR: 7.557 | MSE: 0.70538863 | BPP: 1.9851 | QP: 63
2026-07-13 14:24:37,437 [INFO ]  [2650/22926] | Loss: 70525.773 | PSNR: 7.558 | MSE: 0.70525773 | BPP: 1.9851 | QP: 63
2026-07-13 14:24:42,606 [INFO ]  [2700/22926] | Loss: 70569.062 | PSNR: 7.551 | MSE: 0.70569062 | BPP: 1.9851 | QP: 63
2026-07-13 14:24:47,781 [INFO ]  [2750/22926] | Loss: 70582.727 | PSNR: 7.548 | MSE: 0.70582727 | BPP: 1.9851 | QP: 63
2026-07-13 14:24:52,911 [INFO ]  [2800/22926] | Loss: 70581.845 | PSNR: 7.547 | MSE: 0.70581845 | BPP: 1.9851 | QP: 63
2026-07-13 14:24:58,005 [INFO ]  [2850/22926] | Loss: 70620.973 | PSNR: 7.543 | MSE: 0.70620973 | BPP: 1.9851 | QP: 63
2026-07-13 14:25:03,149 [INFO ]  [2900/22926] | Loss: 70640.922 | PSNR: 7.542 | MSE: 0.70640922 | BPP: 1.9851 | QP: 63
2026-07-13 14:25:08,267 [INFO ]  [2950/22926] | Loss: 70625.715 | PSNR: 7.546 | MSE: 0.70625715 | BPP: 1.9851 | QP: 63
2026-07-13 14:25:13,401 [INFO ]  [3000/22926] | Loss: 70650.147 | PSNR: 7.541 | MSE: 0.70650147 | BPP: 1.9851 | QP: 63
2026-07-13 14:25:18,602 [INFO ]  [3050/22926] | Loss: 70586.260 | PSNR: 7.552 | MSE: 0.70586260 | BPP: 1.9851 | QP: 63
2026-07-13 14:25:23,741 [INFO ]  [3100/22926] | Loss: 70595.320 | PSNR: 7.552 | MSE: 0.70595320 | BPP: 1.9851 | QP: 63
2026-07-13 14:25:28,911 [INFO ]  [3150/22926] | Loss: 70564.397 | PSNR: 7.555 | MSE: 0.70564397 | BPP: 1.9851 | QP: 63
2026-07-13 14:25:34,049 [INFO ]  [3200/22926] | Loss: 70612.296 | PSNR: 7.552 | MSE: 0.70612296 | BPP: 1.9851 | QP: 63
2026-07-13 14:25:39,175 [INFO ]  [3250/22926] | Loss: 70584.095 | PSNR: 7.553 | MSE: 0.70584095 | BPP: 1.9851 | QP: 63
2026-07-13 14:25:44,280 [INFO ]  [3300/22926] | Loss: 70544.639 | PSNR: 7.560 | MSE: 0.70544639 | BPP: 1.9851 | QP: 63
2026-07-13 14:25:49,658 [INFO ]  [3350/22926] | Loss: 70504.402 | PSNR: 7.570 | MSE: 0.70504402 | BPP: 1.9851 | QP: 63
2026-07-13 14:25:54,879 [INFO ]  [3400/22926] | Loss: 70479.001 | PSNR: 7.573 | MSE: 0.70479001 | BPP: 1.9851 | QP: 63
2026-07-13 14:25:59,996 [INFO ]  [3450/22926] | Loss: 70490.089 | PSNR: 7.574 | MSE: 0.70490089 | BPP: 1.9851 | QP: 63
2026-07-13 14:26:05,206 [INFO ]  [3500/22926] | Loss: 70478.888 | PSNR: 7.577 | MSE: 0.70478888 | BPP: 1.9851 | QP: 63
2026-07-13 14:26:10,378 [INFO ]  [3550/22926] | Loss: 70494.496 | PSNR: 7.574 | MSE: 0.70494496 | BPP: 1.9851 | QP: 63
2026-07-13 14:26:15,539 [INFO ]  [3600/22926] | Loss: 70483.924 | PSNR: 7.578 | MSE: 0.70483924 | BPP: 1.9851 | QP: 63
2026-07-13 14:26:20,752 [INFO ]  [3650/22926] | Loss: 70425.756 | PSNR: 7.587 | MSE: 0.70425756 | BPP: 1.9851 | QP: 63
2026-07-13 14:26:25,815 [INFO ]  [3700/22926] | Loss: 70465.512 | PSNR: 7.585 | MSE: 0.70465512 | BPP: 1.9851 | QP: 63
2026-07-13 14:26:30,970 [INFO ]  [3750/22926] | Loss: 70471.180 | PSNR: 7.588 | MSE: 0.70471180 | BPP: 1.9851 | QP: 63
2026-07-13 14:26:36,106 [INFO ]  [3800/22926] | Loss: 70439.262 | PSNR: 7.593 | MSE: 0.70439262 | BPP: 1.9851 | QP: 63
2026-07-13 14:26:41,230 [INFO ]  [3850/22926] | Loss: 70467.489 | PSNR: 7.589 | MSE: 0.70467489 | BPP: 1.9851 | QP: 63
2026-07-13 14:26:46,408 [INFO ]  [3900/22926] | Loss: 70486.237 | PSNR: 7.585 | MSE: 0.70486237 | BPP: 1.9851 | QP: 63
2026-07-13 14:26:51,520 [INFO ]  [3950/22926] | Loss: 70518.672 | PSNR: 7.579 | MSE: 0.70518672 | BPP: 1.9851 | QP: 63
2026-07-13 14:26:56,692 [INFO ]  [4000/22926] | Loss: 70497.971 | PSNR: 7.578 | MSE: 0.70497971 | BPP: 1.9851 | QP: 63
2026-07-13 14:27:01,810 [INFO ]  [4050/22926] | Loss: 70491.836 | PSNR: 7.579 | MSE: 0.70491836 | BPP: 1.9851 | QP: 63
2026-07-13 14:27:06,914 [INFO ]  [4100/22926] | Loss: 70512.137 | PSNR: 7.578 | MSE: 0.70512137 | BPP: 1.9851 | QP: 63
2026-07-13 14:27:11,982 [INFO ]  [4150/22926] | Loss: 70526.707 | PSNR: 7.574 | MSE: 0.70526707 | BPP: 1.9851 | QP: 63
2026-07-13 14:27:17,091 [INFO ]  [4200/22926] | Loss: 70472.955 | PSNR: 7.583 | MSE: 0.70472955 | BPP: 1.9851 | QP: 63
2026-07-13 14:27:22,076 [INFO ]  [4250/22926] | Loss: 70472.174 | PSNR: 7.584 | MSE: 0.70472174 | BPP: 1.9851 | QP: 63
2026-07-13 14:27:27,140 [INFO ]  [4300/22926] | Loss: 70437.379 | PSNR: 7.589 | MSE: 0.70437379 | BPP: 1.9851 | QP: 63
2026-07-13 14:27:32,201 [INFO ]  [4350/22926] | Loss: 70422.928 | PSNR: 7.590 | MSE: 0.70422928 | BPP: 1.9851 | QP: 63
2026-07-13 14:27:37,173 [INFO ]  [4400/22926] | Loss: 70406.286 | PSNR: 7.598 | MSE: 0.70406286 | BPP: 1.9851 | QP: 63
2026-07-13 14:27:42,279 [INFO ]  [4450/22926] | Loss: 70420.748 | PSNR: 7.595 | MSE: 0.70420748 | BPP: 1.9851 | QP: 63
2026-07-13 14:27:47,391 [INFO ]  [4500/22926] | Loss: 70408.269 | PSNR: 7.597 | MSE: 0.70408269 | BPP: 1.9851 | QP: 63
2026-07-13 14:27:52,586 [INFO ]  [4550/22926] | Loss: 70419.097 | PSNR: 7.596 | MSE: 0.70419097 | BPP: 1.9851 | QP: 63
2026-07-13 14:27:57,730 [INFO ]  [4600/22926] | Loss: 70415.040 | PSNR: 7.598 | MSE: 0.70415040 | BPP: 1.9851 | QP: 63
2026-07-13 14:28:02,839 [INFO ]  [4650/22926] | Loss: 70408.676 | PSNR: 7.598 | MSE: 0.70408676 | BPP: 1.9851 | QP: 63
2026-07-13 14:28:07,852 [INFO ]  [4700/22926] | Loss: 70416.160 | PSNR: 7.594 | MSE: 0.70416160 | BPP: 1.9851 | QP: 63
2026-07-13 14:28:12,913 [INFO ]  [4750/22926] | Loss: 70412.082 | PSNR: 7.596 | MSE: 0.70412082 | BPP: 1.9851 | QP: 63
2026-07-13 14:28:17,983 [INFO ]  [4800/22926] | Loss: 70454.728 | PSNR: 7.591 | MSE: 0.70454728 | BPP: 1.9851 | QP: 63
2026-07-13 14:28:23,023 [INFO ]  [4850/22926] | Loss: 70442.922 | PSNR: 7.594 | MSE: 0.70442922 | BPP: 1.9851 | QP: 63
2026-07-13 14:28:28,096 [INFO ]  [4900/22926] | Loss: 70442.322 | PSNR: 7.595 | MSE: 0.70442322 | BPP: 1.9851 | QP: 63
2026-07-13 14:28:33,268 [INFO ]  [4950/22926] | Loss: 70439.755 | PSNR: 7.596 | MSE: 0.70439755 | BPP: 1.9851 | QP: 63
2026-07-13 14:28:38,405 [INFO ]  [5000/22926] | Loss: 70436.152 | PSNR: 7.599 | MSE: 0.70436152 | BPP: 1.9851 | QP: 63
2026-07-13 14:28:43,563 [INFO ]  [5050/22926] | Loss: 70449.368 | PSNR: 7.596 | MSE: 0.70449368 | BPP: 1.9851 | QP: 63
2026-07-13 14:28:48,634 [INFO ]  [5100/22926] | Loss: 70452.834 | PSNR: 7.595 | MSE: 0.70452834 | BPP: 1.9851 | QP: 63
2026-07-13 14:28:53,971 [INFO ]  [5150/22926] | Loss: 70494.939 | PSNR: 7.587 | MSE: 0.70494939 | BPP: 1.9851 | QP: 63
2026-07-13 14:28:59,206 [INFO ]  [5200/22926] | Loss: 70467.336 | PSNR: 7.591 | MSE: 0.70467336 | BPP: 1.9851 | QP: 63
2026-07-13 14:29:04,306 [INFO ]  [5250/22926] | Loss: 70489.538 | PSNR: 7.586 | MSE: 0.70489538 | BPP: 1.9851 | QP: 63
2026-07-13 14:29:09,357 [INFO ]  [5300/22926] | Loss: 70479.911 | PSNR: 7.589 | MSE: 0.70479911 | BPP: 1.9851 | QP: 63
2026-07-13 14:29:14,346 [INFO ]  [5350/22926] | Loss: 70451.688 | PSNR: 7.592 | MSE: 0.70451688 | BPP: 1.9851 | QP: 63
2026-07-13 14:29:19,343 [INFO ]  [5400/22926] | Loss: 70452.648 | PSNR: 7.592 | MSE: 0.70452648 | BPP: 1.9851 | QP: 63
2026-07-13 14:29:24,555 [INFO ]  [5450/22926] | Loss: 70470.967 | PSNR: 7.593 | MSE: 0.70470967 | BPP: 1.9851 | QP: 63
2026-07-13 14:29:29,631 [INFO ]  [5500/22926] | Loss: 70501.181 | PSNR: 7.589 | MSE: 0.70501181 | BPP: 1.9851 | QP: 63
2026-07-13 14:29:34,783 [INFO ]  [5550/22926] | Loss: 70520.892 | PSNR: 7.585 | MSE: 0.70520892 | BPP: 1.9851 | QP: 63
2026-07-13 14:29:39,916 [INFO ]  [5600/22926] | Loss: 70531.027 | PSNR: 7.585 | MSE: 0.70531027 | BPP: 1.9851 | QP: 63
2026-07-13 14:29:45,024 [INFO ]  [5650/22926] | Loss: 70539.347 | PSNR: 7.584 | MSE: 0.70539347 | BPP: 1.9851 | QP: 63
2026-07-13 14:29:50,059 [INFO ]  [5700/22926] | Loss: 70530.394 | PSNR: 7.587 | MSE: 0.70530394 | BPP: 1.9851 | QP: 63
2026-07-13 14:29:55,144 [INFO ]  [5750/22926] | Loss: 70532.247 | PSNR: 7.587 | MSE: 0.70532247 | BPP: 1.9851 | QP: 63
2026-07-13 14:30:00,212 [INFO ]  [5800/22926] | Loss: 70529.296 | PSNR: 7.588 | MSE: 0.70529296 | BPP: 1.9851 | QP: 63
2026-07-13 14:30:05,286 [INFO ]  [5850/22926] | Loss: 70502.978 | PSNR: 7.593 | MSE: 0.70502978 | BPP: 1.9851 | QP: 63
2026-07-13 14:30:10,236 [INFO ]  [5900/22926] | Loss: 70477.622 | PSNR: 7.598 | MSE: 0.70477622 | BPP: 1.9851 | QP: 63
2026-07-13 14:30:15,390 [INFO ]  [5950/22926] | Loss: 70457.907 | PSNR: 7.603 | MSE: 0.70457907 | BPP: 1.9851 | QP: 63
2026-07-13 14:30:20,439 [INFO ]  [6000/22926] | Loss: 70457.729 | PSNR: 7.602 | MSE: 0.70457729 | BPP: 1.9851 | QP: 63
2026-07-13 14:30:25,638 [INFO ]  [6050/22926] | Loss: 70498.087 | PSNR: 7.597 | MSE: 0.70498087 | BPP: 1.9851 | QP: 63
2026-07-13 14:30:30,673 [INFO ]  [6100/22926] | Loss: 70479.076 | PSNR: 7.598 | MSE: 0.70479076 | BPP: 1.9851 | QP: 63
2026-07-13 14:30:35,850 [INFO ]  [6150/22926] | Loss: 70453.889 | PSNR: 7.601 | MSE: 0.70453889 | BPP: 1.9851 | QP: 63
2026-07-13 14:30:40,986 [INFO ]  [6200/22926] | Loss: 70449.572 | PSNR: 7.601 | MSE: 0.70449572 | BPP: 1.9851 | QP: 63
2026-07-13 14:30:46,116 [INFO ]  [6250/22926] | Loss: 70445.277 | PSNR: 7.601 | MSE: 0.70445277 | BPP: 1.9851 | QP: 63
2026-07-13 14:30:51,210 [INFO ]  [6300/22926] | Loss: 70462.488 | PSNR: 7.598 | MSE: 0.70462488 | BPP: 1.9851 | QP: 63
2026-07-13 14:30:56,325 [INFO ]  [6350/22926] | Loss: 70456.372 | PSNR: 7.598 | MSE: 0.70456372 | BPP: 1.9851 | QP: 63
2026-07-13 14:31:01,379 [INFO ]  [6400/22926] | Loss: 70435.681 | PSNR: 7.599 | MSE: 0.70435681 | BPP: 1.9851 | QP: 63
2026-07-13 14:31:06,492 [INFO ]  [6450/22926] | Loss: 70468.486 | PSNR: 7.593 | MSE: 0.70468486 | BPP: 1.9851 | QP: 63
2026-07-13 14:31:11,634 [INFO ]  [6500/22926] | Loss: 70502.669 | PSNR: 7.588 | MSE: 0.70502669 | BPP: 1.9851 | QP: 63
2026-07-13 14:31:16,815 [INFO ]  [6550/22926] | Loss: 70500.720 | PSNR: 7.588 | MSE: 0.70500720 | BPP: 1.9851 | QP: 63
2026-07-13 14:31:21,985 [INFO ]  [6600/22926] | Loss: 70512.998 | PSNR: 7.587 | MSE: 0.70512998 | BPP: 1.9851 | QP: 63
2026-07-13 14:31:27,135 [INFO ]  [6650/22926] | Loss: 70527.949 | PSNR: 7.584 | MSE: 0.70527949 | BPP: 1.9851 | QP: 63
2026-07-13 14:31:32,318 [INFO ]  [6700/22926] | Loss: 70514.103 | PSNR: 7.586 | MSE: 0.70514103 | BPP: 1.9851 | QP: 63
2026-07-13 14:31:37,389 [INFO ]  [6750/22926] | Loss: 70514.721 | PSNR: 7.584 | MSE: 0.70514721 | BPP: 1.9851 | QP: 63
2026-07-13 14:31:42,454 [INFO ]  [6800/22926] | Loss: 70511.063 | PSNR: 7.583 | MSE: 0.70511063 | BPP: 1.9851 | QP: 63
2026-07-13 14:31:47,546 [INFO ]  [6850/22926] | Loss: 70523.997 | PSNR: 7.582 | MSE: 0.70523997 | BPP: 1.9851 | QP: 63
2026-07-13 14:31:52,601 [INFO ]  [6900/22926] | Loss: 70536.278 | PSNR: 7.578 | MSE: 0.70536278 | BPP: 1.9851 | QP: 63
2026-07-13 14:31:58,003 [INFO ]  [6950/22926] | Loss: 70525.547 | PSNR: 7.580 | MSE: 0.70525547 | BPP: 1.9851 | QP: 63
2026-07-13 14:32:03,051 [INFO ]  [7000/22926] | Loss: 70527.836 | PSNR: 7.579 | MSE: 0.70527836 | BPP: 1.9851 | QP: 63
2026-07-13 14:32:08,172 [INFO ]  [7050/22926] | Loss: 70544.649 | PSNR: 7.577 | MSE: 0.70544649 | BPP: 1.9851 | QP: 63
2026-07-13 14:32:13,268 [INFO ]  [7100/22926] | Loss: 70559.111 | PSNR: 7.576 | MSE: 0.70559111 | BPP: 1.9851 | QP: 63
2026-07-13 14:32:18,448 [INFO ]  [7150/22926] | Loss: 70531.804 | PSNR: 7.580 | MSE: 0.70531804 | BPP: 1.9851 | QP: 63
2026-07-13 14:32:23,651 [INFO ]  [7200/22926] | Loss: 70543.146 | PSNR: 7.579 | MSE: 0.70543146 | BPP: 1.9851 | QP: 63
2026-07-13 14:32:28,779 [INFO ]  [7250/22926] | Loss: 70573.830 | PSNR: 7.576 | MSE: 0.70573830 | BPP: 1.9851 | QP: 63
2026-07-13 14:32:33,853 [INFO ]  [7300/22926] | Loss: 70559.090 | PSNR: 7.578 | MSE: 0.70559090 | BPP: 1.9851 | QP: 63
2026-07-13 14:32:38,961 [INFO ]  [7350/22926] | Loss: 70556.849 | PSNR: 7.578 | MSE: 0.70556849 | BPP: 1.9851 | QP: 63
2026-07-13 14:32:44,081 [INFO ]  [7400/22926] | Loss: 70540.230 | PSNR: 7.580 | MSE: 0.70540230 | BPP: 1.9851 | QP: 63
2026-07-13 14:32:49,229 [INFO ]  [7450/22926] | Loss: 70546.966 | PSNR: 7.578 | MSE: 0.70546966 | BPP: 1.9851 | QP: 63
2026-07-13 14:32:54,345 [INFO ]  [7500/22926] | Loss: 70523.864 | PSNR: 7.582 | MSE: 0.70523864 | BPP: 1.9851 | QP: 63
2026-07-13 14:32:59,531 [INFO ]  [7550/22926] | Loss: 70509.308 | PSNR: 7.584 | MSE: 0.70509308 | BPP: 1.9851 | QP: 63
2026-07-13 14:33:04,660 [INFO ]  [7600/22926] | Loss: 70505.043 | PSNR: 7.585 | MSE: 0.70505043 | BPP: 1.9851 | QP: 63
2026-07-13 14:33:09,820 [INFO ]  [7650/22926] | Loss: 70504.040 | PSNR: 7.583 | MSE: 0.70504040 | BPP: 1.9851 | QP: 63
2026-07-13 14:33:14,972 [INFO ]  [7700/22926] | Loss: 70497.118 | PSNR: 7.586 | MSE: 0.70497118 | BPP: 1.9851 | QP: 63
2026-07-13 14:33:20,158 [INFO ]  [7750/22926] | Loss: 70496.326 | PSNR: 7.585 | MSE: 0.70496326 | BPP: 1.9851 | QP: 63
2026-07-13 14:33:25,261 [INFO ]  [7800/22926] | Loss: 70481.987 | PSNR: 7.588 | MSE: 0.70481987 | BPP: 1.9851 | QP: 63
2026-07-13 14:33:30,345 [INFO ]  [7850/22926] | Loss: 70482.934 | PSNR: 7.588 | MSE: 0.70482934 | BPP: 1.9851 | QP: 63
2026-07-13 14:33:35,422 [INFO ]  [7900/22926] | Loss: 70492.320 | PSNR: 7.584 | MSE: 0.70492320 | BPP: 1.9851 | QP: 63
2026-07-13 14:33:40,532 [INFO ]  [7950/22926] | Loss: 70476.865 | PSNR: 7.587 | MSE: 0.70476865 | BPP: 1.9851 | QP: 63
2026-07-13 14:33:45,648 [INFO ]  [8000/22926] | Loss: 70488.119 | PSNR: 7.585 | MSE: 0.70488119 | BPP: 1.9851 | QP: 63
2026-07-13 14:33:50,801 [INFO ]  [8050/22926] | Loss: 70479.082 | PSNR: 7.586 | MSE: 0.70479082 | BPP: 1.9851 | QP: 63
2026-07-13 14:33:55,880 [INFO ]  [8100/22926] | Loss: 70511.186 | PSNR: 7.582 | MSE: 0.70511186 | BPP: 1.9851 | QP: 63
2026-07-13 14:34:01,011 [INFO ]  [8150/22926] | Loss: 70494.447 | PSNR: 7.585 | MSE: 0.70494447 | BPP: 1.9851 | QP: 63
2026-07-13 14:34:06,114 [INFO ]  [8200/22926] | Loss: 70502.448 | PSNR: 7.585 | MSE: 0.70502448 | BPP: 1.9851 | QP: 63
2026-07-13 14:34:11,221 [INFO ]  [8250/22926] | Loss: 70495.341 | PSNR: 7.586 | MSE: 0.70495341 | BPP: 1.9851 | QP: 63
2026-07-13 14:34:16,388 [INFO ]  [8300/22926] | Loss: 70503.893 | PSNR: 7.585 | MSE: 0.70503893 | BPP: 1.9851 | QP: 63
2026-07-13 14:34:21,551 [INFO ]  [8350/22926] | Loss: 70516.465 | PSNR: 7.584 | MSE: 0.70516465 | BPP: 1.9851 | QP: 63
2026-07-13 14:34:26,688 [INFO ]  [8400/22926] | Loss: 70527.146 | PSNR: 7.582 | MSE: 0.70527146 | BPP: 1.9851 | QP: 63
2026-07-13 14:34:31,844 [INFO ]  [8450/22926] | Loss: 70530.846 | PSNR: 7.581 | MSE: 0.70530846 | BPP: 1.9851 | QP: 63
2026-07-13 14:34:37,086 [INFO ]  [8500/22926] | Loss: 70534.043 | PSNR: 7.579 | MSE: 0.70534043 | BPP: 1.9851 | QP: 63
2026-07-13 14:34:42,204 [INFO ]  [8550/22926] | Loss: 70537.696 | PSNR: 7.578 | MSE: 0.70537696 | BPP: 1.9851 | QP: 63
2026-07-13 14:34:47,401 [INFO ]  [8600/22926] | Loss: 70539.594 | PSNR: 7.579 | MSE: 0.70539594 | BPP: 1.9851 | QP: 63
2026-07-13 14:34:52,552 [INFO ]  [8650/22926] | Loss: 70558.880 | PSNR: 7.577 | MSE: 0.70558880 | BPP: 1.9851 | QP: 63
2026-07-13 14:34:57,642 [INFO ]  [8700/22926] | Loss: 70558.792 | PSNR: 7.576 | MSE: 0.70558792 | BPP: 1.9851 | QP: 63
2026-07-13 14:35:02,998 [INFO ]  [8750/22926] | Loss: 70559.048 | PSNR: 7.576 | MSE: 0.70559048 | BPP: 1.9851 | QP: 63
2026-07-13 14:35:08,070 [INFO ]  [8800/22926] | Loss: 70551.568 | PSNR: 7.578 | MSE: 0.70551568 | BPP: 1.9851 | QP: 63
2026-07-13 14:35:13,143 [INFO ]  [8850/22926] | Loss: 70584.785 | PSNR: 7.572 | MSE: 0.70584785 | BPP: 1.9851 | QP: 63
2026-07-13 14:35:18,276 [INFO ]  [8900/22926] | Loss: 70592.176 | PSNR: 7.571 | MSE: 0.70592176 | BPP: 1.9851 | QP: 63
2026-07-13 14:35:23,413 [INFO ]  [8950/22926] | Loss: 70576.612 | PSNR: 7.573 | MSE: 0.70576612 | BPP: 1.9851 | QP: 63
2026-07-13 14:35:28,544 [INFO ]  [9000/22926] | Loss: 70582.903 | PSNR: 7.572 | MSE: 0.70582903 | BPP: 1.9851 | QP: 63
2026-07-13 14:35:33,659 [INFO ]  [9050/22926] | Loss: 70597.285 | PSNR: 7.570 | MSE: 0.70597285 | BPP: 1.9851 | QP: 63
2026-07-13 14:35:38,824 [INFO ]  [9100/22926] | Loss: 70588.633 | PSNR: 7.573 | MSE: 0.70588633 | BPP: 1.9851 | QP: 63
2026-07-13 14:35:44,058 [INFO ]  [9150/22926] | Loss: 70592.088 | PSNR: 7.573 | MSE: 0.70592088 | BPP: 1.9851 | QP: 63
2026-07-13 14:35:49,239 [INFO ]  [9200/22926] | Loss: 70571.366 | PSNR: 7.576 | MSE: 0.70571366 | BPP: 1.9851 | QP: 63
2026-07-13 14:35:54,374 [INFO ]  [9250/22926] | Loss: 70577.224 | PSNR: 7.574 | MSE: 0.70577224 | BPP: 1.9851 | QP: 63
2026-07-13 14:35:59,528 [INFO ]  [9300/22926] | Loss: 70576.298 | PSNR: 7.574 | MSE: 0.70576298 | BPP: 1.9851 | QP: 63
2026-07-13 14:36:04,672 [INFO ]  [9350/22926] | Loss: 70581.896 | PSNR: 7.572 | MSE: 0.70581896 | BPP: 1.9851 | QP: 63
2026-07-13 14:36:09,728 [INFO ]  [9400/22926] | Loss: 70589.660 | PSNR: 7.571 | MSE: 0.70589660 | BPP: 1.9851 | QP: 63
2026-07-13 14:36:14,847 [INFO ]  [9450/22926] | Loss: 70591.423 | PSNR: 7.570 | MSE: 0.70591423 | BPP: 1.9851 | QP: 63
2026-07-13 14:36:19,998 [INFO ]  [9500/22926] | Loss: 70583.970 | PSNR: 7.572 | MSE: 0.70583970 | BPP: 1.9851 | QP: 63
2026-07-13 14:36:25,158 [INFO ]  [9550/22926] | Loss: 70565.779 | PSNR: 7.575 | MSE: 0.70565779 | BPP: 1.9851 | QP: 63
2026-07-13 14:36:30,375 [INFO ]  [9600/22926] | Loss: 70571.026 | PSNR: 7.574 | MSE: 0.70571026 | BPP: 1.9851 | QP: 63
2026-07-13 14:36:35,533 [INFO ]  [9650/22926] | Loss: 70578.869 | PSNR: 7.573 | MSE: 0.70578869 | BPP: 1.9851 | QP: 63
2026-07-13 14:36:40,705 [INFO ]  [9700/22926] | Loss: 70573.020 | PSNR: 7.575 | MSE: 0.70573020 | BPP: 1.9851 | QP: 63
2026-07-13 14:36:45,919 [INFO ]  [9750/22926] | Loss: 70580.350 | PSNR: 7.573 | MSE: 0.70580350 | BPP: 1.9851 | QP: 63
2026-07-13 14:36:51,075 [INFO ]  [9800/22926] | Loss: 70584.284 | PSNR: 7.574 | MSE: 0.70584284 | BPP: 1.9851 | QP: 63
2026-07-13 14:36:56,197 [INFO ]  [9850/22926] | Loss: 70583.876 | PSNR: 7.573 | MSE: 0.70583876 | BPP: 1.9851 | QP: 63
2026-07-13 14:37:01,330 [INFO ]  [9900/22926] | Loss: 70591.945 | PSNR: 7.573 | MSE: 0.70591945 | BPP: 1.9851 | QP: 63
2026-07-13 14:37:06,503 [INFO ]  [9950/22926] | Loss: 70583.543 | PSNR: 7.574 | MSE: 0.70583543 | BPP: 1.9851 | QP: 63
2026-07-13 14:37:11,652 [INFO ]  [10000/22926] | Loss: 70577.858 | PSNR: 7.574 | MSE: 0.70577858 | BPP: 1.9851 | QP: 63
2026-07-13 14:37:16,790 [INFO ]  [10050/22926] | Loss: 70588.933 | PSNR: 7.572 | MSE: 0.70588933 | BPP: 1.9851 | QP: 63
2026-07-13 14:37:22,010 [INFO ]  [10100/22926] | Loss: 70584.281 | PSNR: 7.572 | MSE: 0.70584281 | BPP: 1.9851 | QP: 63
2026-07-13 14:37:27,206 [INFO ]  [10150/22926] | Loss: 70595.638 | PSNR: 7.571 | MSE: 0.70595638 | BPP: 1.9851 | QP: 63
2026-07-13 14:37:32,338 [INFO ]  [10200/22926] | Loss: 70608.261 | PSNR: 7.570 | MSE: 0.70608261 | BPP: 1.9851 | QP: 63
2026-07-13 14:37:37,405 [INFO ]  [10250/22926] | Loss: 70604.084 | PSNR: 7.571 | MSE: 0.70604084 | BPP: 1.9851 | QP: 63
2026-07-13 14:37:42,544 [INFO ]  [10300/22926] | Loss: 70594.843 | PSNR: 7.572 | MSE: 0.70594843 | BPP: 1.9851 | QP: 63
2026-07-13 14:37:47,709 [INFO ]  [10350/22926] | Loss: 70588.415 | PSNR: 7.573 | MSE: 0.70588415 | BPP: 1.9851 | QP: 63
2026-07-13 14:37:52,773 [INFO ]  [10400/22926] | Loss: 70585.915 | PSNR: 7.573 | MSE: 0.70585915 | BPP: 1.9851 | QP: 63
2026-07-13 14:37:57,925 [INFO ]  [10450/22926] | Loss: 70570.908 | PSNR: 7.574 | MSE: 0.70570908 | BPP: 1.9851 | QP: 63
2026-07-13 14:38:03,055 [INFO ]  [10500/22926] | Loss: 70562.801 | PSNR: 7.575 | MSE: 0.70562801 | BPP: 1.9851 | QP: 63
2026-07-13 14:38:08,489 [INFO ]  [10550/22926] | Loss: 70565.728 | PSNR: 7.574 | MSE: 0.70565728 | BPP: 1.9851 | QP: 63
2026-07-13 14:38:13,672 [INFO ]  [10600/22926] | Loss: 70566.947 | PSNR: 7.574 | MSE: 0.70566947 | BPP: 1.9851 | QP: 63
2026-07-13 14:38:18,895 [INFO ]  [10650/22926] | Loss: 70539.390 | PSNR: 7.579 | MSE: 0.70539390 | BPP: 1.9851 | QP: 63
2026-07-13 14:38:24,175 [INFO ]  [10700/22926] | Loss: 70549.248 | PSNR: 7.578 | MSE: 0.70549248 | BPP: 1.9851 | QP: 63
2026-07-13 14:38:29,338 [INFO ]  [10750/22926] | Loss: 70546.121 | PSNR: 7.578 | MSE: 0.70546121 | BPP: 1.9851 | QP: 63
2026-07-13 14:38:34,471 [INFO ]  [10800/22926] | Loss: 70550.396 | PSNR: 7.576 | MSE: 0.70550396 | BPP: 1.9851 | QP: 63
2026-07-13 14:38:39,647 [INFO ]  [10850/22926] | Loss: 70547.498 | PSNR: 7.577 | MSE: 0.70547498 | BPP: 1.9851 | QP: 63
2026-07-13 14:38:44,800 [INFO ]  [10900/22926] | Loss: 70552.197 | PSNR: 7.575 | MSE: 0.70552197 | BPP: 1.9851 | QP: 63
2026-07-13 14:38:49,934 [INFO ]  [10950/22926] | Loss: 70546.810 | PSNR: 7.575 | MSE: 0.70546810 | BPP: 1.9851 | QP: 63
2026-07-13 14:38:55,039 [INFO ]  [11000/22926] | Loss: 70538.722 | PSNR: 7.577 | MSE: 0.70538722 | BPP: 1.9851 | QP: 63
2026-07-13 14:39:00,181 [INFO ]  [11050/22926] | Loss: 70539.756 | PSNR: 7.577 | MSE: 0.70539756 | BPP: 1.9851 | QP: 63
2026-07-13 14:39:05,348 [INFO ]  [11100/22926] | Loss: 70541.484 | PSNR: 7.578 | MSE: 0.70541484 | BPP: 1.9851 | QP: 63
2026-07-13 14:39:10,529 [INFO ]  [11150/22926] | Loss: 70537.575 | PSNR: 7.577 | MSE: 0.70537575 | BPP: 1.9851 | QP: 63
2026-07-13 14:39:15,688 [INFO ]  [11200/22926] | Loss: 70546.799 | PSNR: 7.577 | MSE: 0.70546799 | BPP: 1.9851 | QP: 63
2026-07-13 14:39:20,903 [INFO ]  [11250/22926] | Loss: 70549.448 | PSNR: 7.576 | MSE: 0.70549448 | BPP: 1.9851 | QP: 63
2026-07-13 14:39:26,052 [INFO ]  [11300/22926] | Loss: 70555.677 | PSNR: 7.574 | MSE: 0.70555677 | BPP: 1.9851 | QP: 63
2026-07-13 14:39:31,244 [INFO ]  [11350/22926] | Loss: 70543.862 | PSNR: 7.576 | MSE: 0.70543862 | BPP: 1.9851 | QP: 63
2026-07-13 14:39:36,325 [INFO ]  [11400/22926] | Loss: 70550.308 | PSNR: 7.574 | MSE: 0.70550309 | BPP: 1.9851 | QP: 63
2026-07-13 14:39:41,382 [INFO ]  [11450/22926] | Loss: 70553.998 | PSNR: 7.573 | MSE: 0.70553998 | BPP: 1.9851 | QP: 63
2026-07-13 14:39:46,475 [INFO ]  [11500/22926] | Loss: 70557.940 | PSNR: 7.572 | MSE: 0.70557940 | BPP: 1.9851 | QP: 63
2026-07-13 14:39:51,619 [INFO ]  [11550/22926] | Loss: 70561.963 | PSNR: 7.572 | MSE: 0.70561963 | BPP: 1.9851 | QP: 63
2026-07-13 14:39:56,803 [INFO ]  [11600/22926] | Loss: 70559.451 | PSNR: 7.572 | MSE: 0.70559451 | BPP: 1.9851 | QP: 63
2026-07-13 14:40:01,985 [INFO ]  [11650/22926] | Loss: 70551.129 | PSNR: 7.574 | MSE: 0.70551129 | BPP: 1.9851 | QP: 63
2026-07-13 14:40:07,140 [INFO ]  [11700/22926] | Loss: 70557.213 | PSNR: 7.573 | MSE: 0.70557213 | BPP: 1.9851 | QP: 63
2026-07-13 14:40:12,283 [INFO ]  [11750/22926] | Loss: 70571.522 | PSNR: 7.571 | MSE: 0.70571522 | BPP: 1.9851 | QP: 63
2026-07-13 14:40:17,505 [INFO ]  [11800/22926] | Loss: 70584.902 | PSNR: 7.569 | MSE: 0.70584902 | BPP: 1.9851 | QP: 63
2026-07-13 14:40:22,641 [INFO ]  [11850/22926] | Loss: 70587.026 | PSNR: 7.569 | MSE: 0.70587026 | BPP: 1.9851 | QP: 63
2026-07-13 14:40:27,790 [INFO ]  [11900/22926] | Loss: 70590.870 | PSNR: 7.568 | MSE: 0.70590870 | BPP: 1.9851 | QP: 63
2026-07-13 14:40:32,875 [INFO ]  [11950/22926] | Loss: 70590.954 | PSNR: 7.569 | MSE: 0.70590954 | BPP: 1.9851 | QP: 63
2026-07-13 14:40:38,056 [INFO ]  [12000/22926] | Loss: 70588.757 | PSNR: 7.569 | MSE: 0.70588757 | BPP: 1.9851 | QP: 63
2026-07-13 14:40:43,302 [INFO ]  [12050/22926] | Loss: 70582.738 | PSNR: 7.571 | MSE: 0.70582738 | BPP: 1.9851 | QP: 63
2026-07-13 14:40:48,674 [INFO ]  [12100/22926] | Loss: 70574.488 | PSNR: 7.572 | MSE: 0.70574488 | BPP: 1.9851 | QP: 63
2026-07-13 14:40:53,824 [INFO ]  [12150/22926] | Loss: 70567.965 | PSNR: 7.573 | MSE: 0.70567965 | BPP: 1.9851 | QP: 63
2026-07-13 14:40:59,022 [INFO ]  [12200/22926] | Loss: 70582.085 | PSNR: 7.571 | MSE: 0.70582085 | BPP: 1.9851 | QP: 63
2026-07-13 14:41:04,210 [INFO ]  [12250/22926] | Loss: 70601.940 | PSNR: 7.568 | MSE: 0.70601940 | BPP: 1.9851 | QP: 63
2026-07-13 14:41:09,485 [INFO ]  [12300/22926] | Loss: 70605.724 | PSNR: 7.567 | MSE: 0.70605724 | BPP: 1.9851 | QP: 63
2026-07-13 14:41:14,851 [INFO ]  [12350/22926] | Loss: 70614.963 | PSNR: 7.565 | MSE: 0.70614963 | BPP: 1.9851 | QP: 63
2026-07-13 14:41:19,989 [INFO ]  [12400/22926] | Loss: 70622.603 | PSNR: 7.564 | MSE: 0.70622603 | BPP: 1.9851 | QP: 63
2026-07-13 14:41:25,150 [INFO ]  [12450/22926] | Loss: 70621.229 | PSNR: 7.564 | MSE: 0.70621229 | BPP: 1.9851 | QP: 63
2026-07-13 14:41:30,289 [INFO ]  [12500/22926] | Loss: 70626.127 | PSNR: 7.564 | MSE: 0.70626127 | BPP: 1.9851 | QP: 63
2026-07-13 14:41:35,436 [INFO ]  [12550/22926] | Loss: 70631.343 | PSNR: 7.563 | MSE: 0.70631343 | BPP: 1.9851 | QP: 63
2026-07-13 14:41:40,623 [INFO ]  [12600/22926] | Loss: 70632.351 | PSNR: 7.563 | MSE: 0.70632351 | BPP: 1.9851 | QP: 63
2026-07-13 14:41:45,835 [INFO ]  [12650/22926] | Loss: 70632.387 | PSNR: 7.563 | MSE: 0.70632387 | BPP: 1.9851 | QP: 63
2026-07-13 14:41:51,043 [INFO ]  [12700/22926] | Loss: 70625.511 | PSNR: 7.563 | MSE: 0.70625511 | BPP: 1.9851 | QP: 63
2026-07-13 14:41:56,279 [INFO ]  [12750/22926] | Loss: 70624.796 | PSNR: 7.564 | MSE: 0.70624796 | BPP: 1.9851 | QP: 63
2026-07-13 14:42:01,488 [INFO ]  [12800/22926] | Loss: 70618.884 | PSNR: 7.565 | MSE: 0.70618884 | BPP: 1.9851 | QP: 63
2026-07-13 14:42:06,671 [INFO ]  [12850/22926] | Loss: 70606.654 | PSNR: 7.567 | MSE: 0.70606654 | BPP: 1.9851 | QP: 63
2026-07-13 14:42:11,836 [INFO ]  [12900/22926] | Loss: 70607.497 | PSNR: 7.567 | MSE: 0.70607497 | BPP: 1.9851 | QP: 63
2026-07-13 14:42:16,942 [INFO ]  [12950/22926] | Loss: 70608.178 | PSNR: 7.567 | MSE: 0.70608178 | BPP: 1.9851 | QP: 63
2026-07-13 14:42:22,021 [INFO ]  [13000/22926] | Loss: 70606.852 | PSNR: 7.567 | MSE: 0.70606852 | BPP: 1.9850 | QP: 63
2026-07-13 14:42:27,175 [INFO ]  [13050/22926] | Loss: 70613.909 | PSNR: 7.566 | MSE: 0.70613909 | BPP: 1.9850 | QP: 63
2026-07-13 14:42:32,316 [INFO ]  [13100/22926] | Loss: 70612.452 | PSNR: 7.566 | MSE: 0.70612452 | BPP: 1.9850 | QP: 63
2026-07-13 14:42:37,460 [INFO ]  [13150/22926] | Loss: 70603.587 | PSNR: 7.568 | MSE: 0.70603587 | BPP: 1.9850 | QP: 63
2026-07-13 14:42:42,642 [INFO ]  [13200/22926] | Loss: 70605.495 | PSNR: 7.567 | MSE: 0.70605495 | BPP: 1.9850 | QP: 63
2026-07-13 14:42:47,736 [INFO ]  [13250/22926] | Loss: 70617.285 | PSNR: 7.565 | MSE: 0.70617285 | BPP: 1.9850 | QP: 63
2026-07-13 14:42:52,879 [INFO ]  [13300/22926] | Loss: 70609.338 | PSNR: 7.567 | MSE: 0.70609338 | BPP: 1.9850 | QP: 63
2026-07-13 14:42:57,999 [INFO ]  [13350/22926] | Loss: 70600.522 | PSNR: 7.568 | MSE: 0.70600522 | BPP: 1.9850 | QP: 63
2026-07-13 14:43:03,129 [INFO ]  [13400/22926] | Loss: 70595.273 | PSNR: 7.568 | MSE: 0.70595273 | BPP: 1.9850 | QP: 63
2026-07-13 14:43:08,245 [INFO ]  [13450/22926] | Loss: 70593.800 | PSNR: 7.569 | MSE: 0.70593800 | BPP: 1.9850 | QP: 63
2026-07-13 14:43:13,311 [INFO ]  [13500/22926] | Loss: 70580.542 | PSNR: 7.572 | MSE: 0.70580542 | BPP: 1.9850 | QP: 63
2026-07-13 14:43:18,411 [INFO ]  [13550/22926] | Loss: 70572.653 | PSNR: 7.573 | MSE: 0.70572653 | BPP: 1.9850 | QP: 63
2026-07-13 14:43:23,559 [INFO ]  [13600/22926] | Loss: 70578.831 | PSNR: 7.573 | MSE: 0.70578831 | BPP: 1.9850 | QP: 63
2026-07-13 14:43:28,691 [INFO ]  [13650/22926] | Loss: 70580.146 | PSNR: 7.572 | MSE: 0.70580146 | BPP: 1.9850 | QP: 63
2026-07-13 14:43:33,850 [INFO ]  [13700/22926] | Loss: 70575.989 | PSNR: 7.572 | MSE: 0.70575989 | BPP: 1.9850 | QP: 63
2026-07-13 14:43:39,045 [INFO ]  [13750/22926] | Loss: 70580.085 | PSNR: 7.572 | MSE: 0.70580085 | BPP: 1.9850 | QP: 63
2026-07-13 14:43:44,271 [INFO ]  [13800/22926] | Loss: 70572.859 | PSNR: 7.573 | MSE: 0.70572859 | BPP: 1.9850 | QP: 63
2026-07-13 14:43:49,479 [INFO ]  [13850/22926] | Loss: 70575.072 | PSNR: 7.572 | MSE: 0.70575072 | BPP: 1.9850 | QP: 63
2026-07-13 14:43:54,612 [INFO ]  [13900/22926] | Loss: 70587.432 | PSNR: 7.571 | MSE: 0.70587432 | BPP: 1.9850 | QP: 63
2026-07-13 14:43:59,804 [INFO ]  [13950/22926] | Loss: 70577.679 | PSNR: 7.572 | MSE: 0.70577679 | BPP: 1.9850 | QP: 63
2026-07-13 14:44:04,946 [INFO ]  [14000/22926] | Loss: 70578.360 | PSNR: 7.571 | MSE: 0.70578360 | BPP: 1.9850 | QP: 63
2026-07-13 14:44:10,123 [INFO ]  [14050/22926] | Loss: 70571.312 | PSNR: 7.573 | MSE: 0.70571312 | BPP: 1.9850 | QP: 63
2026-07-13 14:44:15,375 [INFO ]  [14100/22926] | Loss: 70569.219 | PSNR: 7.573 | MSE: 0.70569219 | BPP: 1.9850 | QP: 63
2026-07-13 14:44:20,730 [INFO ]  [14150/22926] | Loss: 70572.152 | PSNR: 7.573 | MSE: 0.70572152 | BPP: 1.9850 | QP: 63
2026-07-13 14:44:25,898 [INFO ]  [14200/22926] | Loss: 70580.529 | PSNR: 7.573 | MSE: 0.70580529 | BPP: 1.9850 | QP: 63
2026-07-13 14:44:30,977 [INFO ]  [14250/22926] | Loss: 70579.911 | PSNR: 7.574 | MSE: 0.70579911 | BPP: 1.9850 | QP: 63
2026-07-13 14:44:36,133 [INFO ]  [14300/22926] | Loss: 70587.552 | PSNR: 7.572 | MSE: 0.70587552 | BPP: 1.9850 | QP: 63
2026-07-13 14:44:41,261 [INFO ]  [14350/22926] | Loss: 70579.896 | PSNR: 7.574 | MSE: 0.70579896 | BPP: 1.9850 | QP: 63
2026-07-13 14:44:46,374 [INFO ]  [14400/22926] | Loss: 70577.183 | PSNR: 7.573 | MSE: 0.70577183 | BPP: 1.9850 | QP: 63
2026-07-13 14:44:51,442 [INFO ]  [14450/22926] | Loss: 70587.956 | PSNR: 7.572 | MSE: 0.70587956 | BPP: 1.9850 | QP: 63
2026-07-13 14:44:56,533 [INFO ]  [14500/22926] | Loss: 70592.831 | PSNR: 7.571 | MSE: 0.70592831 | BPP: 1.9850 | QP: 63
2026-07-13 14:45:01,654 [INFO ]  [14550/22926] | Loss: 70588.523 | PSNR: 7.572 | MSE: 0.70588523 | BPP: 1.9850 | QP: 63
2026-07-13 14:45:06,737 [INFO ]  [14600/22926] | Loss: 70589.224 | PSNR: 7.572 | MSE: 0.70589224 | BPP: 1.9850 | QP: 63
2026-07-13 14:45:11,928 [INFO ]  [14650/22926] | Loss: 70579.964 | PSNR: 7.574 | MSE: 0.70579964 | BPP: 1.9850 | QP: 63
2026-07-13 14:45:17,065 [INFO ]  [14700/22926] | Loss: 70573.081 | PSNR: 7.574 | MSE: 0.70573081 | BPP: 1.9850 | QP: 63
2026-07-13 14:45:22,230 [INFO ]  [14750/22926] | Loss: 70571.291 | PSNR: 7.574 | MSE: 0.70571291 | BPP: 1.9850 | QP: 63
2026-07-13 14:45:27,413 [INFO ]  [14800/22926] | Loss: 70567.655 | PSNR: 7.575 | MSE: 0.70567655 | BPP: 1.9850 | QP: 63
2026-07-13 14:45:32,628 [INFO ]  [14850/22926] | Loss: 70566.854 | PSNR: 7.576 | MSE: 0.70566854 | BPP: 1.9850 | QP: 63
2026-07-13 14:45:37,780 [INFO ]  [14900/22926] | Loss: 70564.005 | PSNR: 7.577 | MSE: 0.70564005 | BPP: 1.9850 | QP: 63
2026-07-13 14:45:42,935 [INFO ]  [14950/22926] | Loss: 70564.131 | PSNR: 7.576 | MSE: 0.70564131 | BPP: 1.9850 | QP: 63
2026-07-13 14:45:48,060 [INFO ]  [15000/22926] | Loss: 70574.207 | PSNR: 7.575 | MSE: 0.70574207 | BPP: 1.9850 | QP: 63
2026-07-13 14:45:53,180 [INFO ]  [15050/22926] | Loss: 70573.173 | PSNR: 7.575 | MSE: 0.70573173 | BPP: 1.9850 | QP: 63
2026-07-13 14:45:58,310 [INFO ]  [15100/22926] | Loss: 70567.483 | PSNR: 7.576 | MSE: 0.70567483 | BPP: 1.9850 | QP: 63
2026-07-13 14:46:03,461 [INFO ]  [15150/22926] | Loss: 70562.458 | PSNR: 7.577 | MSE: 0.70562458 | BPP: 1.9850 | QP: 63
2026-07-13 14:46:08,558 [INFO ]  [15200/22926] | Loss: 70559.893 | PSNR: 7.578 | MSE: 0.70559893 | BPP: 1.9850 | QP: 63
2026-07-13 14:46:13,746 [INFO ]  [15250/22926] | Loss: 70555.725 | PSNR: 7.578 | MSE: 0.70555725 | BPP: 1.9850 | QP: 63
2026-07-13 14:46:18,876 [INFO ]  [15300/22926] | Loss: 70559.171 | PSNR: 7.577 | MSE: 0.70559171 | BPP: 1.9850 | QP: 63
2026-07-13 14:46:24,001 [INFO ]  [15350/22926] | Loss: 70555.350 | PSNR: 7.577 | MSE: 0.70555350 | BPP: 1.9850 | QP: 63
2026-07-13 14:46:29,163 [INFO ]  [15400/22926] | Loss: 70564.734 | PSNR: 7.575 | MSE: 0.70564734 | BPP: 1.9850 | QP: 63
2026-07-13 14:46:34,363 [INFO ]  [15450/22926] | Loss: 70574.448 | PSNR: 7.573 | MSE: 0.70574448 | BPP: 1.9850 | QP: 63
2026-07-13 14:46:39,477 [INFO ]  [15500/22926] | Loss: 70578.752 | PSNR: 7.572 | MSE: 0.70578752 | BPP: 1.9850 | QP: 63
2026-07-13 14:46:44,579 [INFO ]  [15550/22926] | Loss: 70577.580 | PSNR: 7.573 | MSE: 0.70577580 | BPP: 1.9850 | QP: 63
2026-07-13 14:46:49,665 [INFO ]  [15600/22926] | Loss: 70589.071 | PSNR: 7.570 | MSE: 0.70589071 | BPP: 1.9850 | QP: 63
2026-07-13 14:46:54,790 [INFO ]  [15650/22926] | Loss: 70588.412 | PSNR: 7.569 | MSE: 0.70588412 | BPP: 1.9850 | QP: 63
2026-07-13 14:47:00,009 [INFO ]  [15700/22926] | Loss: 70598.426 | PSNR: 7.568 | MSE: 0.70598426 | BPP: 1.9850 | QP: 63
2026-07-13 14:47:05,151 [INFO ]  [15750/22926] | Loss: 70597.997 | PSNR: 7.568 | MSE: 0.70597997 | BPP: 1.9850 | QP: 63
2026-07-13 14:47:10,300 [INFO ]  [15800/22926] | Loss: 70599.194 | PSNR: 7.568 | MSE: 0.70599194 | BPP: 1.9850 | QP: 63
2026-07-13 14:47:15,435 [INFO ]  [15850/22926] | Loss: 70598.378 | PSNR: 7.568 | MSE: 0.70598378 | BPP: 1.9850 | QP: 63
2026-07-13 14:47:20,821 [INFO ]  [15900/22926] | Loss: 70608.820 | PSNR: 7.566 | MSE: 0.70608820 | BPP: 1.9850 | QP: 63
2026-07-13 14:47:26,027 [INFO ]  [15950/22926] | Loss: 70611.849 | PSNR: 7.566 | MSE: 0.70611849 | BPP: 1.9850 | QP: 63
2026-07-13 14:47:31,157 [INFO ]  [16000/22926] | Loss: 70610.766 | PSNR: 7.566 | MSE: 0.70610766 | BPP: 1.9850 | QP: 63
2026-07-13 14:47:36,221 [INFO ]  [16050/22926] | Loss: 70615.208 | PSNR: 7.565 | MSE: 0.70615208 | BPP: 1.9850 | QP: 63
2026-07-13 14:47:41,287 [INFO ]  [16100/22926] | Loss: 70615.648 | PSNR: 7.565 | MSE: 0.70615648 | BPP: 1.9850 | QP: 63
2026-07-13 14:47:46,436 [INFO ]  [16150/22926] | Loss: 70613.285 | PSNR: 7.565 | MSE: 0.70613285 | BPP: 1.9850 | QP: 63
2026-07-13 14:47:51,569 [INFO ]  [16200/22926] | Loss: 70610.161 | PSNR: 7.566 | MSE: 0.70610162 | BPP: 1.9850 | QP: 63
2026-07-13 14:47:56,729 [INFO ]  [16250/22926] | Loss: 70605.741 | PSNR: 7.566 | MSE: 0.70605741 | BPP: 1.9850 | QP: 63
2026-07-13 14:48:01,878 [INFO ]  [16300/22926] | Loss: 70605.217 | PSNR: 7.566 | MSE: 0.70605217 | BPP: 1.9850 | QP: 63
2026-07-13 14:48:06,985 [INFO ]  [16350/22926] | Loss: 70600.936 | PSNR: 7.567 | MSE: 0.70600936 | BPP: 1.9850 | QP: 63
2026-07-13 14:48:12,054 [INFO ]  [16400/22926] | Loss: 70591.546 | PSNR: 7.569 | MSE: 0.70591546 | BPP: 1.9850 | QP: 63
2026-07-13 14:48:17,088 [INFO ]  [16450/22926] | Loss: 70590.591 | PSNR: 7.569 | MSE: 0.70590591 | BPP: 1.9850 | QP: 63
2026-07-13 14:48:22,180 [INFO ]  [16500/22926] | Loss: 70593.849 | PSNR: 7.569 | MSE: 0.70593849 | BPP: 1.9850 | QP: 63
2026-07-13 14:48:27,234 [INFO ]  [16550/22926] | Loss: 70597.130 | PSNR: 7.569 | MSE: 0.70597130 | BPP: 1.9850 | QP: 63
2026-07-13 14:48:32,338 [INFO ]  [16600/22926] | Loss: 70594.976 | PSNR: 7.569 | MSE: 0.70594976 | BPP: 1.9850 | QP: 63
2026-07-13 14:48:37,495 [INFO ]  [16650/22926] | Loss: 70591.292 | PSNR: 7.570 | MSE: 0.70591292 | BPP: 1.9850 | QP: 63
2026-07-13 14:48:42,659 [INFO ]  [16700/22926] | Loss: 70595.454 | PSNR: 7.569 | MSE: 0.70595454 | BPP: 1.9850 | QP: 63
2026-07-13 14:48:47,802 [INFO ]  [16750/22926] | Loss: 70594.724 | PSNR: 7.568 | MSE: 0.70594724 | BPP: 1.9850 | QP: 63
2026-07-13 14:48:53,037 [INFO ]  [16800/22926] | Loss: 70603.854 | PSNR: 7.567 | MSE: 0.70603854 | BPP: 1.9850 | QP: 63
2026-07-13 14:48:58,185 [INFO ]  [16850/22926] | Loss: 70600.268 | PSNR: 7.567 | MSE: 0.70600268 | BPP: 1.9850 | QP: 63
2026-07-13 14:49:03,297 [INFO ]  [16900/22926] | Loss: 70596.352 | PSNR: 7.567 | MSE: 0.70596352 | BPP: 1.9850 | QP: 63
2026-07-13 14:49:08,485 [INFO ]  [16950/22926] | Loss: 70597.117 | PSNR: 7.567 | MSE: 0.70597117 | BPP: 1.9850 | QP: 63
2026-07-13 14:49:13,608 [INFO ]  [17000/22926] | Loss: 70593.759 | PSNR: 7.567 | MSE: 0.70593759 | BPP: 1.9850 | QP: 63
2026-07-13 14:49:18,696 [INFO ]  [17050/22926] | Loss: 70592.019 | PSNR: 7.568 | MSE: 0.70592019 | BPP: 1.9850 | QP: 63
2026-07-13 14:49:23,803 [INFO ]  [17100/22926] | Loss: 70594.248 | PSNR: 7.567 | MSE: 0.70594248 | BPP: 1.9850 | QP: 63
2026-07-13 14:49:28,986 [INFO ]  [17150/22926] | Loss: 70594.960 | PSNR: 7.567 | MSE: 0.70594960 | BPP: 1.9850 | QP: 63
2026-07-13 14:49:34,136 [INFO ]  [17200/22926] | Loss: 70592.124 | PSNR: 7.567 | MSE: 0.70592124 | BPP: 1.9850 | QP: 63
2026-07-13 14:49:39,367 [INFO ]  [17250/22926] | Loss: 70601.857 | PSNR: 7.565 | MSE: 0.70601857 | BPP: 1.9850 | QP: 63
2026-07-13 14:49:44,597 [INFO ]  [17300/22926] | Loss: 70603.242 | PSNR: 7.565 | MSE: 0.70603242 | BPP: 1.9850 | QP: 63
2026-07-13 14:49:49,877 [INFO ]  [17350/22926] | Loss: 70607.318 | PSNR: 7.564 | MSE: 0.70607318 | BPP: 1.9850 | QP: 63
2026-07-13 14:49:55,103 [INFO ]  [17400/22926] | Loss: 70613.581 | PSNR: 7.563 | MSE: 0.70613581 | BPP: 1.9850 | QP: 63
2026-07-13 14:50:00,233 [INFO ]  [17450/22926] | Loss: 70616.386 | PSNR: 7.563 | MSE: 0.70616386 | BPP: 1.9850 | QP: 63
2026-07-13 14:50:05,423 [INFO ]  [17500/22926] | Loss: 70619.851 | PSNR: 7.562 | MSE: 0.70619851 | BPP: 1.9850 | QP: 63
2026-07-13 14:50:10,589 [INFO ]  [17550/22926] | Loss: 70622.445 | PSNR: 7.561 | MSE: 0.70622445 | BPP: 1.9850 | QP: 63
2026-07-13 14:50:15,824 [INFO ]  [17600/22926] | Loss: 70627.508 | PSNR: 7.560 | MSE: 0.70627508 | BPP: 1.9850 | QP: 63
2026-07-13 14:50:20,965 [INFO ]  [17650/22926] | Loss: 70628.146 | PSNR: 7.560 | MSE: 0.70628146 | BPP: 1.9850 | QP: 63
2026-07-13 14:50:26,379 [INFO ]  [17700/22926] | Loss: 70630.419 | PSNR: 7.560 | MSE: 0.70630419 | BPP: 1.9850 | QP: 63
2026-07-13 14:50:31,614 [INFO ]  [17750/22926] | Loss: 70638.069 | PSNR: 7.559 | MSE: 0.70638069 | BPP: 1.9850 | QP: 63
2026-07-13 14:50:36,840 [INFO ]  [17800/22926] | Loss: 70634.283 | PSNR: 7.560 | MSE: 0.70634283 | BPP: 1.9850 | QP: 63
2026-07-13 14:50:42,093 [INFO ]  [17850/22926] | Loss: 70640.073 | PSNR: 7.558 | MSE: 0.70640073 | BPP: 1.9850 | QP: 63
2026-07-13 14:50:47,279 [INFO ]  [17900/22926] | Loss: 70638.115 | PSNR: 7.559 | MSE: 0.70638115 | BPP: 1.9850 | QP: 63
2026-07-13 14:50:52,437 [INFO ]  [17950/22926] | Loss: 70637.762 | PSNR: 7.558 | MSE: 0.70637763 | BPP: 1.9850 | QP: 63
2026-07-13 14:50:57,557 [INFO ]  [18000/22926] | Loss: 70640.609 | PSNR: 7.557 | MSE: 0.70640609 | BPP: 1.9850 | QP: 63
2026-07-13 14:51:02,742 [INFO ]  [18050/22926] | Loss: 70641.742 | PSNR: 7.557 | MSE: 0.70641742 | BPP: 1.9850 | QP: 63
2026-07-13 14:51:07,895 [INFO ]  [18100/22926] | Loss: 70635.733 | PSNR: 7.558 | MSE: 0.70635733 | BPP: 1.9850 | QP: 63
2026-07-13 14:51:13,048 [INFO ]  [18150/22926] | Loss: 70634.343 | PSNR: 7.558 | MSE: 0.70634343 | BPP: 1.9850 | QP: 63
2026-07-13 14:51:18,134 [INFO ]  [18200/22926] | Loss: 70639.980 | PSNR: 7.557 | MSE: 0.70639980 | BPP: 1.9850 | QP: 63
2026-07-13 14:51:23,271 [INFO ]  [18250/22926] | Loss: 70625.851 | PSNR: 7.558 | MSE: 0.70625851 | BPP: 1.9850 | QP: 63
2026-07-13 14:51:28,437 [INFO ]  [18300/22926] | Loss: 70618.994 | PSNR: 7.560 | MSE: 0.70618994 | BPP: 1.9850 | QP: 63
2026-07-13 14:51:33,606 [INFO ]  [18350/22926] | Loss: 70620.595 | PSNR: 7.560 | MSE: 0.70620595 | BPP: 1.9850 | QP: 63
2026-07-13 14:51:38,737 [INFO ]  [18400/22926] | Loss: 70633.974 | PSNR: 7.558 | MSE: 0.70633974 | BPP: 1.9850 | QP: 63
2026-07-13 14:51:43,869 [INFO ]  [18450/22926] | Loss: 70633.864 | PSNR: 7.558 | MSE: 0.70633864 | BPP: 1.9850 | QP: 63
2026-07-13 14:51:48,977 [INFO ]  [18500/22926] | Loss: 70626.787 | PSNR: 7.559 | MSE: 0.70626787 | BPP: 1.9850 | QP: 63
2026-07-13 14:51:54,026 [INFO ]  [18550/22926] | Loss: 70634.083 | PSNR: 7.557 | MSE: 0.70634083 | BPP: 1.9850 | QP: 63
2026-07-13 14:51:59,110 [INFO ]  [18600/22926] | Loss: 70642.636 | PSNR: 7.555 | MSE: 0.70642636 | BPP: 1.9850 | QP: 63
2026-07-13 14:52:04,202 [INFO ]  [18650/22926] | Loss: 70640.990 | PSNR: 7.556 | MSE: 0.70640990 | BPP: 1.9850 | QP: 63
2026-07-13 14:52:09,251 [INFO ]  [18700/22926] | Loss: 70640.336 | PSNR: 7.556 | MSE: 0.70640336 | BPP: 1.9850 | QP: 63
2026-07-13 14:52:14,436 [INFO ]  [18750/22926] | Loss: 70636.450 | PSNR: 7.557 | MSE: 0.70636450 | BPP: 1.9850 | QP: 63
2026-07-13 14:52:19,638 [INFO ]  [18800/22926] | Loss: 70630.403 | PSNR: 7.557 | MSE: 0.70630403 | BPP: 1.9850 | QP: 63
2026-07-13 14:52:24,811 [INFO ]  [18850/22926] | Loss: 70632.084 | PSNR: 7.557 | MSE: 0.70632084 | BPP: 1.9850 | QP: 63
2026-07-13 14:52:29,952 [INFO ]  [18900/22926] | Loss: 70633.857 | PSNR: 7.556 | MSE: 0.70633857 | BPP: 1.9850 | QP: 63
2026-07-13 14:52:35,117 [INFO ]  [18950/22926] | Loss: 70643.088 | PSNR: 7.554 | MSE: 0.70643088 | BPP: 1.9850 | QP: 63
2026-07-13 14:52:40,308 [INFO ]  [19000/22926] | Loss: 70642.549 | PSNR: 7.553 | MSE: 0.70642549 | BPP: 1.9850 | QP: 63
2026-07-13 14:52:45,481 [INFO ]  [19050/22926] | Loss: 70641.068 | PSNR: 7.554 | MSE: 0.70641068 | BPP: 1.9850 | QP: 63
2026-07-13 14:52:50,637 [INFO ]  [19100/22926] | Loss: 70641.009 | PSNR: 7.554 | MSE: 0.70641009 | BPP: 1.9845 | QP: 63
2026-07-13 14:52:55,758 [INFO ]  [19150/22926] | Loss: 70645.463 | PSNR: 7.552 | MSE: 0.70645463 | BPP: 1.9843 | QP: 63
2026-07-13 14:53:00,866 [INFO ]  [19200/22926] | Loss: 70651.623 | PSNR: 7.550 | MSE: 0.70651623 | BPP: 1.9841 | QP: 63
2026-07-13 14:53:05,995 [INFO ]  [19250/22926] | Loss: 70658.068 | PSNR: 7.548 | MSE: 0.70658068 | BPP: 1.9839 | QP: 63
2026-07-13 14:53:11,200 [INFO ]  [19300/22926] | Loss: 70666.036 | PSNR: 7.546 | MSE: 0.70666036 | BPP: 1.9837 | QP: 63
2026-07-13 14:53:16,358 [INFO ]  [19350/22926] | Loss: 70674.357 | PSNR: 7.544 | MSE: 0.70674357 | BPP: 1.9835 | QP: 63
2026-07-13 14:53:21,535 [INFO ]  [19400/22926] | Loss: 70680.574 | PSNR: 7.542 | MSE: 0.70680574 | BPP: 1.9833 | QP: 63
2026-07-13 14:53:26,675 [INFO ]  [19450/22926] | Loss: 70690.375 | PSNR: 7.540 | MSE: 0.70690375 | BPP: 1.9831 | QP: 63
2026-07-13 14:53:32,054 [INFO ]  [19500/22926] | Loss: 70704.425 | PSNR: 7.538 | MSE: 0.70704425 | BPP: 1.9829 | QP: 63
2026-07-13 14:53:37,161 [INFO ]  [19550/22926] | Loss: 70711.477 | PSNR: 7.536 | MSE: 0.70711477 | BPP: 1.9827 | QP: 63
2026-07-13 14:53:42,252 [INFO ]  [19600/22926] | Loss: 70728.439 | PSNR: 7.532 | MSE: 0.70728439 | BPP: 1.9825 | QP: 63
2026-07-13 14:53:47,355 [INFO ]  [19650/22926] | Loss: 70734.355 | PSNR: 7.531 | MSE: 0.70734356 | BPP: 1.9823 | QP: 63
2026-07-13 14:53:52,451 [INFO ]  [19700/22926] | Loss: 70740.019 | PSNR: 7.529 | MSE: 0.70740019 | BPP: 1.9822 | QP: 63
2026-07-13 14:53:57,588 [INFO ]  [19750/22926] | Loss: 70751.726 | PSNR: 7.526 | MSE: 0.70751726 | BPP: 1.9820 | QP: 63
2026-07-13 14:54:02,727 [INFO ]  [19800/22926] | Loss: 70759.106 | PSNR: 7.524 | MSE: 0.70759106 | BPP: 1.9818 | QP: 63
2026-07-13 14:54:07,849 [INFO ]  [19850/22926] | Loss: 70766.235 | PSNR: 7.522 | MSE: 0.70766235 | BPP: 1.9816 | QP: 63
2026-07-13 14:54:12,950 [INFO ]  [19900/22926] | Loss: 70777.376 | PSNR: 7.520 | MSE: 0.70777376 | BPP: 1.9814 | QP: 63
2026-07-13 14:54:18,086 [INFO ]  [19950/22926] | Loss: 70791.560 | PSNR: 7.518 | MSE: 0.70791560 | BPP: 1.9813 | QP: 63
2026-07-13 14:54:23,226 [INFO ]  [20000/22926] | Loss: 70803.840 | PSNR: 7.516 | MSE: 0.70803840 | BPP: 1.9813 | QP: 63
2026-07-13 14:54:28,380 [INFO ]  [20050/22926] | Loss: 70813.605 | PSNR: 7.514 | MSE: 0.70813605 | BPP: 1.9813 | QP: 63
2026-07-13 14:54:33,466 [INFO ]  [20100/22926] | Loss: 70825.860 | PSNR: 7.512 | MSE: 0.70825860 | BPP: 1.9813 | QP: 63
2026-07-13 14:54:38,559 [INFO ]  [20150/22926] | Loss: 70829.782 | PSNR: 7.511 | MSE: 0.70829782 | BPP: 1.9813 | QP: 63
2026-07-13 14:54:43,653 [INFO ]  [20200/22926] | Loss: 70838.820 | PSNR: 7.509 | MSE: 0.70838820 | BPP: 1.9813 | QP: 63
2026-07-13 14:54:48,742 [INFO ]  [20250/22926] | Loss: 70846.252 | PSNR: 7.508 | MSE: 0.70846252 | BPP: 1.9813 | QP: 63
2026-07-13 14:54:53,790 [INFO ]  [20300/22926] | Loss: 70855.777 | PSNR: 7.506 | MSE: 0.70855777 | BPP: 1.9813 | QP: 63
2026-07-13 14:54:58,842 [INFO ]  [20350/22926] | Loss: 70861.879 | PSNR: 7.505 | MSE: 0.70861879 | BPP: 1.9813 | QP: 63
2026-07-13 14:55:04,008 [INFO ]  [20400/22926] | Loss: 70868.161 | PSNR: 7.504 | MSE: 0.70868161 | BPP: 1.9813 | QP: 63
2026-07-13 14:55:09,126 [INFO ]  [20450/22926] | Loss: 70875.463 | PSNR: 7.502 | MSE: 0.70875463 | BPP: 1.9812 | QP: 63
2026-07-13 14:55:14,275 [INFO ]  [20500/22926] | Loss: 70884.861 | PSNR: 7.500 | MSE: 0.70884861 | BPP: 1.9812 | QP: 63
2026-07-13 14:55:19,321 [INFO ]  [20550/22926] | Loss: 70886.682 | PSNR: 7.500 | MSE: 0.70886682 | BPP: 1.9812 | QP: 63
2026-07-13 14:55:24,493 [INFO ]  [20600/22926] | Loss: 70891.506 | PSNR: 7.499 | MSE: 0.70891506 | BPP: 1.9812 | QP: 63
2026-07-13 14:55:29,575 [INFO ]  [20650/22926] | Loss: 70903.875 | PSNR: 7.497 | MSE: 0.70903876 | BPP: 1.9812 | QP: 63
2026-07-13 14:55:34,653 [INFO ]  [20700/22926] | Loss: 70914.211 | PSNR: 7.495 | MSE: 0.70914211 | BPP: 1.9812 | QP: 63
2026-07-13 14:55:39,766 [INFO ]  [20750/22926] | Loss: 70920.796 | PSNR: 7.494 | MSE: 0.70920796 | BPP: 1.9812 | QP: 63
2026-07-13 14:55:44,901 [INFO ]  [20800/22926] | Loss: 70928.973 | PSNR: 7.492 | MSE: 0.70928973 | BPP: 1.9812 | QP: 63
2026-07-13 14:55:50,029 [INFO ]  [20850/22926] | Loss: 70934.981 | PSNR: 7.491 | MSE: 0.70934981 | BPP: 1.9812 | QP: 63
2026-07-13 14:55:55,190 [INFO ]  [20900/22926] | Loss: 70943.970 | PSNR: 7.489 | MSE: 0.70943970 | BPP: 1.9812 | QP: 63
2026-07-13 14:56:00,298 [INFO ]  [20950/22926] | Loss: 70951.510 | PSNR: 7.488 | MSE: 0.70951510 | BPP: 1.9812 | QP: 63
2026-07-13 14:56:05,415 [INFO ]  [21000/22926] | Loss: 70961.235 | PSNR: 7.486 | MSE: 0.70961235 | BPP: 1.9812 | QP: 63
2026-07-13 14:56:10,512 [INFO ]  [21050/22926] | Loss: 70966.553 | PSNR: 7.485 | MSE: 0.70966553 | BPP: 1.9812 | QP: 63
2026-07-13 14:56:15,729 [INFO ]  [21100/22926] | Loss: 70971.208 | PSNR: 7.484 | MSE: 0.70971208 | BPP: 1.9812 | QP: 63
2026-07-13 14:56:20,821 [INFO ]  [21150/22926] | Loss: 70978.642 | PSNR: 7.483 | MSE: 0.70978642 | BPP: 1.9812 | QP: 63
2026-07-13 14:56:25,906 [INFO ]  [21200/22926] | Loss: 70977.765 | PSNR: 7.482 | MSE: 0.70977765 | BPP: 1.9811 | QP: 63
2026-07-13 14:56:31,075 [INFO ]  [21250/22926] | Loss: 70987.152 | PSNR: 7.481 | MSE: 0.70987152 | BPP: 1.9811 | QP: 63
2026-07-13 14:56:36,390 [INFO ]  [21300/22926] | Loss: 70995.571 | PSNR: 7.479 | MSE: 0.70995571 | BPP: 1.9811 | QP: 63
2026-07-13 14:56:41,427 [INFO ]  [21350/22926] | Loss: 70994.540 | PSNR: 7.479 | MSE: 0.70994540 | BPP: 1.9811 | QP: 63
2026-07-13 14:56:46,416 [INFO ]  [21400/22926] | Loss: 71003.293 | PSNR: 7.477 | MSE: 0.71003293 | BPP: 1.9811 | QP: 63
2026-07-13 14:56:51,520 [INFO ]  [21450/22926] | Loss: 71010.629 | PSNR: 7.476 | MSE: 0.71010629 | BPP: 1.9811 | QP: 63
2026-07-13 14:56:56,712 [INFO ]  [21500/22926] | Loss: 71016.608 | PSNR: 7.475 | MSE: 0.71016608 | BPP: 1.9811 | QP: 63
2026-07-13 14:57:01,828 [INFO ]  [21550/22926] | Loss: 71026.552 | PSNR: 7.473 | MSE: 0.71026552 | BPP: 1.9811 | QP: 63
2026-07-13 14:57:06,902 [INFO ]  [21600/22926] | Loss: 71031.273 | PSNR: 7.472 | MSE: 0.71031273 | BPP: 1.9811 | QP: 63
2026-07-13 14:57:11,999 [INFO ]  [21650/22926] | Loss: 71033.788 | PSNR: 7.472 | MSE: 0.71033788 | BPP: 1.9811 | QP: 63
2026-07-13 14:57:17,121 [INFO ]  [21700/22926] | Loss: 71039.692 | PSNR: 7.471 | MSE: 0.71039692 | BPP: 1.9811 | QP: 63
2026-07-13 14:57:22,221 [INFO ]  [21750/22926] | Loss: 71047.719 | PSNR: 7.469 | MSE: 0.71047719 | BPP: 1.9811 | QP: 63
2026-07-13 14:57:27,392 [INFO ]  [21800/22926] | Loss: 71055.388 | PSNR: 7.468 | MSE: 0.71055388 | BPP: 1.9811 | QP: 63
2026-07-13 14:57:32,520 [INFO ]  [21850/22926] | Loss: 71060.297 | PSNR: 7.467 | MSE: 0.71060297 | BPP: 1.9811 | QP: 63
2026-07-13 14:57:37,684 [INFO ]  [21900/22926] | Loss: 71070.163 | PSNR: 7.465 | MSE: 0.71070163 | BPP: 1.9811 | QP: 63
2026-07-13 14:57:42,856 [INFO ]  [21950/22926] | Loss: 71070.796 | PSNR: 7.465 | MSE: 0.71070796 | BPP: 1.9811 | QP: 63
2026-07-13 14:57:48,045 [INFO ]  [22000/22926] | Loss: 71083.649 | PSNR: 7.463 | MSE: 0.71083649 | BPP: 1.9810 | QP: 63
2026-07-13 14:57:53,222 [INFO ]  [22050/22926] | Loss: 71091.282 | PSNR: 7.461 | MSE: 0.71091282 | BPP: 1.9810 | QP: 63
2026-07-13 14:57:58,362 [INFO ]  [22100/22926] | Loss: 71098.381 | PSNR: 7.460 | MSE: 0.71098381 | BPP: 1.9810 | QP: 63
2026-07-13 14:58:03,510 [INFO ]  [22150/22926] | Loss: 71102.298 | PSNR: 7.459 | MSE: 0.71102298 | BPP: 1.9810 | QP: 63
2026-07-13 14:58:08,622 [INFO ]  [22200/22926] | Loss: 71111.881 | PSNR: 7.457 | MSE: 0.71111881 | BPP: 1.9810 | QP: 63
2026-07-13 14:58:13,716 [INFO ]  [22250/22926] | Loss: 71115.163 | PSNR: 7.457 | MSE: 0.71115163 | BPP: 1.9810 | QP: 63
2026-07-13 14:58:18,865 [INFO ]  [22300/22926] | Loss: 71122.911 | PSNR: 7.455 | MSE: 0.71122911 | BPP: 1.9810 | QP: 63
2026-07-13 14:58:23,971 [INFO ]  [22350/22926] | Loss: 71130.018 | PSNR: 7.454 | MSE: 0.71130018 | BPP: 1.9810 | QP: 63
2026-07-13 14:58:29,137 [INFO ]  [22400/22926] | Loss: 71142.593 | PSNR: 7.452 | MSE: 0.71142593 | BPP: 1.9810 | QP: 63
2026-07-13 14:58:34,280 [INFO ]  [22450/22926] | Loss: 71153.878 | PSNR: 7.450 | MSE: 0.71153878 | BPP: 1.9810 | QP: 63
2026-07-13 14:58:39,393 [INFO ]  [22500/22926] | Loss: 71152.543 | PSNR: 7.450 | MSE: 0.71152543 | BPP: 1.9810 | QP: 63
2026-07-13 14:58:44,470 [INFO ]  [22550/22926] | Loss: 71156.905 | PSNR: 7.449 | MSE: 0.71156905 | BPP: 1.9810 | QP: 63
2026-07-13 14:58:49,494 [INFO ]  [22600/22926] | Loss: 71164.147 | PSNR: 7.448 | MSE: 0.71164147 | BPP: 1.9810 | QP: 63
2026-07-13 14:58:54,560 [INFO ]  [22650/22926] | Loss: 71175.992 | PSNR: 7.446 | MSE: 0.71175992 | BPP: 1.9810 | QP: 63
2026-07-13 14:58:59,645 [INFO ]  [22700/22926] | Loss: 71182.124 | PSNR: 7.445 | MSE: 0.71182124 | BPP: 1.9810 | QP: 63
2026-07-13 14:59:04,781 [INFO ]  [22750/22926] | Loss: 71184.004 | PSNR: 7.444 | MSE: 0.71184004 | BPP: 1.9810 | QP: 63
2026-07-13 14:59:09,852 [INFO ]  [22800/22926] | Loss: 71190.907 | PSNR: 7.443 | MSE: 0.71190907 | BPP: 1.9810 | QP: 63
2026-07-13 14:59:14,931 [INFO ]  [22850/22926] | Loss: 71197.745 | PSNR: 7.441 | MSE: 0.71197745 | BPP: 1.9809 | QP: 63
2026-07-13 14:59:20,243 [INFO ]  [22900/22926] | Loss: 71207.375 | PSNR: 7.440 | MSE: 0.71207375 | BPP: 1.9809 | QP: 63
2026-07-13 14:59:22,639 [INFO ]  Train epoch 4: Loss: 71217.872 | PSNR: 7.427 | MSE: 0.71217872 | BPP: 1.9809
2026-07-13 14:59:22,640 [INFO ]  No test_filelist is set; using train loss for checkpoint selection.
2026-07-13 14:59:23,383 [INFO ]  Global step updated to: 114630
2026-07-13 14:59:23,383 [INFO ]  ====== Current epoch 5 ======
2026-07-13 14:59:23,383 [INFO ]  Learning rate: 0.0001
2026-07-13 14:59:23,675 [INFO ]  [0/22926] | Loss: 63501.738 | PSNR: 8.337 | MSE: 0.63501740 | BPP: 1.9787 | QP: 63
2026-07-13 14:59:28,929 [INFO ]  [50/22926] | Loss: 72664.009 | PSNR: 7.121 | MSE: 0.72664010 | BPP: 1.9783 | QP: 63
2026-07-13 14:59:34,054 [INFO ]  [100/22926] | Loss: 74364.173 | PSNR: 6.907 | MSE: 0.74364173 | BPP: 1.9783 | QP: 63
2026-07-13 14:59:39,402 [INFO ]  [150/22926] | Loss: 74163.677 | PSNR: 6.908 | MSE: 0.74163677 | BPP: 1.9783 | QP: 63
2026-07-13 14:59:44,508 [INFO ]  [200/22926] | Loss: 73927.097 | PSNR: 6.955 | MSE: 0.73927097 | BPP: 1.9784 | QP: 63
2026-07-13 14:59:49,579 [INFO ]  [250/22926] | Loss: 73868.857 | PSNR: 6.951 | MSE: 0.73868857 | BPP: 1.9783 | QP: 63
2026-07-13 14:59:54,777 [INFO ]  [300/22926] | Loss: 73853.282 | PSNR: 6.946 | MSE: 0.73853282 | BPP: 1.9783 | QP: 63
2026-07-13 14:59:59,924 [INFO ]  [350/22926] | Loss: 73963.905 | PSNR: 6.928 | MSE: 0.73963905 | BPP: 1.9783 | QP: 63
2026-07-13 15:00:05,037 [INFO ]  [400/22926] | Loss: 73846.166 | PSNR: 6.945 | MSE: 0.73846167 | BPP: 1.9783 | QP: 63
2026-07-13 15:00:10,148 [INFO ]  [450/22926] | Loss: 73892.210 | PSNR: 6.927 | MSE: 0.73892210 | BPP: 1.9783 | QP: 63
2026-07-13 15:00:15,382 [INFO ]  [500/22926] | Loss: 73774.670 | PSNR: 6.945 | MSE: 0.73774671 | BPP: 1.9783 | QP: 63
2026-07-13 15:00:20,494 [INFO ]  [550/22926] | Loss: 73973.146 | PSNR: 6.918 | MSE: 0.73973146 | BPP: 1.9783 | QP: 63
2026-07-13 15:00:25,639 [INFO ]  [600/22926] | Loss: 74005.509 | PSNR: 6.909 | MSE: 0.74005509 | BPP: 1.9783 | QP: 63
2026-07-13 15:00:30,775 [INFO ]  [650/22926] | Loss: 74150.843 | PSNR: 6.886 | MSE: 0.74150843 | BPP: 1.9783 | QP: 63
2026-07-13 15:00:35,940 [INFO ]  [700/22926] | Loss: 74095.370 | PSNR: 6.900 | MSE: 0.74095370 | BPP: 1.9783 | QP: 63
2026-07-13 15:00:41,041 [INFO ]  [750/22926] | Loss: 74214.980 | PSNR: 6.884 | MSE: 0.74214980 | BPP: 1.9783 | QP: 63
2026-07-13 15:00:46,203 [INFO ]  [800/22926] | Loss: 74181.570 | PSNR: 6.885 | MSE: 0.74181570 | BPP: 1.9783 | QP: 63
2026-07-13 15:00:51,346 [INFO ]  [850/22926] | Loss: 74136.677 | PSNR: 6.887 | MSE: 0.74136677 | BPP: 1.9783 | QP: 63
2026-07-13 15:00:56,481 [INFO ]  [900/22926] | Loss: 74035.285 | PSNR: 6.901 | MSE: 0.74035285 | BPP: 1.9783 | QP: 63
2026-07-13 15:01:01,540 [INFO ]  [950/22926] | Loss: 74030.843 | PSNR: 6.899 | MSE: 0.74030843 | BPP: 1.9783 | QP: 63
2026-07-13 15:01:06,633 [INFO ]  [1000/22926] | Loss: 73990.995 | PSNR: 6.905 | MSE: 0.73990995 | BPP: 1.9783 | QP: 63
2026-07-13 15:01:11,763 [INFO ]  [1050/22926] | Loss: 74075.307 | PSNR: 6.896 | MSE: 0.74075307 | BPP: 1.9783 | QP: 63
2026-07-13 15:01:16,882 [INFO ]  [1100/22926] | Loss: 74077.688 | PSNR: 6.896 | MSE: 0.74077688 | BPP: 1.9783 | QP: 63
2026-07-13 15:01:22,095 [INFO ]  [1150/22926] | Loss: 74076.441 | PSNR: 6.897 | MSE: 0.74076441 | BPP: 1.9783 | QP: 63
2026-07-13 15:01:27,250 [INFO ]  [1200/22926] | Loss: 74120.916 | PSNR: 6.891 | MSE: 0.74120916 | BPP: 1.9783 | QP: 63
2026-07-13 15:01:32,252 [INFO ]  [1250/22926] | Loss: 74151.158 | PSNR: 6.886 | MSE: 0.74151158 | BPP: 1.9783 | QP: 63
2026-07-13 15:01:37,224 [INFO ]  [1300/22926] | Loss: 74145.310 | PSNR: 6.884 | MSE: 0.74145310 | BPP: 1.9783 | QP: 63
2026-07-13 15:01:42,299 [INFO ]  [1350/22926] | Loss: 74193.545 | PSNR: 6.878 | MSE: 0.74193545 | BPP: 1.9783 | QP: 63
2026-07-13 15:01:47,347 [INFO ]  [1400/22926] | Loss: 74201.570 | PSNR: 6.880 | MSE: 0.74201570 | BPP: 1.9783 | QP: 63
2026-07-13 15:01:52,407 [INFO ]  [1450/22926] | Loss: 74249.216 | PSNR: 6.874 | MSE: 0.74249216 | BPP: 1.9783 | QP: 63
2026-07-13 15:01:57,519 [INFO ]  [1500/22926] | Loss: 74247.557 | PSNR: 6.873 | MSE: 0.74247557 | BPP: 1.9783 | QP: 63
2026-07-13 15:02:02,719 [INFO ]  [1550/22926] | Loss: 74233.941 | PSNR: 6.875 | MSE: 0.74233941 | BPP: 1.9783 | QP: 63
2026-07-13 15:02:07,895 [INFO ]  [1600/22926] | Loss: 74193.643 | PSNR: 6.881 | MSE: 0.74193643 | BPP: 1.9783 | QP: 63
2026-07-13 15:02:13,013 [INFO ]  [1650/22926] | Loss: 74202.233 | PSNR: 6.883 | MSE: 0.74202233 | BPP: 1.9783 | QP: 63
2026-07-13 15:02:18,181 [INFO ]  [1700/22926] | Loss: 74141.462 | PSNR: 6.890 | MSE: 0.74141462 | BPP: 1.9783 | QP: 63
2026-07-13 15:02:23,334 [INFO ]  [1750/22926] | Loss: 74102.669 | PSNR: 6.895 | MSE: 0.74102669 | BPP: 1.9783 | QP: 63
2026-07-13 15:02:28,457 [INFO ]  [1800/22926] | Loss: 74093.200 | PSNR: 6.895 | MSE: 0.74093200 | BPP: 1.9783 | QP: 63
2026-07-13 15:02:33,572 [INFO ]  [1850/22926] | Loss: 74065.842 | PSNR: 6.899 | MSE: 0.74065842 | BPP: 1.9783 | QP: 63
2026-07-13 15:02:38,767 [INFO ]  [1900/22926] | Loss: 74072.743 | PSNR: 6.898 | MSE: 0.74072743 | BPP: 1.9783 | QP: 63
2026-07-13 15:02:44,145 [INFO ]  [1950/22926] | Loss: 74063.885 | PSNR: 6.898 | MSE: 0.74063885 | BPP: 1.9783 | QP: 63
2026-07-13 15:02:49,258 [INFO ]  [2000/22926] | Loss: 74051.809 | PSNR: 6.901 | MSE: 0.74051809 | BPP: 1.9783 | QP: 63
2026-07-13 15:02:54,666 [INFO ]  [2050/22926] | Loss: 74033.452 | PSNR: 6.901 | MSE: 0.74033452 | BPP: 1.9783 | QP: 63
2026-07-13 15:03:00,069 [INFO ]  [2100/22926] | Loss: 73989.449 | PSNR: 6.906 | MSE: 0.73989449 | BPP: 1.9783 | QP: 63
2026-07-13 15:03:05,182 [INFO ]  [2150/22926] | Loss: 73958.934 | PSNR: 6.909 | MSE: 0.73958934 | BPP: 1.9783 | QP: 63
2026-07-13 15:03:10,214 [INFO ]  [2200/22926] | Loss: 73986.355 | PSNR: 6.903 | MSE: 0.73986355 | BPP: 1.9783 | QP: 63
2026-07-13 15:03:15,292 [INFO ]  [2250/22926] | Loss: 73999.903 | PSNR: 6.904 | MSE: 0.73999903 | BPP: 1.9783 | QP: 63
2026-07-13 15:03:20,337 [INFO ]  [2300/22926] | Loss: 74018.276 | PSNR: 6.902 | MSE: 0.74018276 | BPP: 1.9783 | QP: 63
2026-07-13 15:03:25,392 [INFO ]  [2350/22926] | Loss: 74019.898 | PSNR: 6.903 | MSE: 0.74019898 | BPP: 1.9783 | QP: 63
2026-07-13 15:03:30,478 [INFO ]  [2400/22926] | Loss: 74058.862 | PSNR: 6.897 | MSE: 0.74058862 | BPP: 1.9783 | QP: 63
2026-07-13 15:03:35,553 [INFO ]  [2450/22926] | Loss: 74050.978 | PSNR: 6.898 | MSE: 0.74050978 | BPP: 1.9783 | QP: 63
2026-07-13 15:03:40,738 [INFO ]  [2500/22926] | Loss: 74043.992 | PSNR: 6.898 | MSE: 0.74043992 | BPP: 1.9783 | QP: 63
2026-07-13 15:03:45,950 [INFO ]  [2550/22926] | Loss: 74010.671 | PSNR: 6.901 | MSE: 0.74010671 | BPP: 1.9783 | QP: 63
2026-07-13 15:03:51,148 [INFO ]  [2600/22926] | Loss: 73989.742 | PSNR: 6.904 | MSE: 0.73989742 | BPP: 1.9783 | QP: 63
2026-07-13 15:03:56,333 [INFO ]  [2650/22926] | Loss: 73979.058 | PSNR: 6.904 | MSE: 0.73979058 | BPP: 1.9783 | QP: 63
2026-07-13 15:04:01,463 [INFO ]  [2700/22926] | Loss: 73984.870 | PSNR: 6.904 | MSE: 0.73984870 | BPP: 1.9783 | QP: 63
2026-07-13 15:04:06,562 [INFO ]  [2750/22926] | Loss: 74007.618 | PSNR: 6.900 | MSE: 0.74007618 | BPP: 1.9783 | QP: 63
2026-07-13 15:04:11,649 [INFO ]  [2800/22926] | Loss: 74113.102 | PSNR: 6.887 | MSE: 0.74113102 | BPP: 1.9783 | QP: 63
2026-07-13 15:04:16,788 [INFO ]  [2850/22926] | Loss: 74126.997 | PSNR: 6.886 | MSE: 0.74126997 | BPP: 1.9783 | QP: 63
2026-07-13 15:04:21,897 [INFO ]  [2900/22926] | Loss: 74138.364 | PSNR: 6.884 | MSE: 0.74138363 | BPP: 1.9783 | QP: 63
2026-07-13 15:04:27,047 [INFO ]  [2950/22926] | Loss: 74126.974 | PSNR: 6.886 | MSE: 0.74126974 | BPP: 1.9783 | QP: 63
2026-07-13 15:04:32,205 [INFO ]  [3000/22926] | Loss: 74127.603 | PSNR: 6.887 | MSE: 0.74127603 | BPP: 1.9783 | QP: 63
2026-07-13 15:04:37,412 [INFO ]  [3050/22926] | Loss: 74144.175 | PSNR: 6.885 | MSE: 0.74144175 | BPP: 1.9783 | QP: 63
2026-07-13 15:04:42,595 [INFO ]  [3100/22926] | Loss: 74101.887 | PSNR: 6.890 | MSE: 0.74101887 | BPP: 1.9783 | QP: 63
2026-07-13 15:04:47,763 [INFO ]  [3150/22926] | Loss: 74101.391 | PSNR: 6.890 | MSE: 0.74101391 | BPP: 1.9783 | QP: 63
2026-07-13 15:04:52,860 [INFO ]  [3200/22926] | Loss: 74091.973 | PSNR: 6.892 | MSE: 0.74091973 | BPP: 1.9783 | QP: 63
2026-07-13 15:04:57,973 [INFO ]  [3250/22926] | Loss: 74077.563 | PSNR: 6.892 | MSE: 0.74077563 | BPP: 1.9783 | QP: 63
2026-07-13 15:05:03,188 [INFO ]  [3300/22926] | Loss: 74066.003 | PSNR: 6.895 | MSE: 0.74066003 | BPP: 1.9783 | QP: 63
2026-07-13 15:05:08,272 [INFO ]  [3350/22926] | Loss: 74112.593 | PSNR: 6.890 | MSE: 0.74112593 | BPP: 1.9783 | QP: 63
2026-07-13 15:05:13,442 [INFO ]  [3400/22926] | Loss: 74164.302 | PSNR: 6.884 | MSE: 0.74164302 | BPP: 1.9783 | QP: 63
2026-07-13 15:05:18,626 [INFO ]  [3450/22926] | Loss: 74146.850 | PSNR: 6.886 | MSE: 0.74146850 | BPP: 1.9783 | QP: 63
2026-07-13 15:05:23,789 [INFO ]  [3500/22926] | Loss: 74120.194 | PSNR: 6.891 | MSE: 0.74120194 | BPP: 1.9783 | QP: 63
2026-07-13 15:05:28,748 [INFO ]  [3550/22926] | Loss: 74099.922 | PSNR: 6.892 | MSE: 0.74099922 | BPP: 1.9783 | QP: 63
2026-07-13 15:05:33,837 [INFO ]  [3600/22926] | Loss: 74084.818 | PSNR: 6.894 | MSE: 0.74084817 | BPP: 1.9783 | QP: 63
2026-07-13 15:05:38,609 [INFO ]  [3650/22926] | Loss: 74075.153 | PSNR: 6.895 | MSE: 0.74075153 | BPP: 1.9783 | QP: 63
2026-07-13 15:05:43,591 [INFO ]  [3700/22926] | Loss: 74086.624 | PSNR: 6.894 | MSE: 0.74086624 | BPP: 1.9782 | QP: 63
2026-07-13 15:05:48,742 [INFO ]  [3750/22926] | Loss: 74089.430 | PSNR: 6.893 | MSE: 0.74089430 | BPP: 1.9782 | QP: 63
2026-07-13 15:05:53,832 [INFO ]  [3800/22926] | Loss: 74121.851 | PSNR: 6.891 | MSE: 0.74121851 | BPP: 1.9782 | QP: 63
2026-07-13 15:05:58,897 [INFO ]  [3850/22926] | Loss: 74117.258 | PSNR: 6.890 | MSE: 0.74117258 | BPP: 1.9782 | QP: 63
2026-07-13 15:06:04,037 [INFO ]  [3900/22926] | Loss: 74100.711 | PSNR: 6.893 | MSE: 0.74100711 | BPP: 1.9782 | QP: 63
2026-07-13 15:06:09,156 [INFO ]  [3950/22926] | Loss: 74082.763 | PSNR: 6.895 | MSE: 0.74082763 | BPP: 1.9782 | QP: 63
2026-07-13 15:06:14,259 [INFO ]  [4000/22926] | Loss: 74087.367 | PSNR: 6.894 | MSE: 0.74087367 | BPP: 1.9782 | QP: 63
2026-07-13 15:06:19,451 [INFO ]  [4050/22926] | Loss: 74097.212 | PSNR: 6.892 | MSE: 0.74097212 | BPP: 1.9782 | QP: 63
2026-07-13 15:06:24,575 [INFO ]  [4100/22926] | Loss: 74098.204 | PSNR: 6.892 | MSE: 0.74098204 | BPP: 1.9782 | QP: 63
2026-07-13 15:06:29,725 [INFO ]  [4150/22926] | Loss: 74108.866 | PSNR: 6.891 | MSE: 0.74108866 | BPP: 1.9782 | QP: 63
2026-07-13 15:06:34,824 [INFO ]  [4200/22926] | Loss: 74095.406 | PSNR: 6.892 | MSE: 0.74095406 | BPP: 1.9782 | QP: 63
2026-07-13 15:06:39,823 [INFO ]  [4250/22926] | Loss: 74089.104 | PSNR: 6.893 | MSE: 0.74089104 | BPP: 1.9782 | QP: 63
2026-07-13 15:06:44,896 [INFO ]  [4300/22926] | Loss: 74096.161 | PSNR: 6.892 | MSE: 0.74096161 | BPP: 1.9782 | QP: 63
2026-07-13 15:06:49,961 [INFO ]  [4350/22926] | Loss: 74119.620 | PSNR: 6.889 | MSE: 0.74119620 | BPP: 1.9782 | QP: 63
2026-07-13 15:06:55,029 [INFO ]  [4400/22926] | Loss: 74150.336 | PSNR: 6.886 | MSE: 0.74150336 | BPP: 1.9782 | QP: 63
2026-07-13 15:07:00,094 [INFO ]  [4450/22926] | Loss: 74170.338 | PSNR: 6.884 | MSE: 0.74170338 | BPP: 1.9782 | QP: 63
2026-07-13 15:07:05,196 [INFO ]  [4500/22926] | Loss: 74211.998 | PSNR: 6.880 | MSE: 0.74211998 | BPP: 1.9782 | QP: 63
2026-07-13 15:07:10,335 [INFO ]  [4550/22926] | Loss: 74171.028 | PSNR: 6.886 | MSE: 0.74171028 | BPP: 1.9782 | QP: 63
2026-07-13 15:07:15,504 [INFO ]  [4600/22926] | Loss: 74152.925 | PSNR: 6.888 | MSE: 0.74152925 | BPP: 1.9782 | QP: 63
2026-07-13 15:07:20,668 [INFO ]  [4650/22926] | Loss: 74160.970 | PSNR: 6.886 | MSE: 0.74160970 | BPP: 1.9782 | QP: 63
2026-07-13 15:07:25,807 [INFO ]  [4700/22926] | Loss: 74143.225 | PSNR: 6.889 | MSE: 0.74143225 | BPP: 1.9782 | QP: 63
2026-07-13 15:07:30,958 [INFO ]  [4750/22926] | Loss: 74127.297 | PSNR: 6.891 | MSE: 0.74127296 | BPP: 1.9782 | QP: 63
2026-07-13 15:07:36,061 [INFO ]  [4800/22926] | Loss: 74123.323 | PSNR: 6.891 | MSE: 0.74123323 | BPP: 1.9782 | QP: 63
2026-07-13 15:07:41,169 [INFO ]  [4850/22926] | Loss: 74120.003 | PSNR: 6.891 | MSE: 0.74120003 | BPP: 1.9782 | QP: 63
2026-07-13 15:07:46,269 [INFO ]  [4900/22926] | Loss: 74119.474 | PSNR: 6.891 | MSE: 0.74119474 | BPP: 1.9782 | QP: 63
2026-07-13 15:07:51,410 [INFO ]  [4950/22926] | Loss: 74135.631 | PSNR: 6.889 | MSE: 0.74135631 | BPP: 1.9782 | QP: 63
2026-07-13 15:07:56,463 [INFO ]  [5000/22926] | Loss: 74133.605 | PSNR: 6.889 | MSE: 0.74133605 | BPP: 1.9782 | QP: 63
2026-07-13 15:08:01,454 [INFO ]  [5050/22926] | Loss: 74129.170 | PSNR: 6.890 | MSE: 0.74129170 | BPP: 1.9782 | QP: 63
2026-07-13 15:08:06,506 [INFO ]  [5100/22926] | Loss: 74107.484 | PSNR: 6.893 | MSE: 0.74107484 | BPP: 1.9782 | QP: 63
2026-07-13 15:08:11,578 [INFO ]  [5150/22926] | Loss: 74088.642 | PSNR: 6.895 | MSE: 0.74088642 | BPP: 1.9782 | QP: 63
2026-07-13 15:08:16,675 [INFO ]  [5200/22926] | Loss: 74076.809 | PSNR: 6.897 | MSE: 0.74076809 | BPP: 1.9782 | QP: 63
2026-07-13 15:08:21,798 [INFO ]  [5250/22926] | Loss: 74076.313 | PSNR: 6.897 | MSE: 0.74076313 | BPP: 1.9782 | QP: 63
2026-07-13 15:08:27,013 [INFO ]  [5300/22926] | Loss: 74080.167 | PSNR: 6.896 | MSE: 0.74080167 | BPP: 1.9782 | QP: 63
2026-07-13 15:08:32,038 [INFO ]  [5350/22926] | Loss: 74079.945 | PSNR: 6.896 | MSE: 0.74079945 | BPP: 1.9782 | QP: 63
2026-07-13 15:08:37,089 [INFO ]  [5400/22926] | Loss: 74091.345 | PSNR: 6.895 | MSE: 0.74091345 | BPP: 1.9782 | QP: 63
2026-07-13 15:08:42,182 [INFO ]  [5450/22926] | Loss: 74082.989 | PSNR: 6.896 | MSE: 0.74082989 | BPP: 1.9782 | QP: 63
2026-07-13 15:08:47,402 [INFO ]  [5500/22926] | Loss: 74088.992 | PSNR: 6.896 | MSE: 0.74088992 | BPP: 1.9782 | QP: 63
2026-07-13 15:08:52,752 [INFO ]  [5550/22926] | Loss: 74083.282 | PSNR: 6.897 | MSE: 0.74083282 | BPP: 1.9782 | QP: 63
2026-07-13 15:08:57,869 [INFO ]  [5600/22926] | Loss: 74092.439 | PSNR: 6.896 | MSE: 0.74092439 | BPP: 1.9782 | QP: 63
2026-07-13 15:09:03,090 [INFO ]  [5650/22926] | Loss: 74066.661 | PSNR: 6.899 | MSE: 0.74066661 | BPP: 1.9781 | QP: 63
2026-07-13 15:09:08,357 [INFO ]  [5700/22926] | Loss: 74061.532 | PSNR: 6.899 | MSE: 0.74061532 | BPP: 1.9781 | QP: 63
2026-07-13 15:09:13,621 [INFO ]  [5750/22926] | Loss: 74053.608 | PSNR: 6.899 | MSE: 0.74053608 | BPP: 1.9781 | QP: 63
2026-07-13 15:09:18,739 [INFO ]  [5800/22926] | Loss: 74033.531 | PSNR: 6.902 | MSE: 0.74033531 | BPP: 1.9781 | QP: 63
2026-07-13 15:09:23,846 [INFO ]  [5850/22926] | Loss: 74035.848 | PSNR: 6.902 | MSE: 0.74035848 | BPP: 1.9781 | QP: 63
2026-07-13 15:09:28,975 [INFO ]  [5900/22926] | Loss: 74068.400 | PSNR: 6.898 | MSE: 0.74068400 | BPP: 1.9781 | QP: 63
2026-07-13 15:09:34,035 [INFO ]  [5950/22926] | Loss: 74064.454 | PSNR: 6.898 | MSE: 0.74064454 | BPP: 1.9781 | QP: 63
2026-07-13 15:09:39,135 [INFO ]  [6000/22926] | Loss: 74067.526 | PSNR: 6.898 | MSE: 0.74067526 | BPP: 1.9781 | QP: 63
2026-07-13 15:09:44,270 [INFO ]  [6050/22926] | Loss: 74083.781 | PSNR: 6.897 | MSE: 0.74083781 | BPP: 1.9781 | QP: 63
2026-07-13 15:09:49,359 [INFO ]  [6100/22926] | Loss: 74088.172 | PSNR: 6.897 | MSE: 0.74088172 | BPP: 1.9781 | QP: 63
2026-07-13 15:09:54,514 [INFO ]  [6150/22926] | Loss: 74094.054 | PSNR: 6.896 | MSE: 0.74094054 | BPP: 1.9781 | QP: 63
2026-07-13 15:09:59,753 [INFO ]  [6200/22926] | Loss: 74102.913 | PSNR: 6.895 | MSE: 0.74102913 | BPP: 1.9781 | QP: 63
2026-07-13 15:10:04,970 [INFO ]  [6250/22926] | Loss: 74103.162 | PSNR: 6.896 | MSE: 0.74103162 | BPP: 1.9781 | QP: 63
2026-07-13 15:10:10,041 [INFO ]  [6300/22926] | Loss: 74112.660 | PSNR: 6.895 | MSE: 0.74112660 | BPP: 1.9781 | QP: 63
2026-07-13 15:10:14,863 [INFO ]  [6350/22926] | Loss: 74106.373 | PSNR: 6.896 | MSE: 0.74106373 | BPP: 1.9781 | QP: 63
2026-07-13 15:10:19,888 [INFO ]  [6400/22926] | Loss: 74119.350 | PSNR: 6.894 | MSE: 0.74119350 | BPP: 1.9781 | QP: 63
2026-07-13 15:10:24,943 [INFO ]  [6450/22926] | Loss: 74106.667 | PSNR: 6.896 | MSE: 0.74106667 | BPP: 1.9781 | QP: 63
2026-07-13 15:10:30,091 [INFO ]  [6500/22926] | Loss: 74113.615 | PSNR: 6.896 | MSE: 0.74113615 | BPP: 1.9781 | QP: 63
2026-07-13 15:10:35,253 [INFO ]  [6550/22926] | Loss: 74120.609 | PSNR: 6.895 | MSE: 0.74120609 | BPP: 1.9781 | QP: 63
2026-07-13 15:10:40,429 [INFO ]  [6600/22926] | Loss: 74115.733 | PSNR: 6.895 | MSE: 0.74115733 | BPP: 1.9781 | QP: 63
2026-07-13 15:10:45,603 [INFO ]  [6650/22926] | Loss: 74111.761 | PSNR: 6.895 | MSE: 0.74111761 | BPP: 1.9781 | QP: 63
2026-07-13 15:10:50,867 [INFO ]  [6700/22926] | Loss: 74108.590 | PSNR: 6.896 | MSE: 0.74108590 | BPP: 1.9781 | QP: 63
2026-07-13 15:10:55,974 [INFO ]  [6750/22926] | Loss: 74103.468 | PSNR: 6.896 | MSE: 0.74103468 | BPP: 1.9781 | QP: 63
2026-07-13 15:11:01,142 [INFO ]  [6800/22926] | Loss: 74107.422 | PSNR: 6.896 | MSE: 0.74107422 | BPP: 1.9781 | QP: 63
2026-07-13 15:11:06,281 [INFO ]  [6850/22926] | Loss: 74115.121 | PSNR: 6.895 | MSE: 0.74115121 | BPP: 1.9781 | QP: 63
2026-07-13 15:11:11,416 [INFO ]  [6900/22926] | Loss: 74121.118 | PSNR: 6.895 | MSE: 0.74121118 | BPP: 1.9781 | QP: 63
2026-07-13 15:11:16,602 [INFO ]  [6950/22926] | Loss: 74111.401 | PSNR: 6.896 | MSE: 0.74111401 | BPP: 1.9781 | QP: 63
2026-07-13 15:11:21,782 [INFO ]  [7000/22926] | Loss: 74109.558 | PSNR: 6.896 | MSE: 0.74109558 | BPP: 1.9780 | QP: 63
2026-07-13 15:11:26,891 [INFO ]  [7050/22926] | Loss: 74121.099 | PSNR: 6.895 | MSE: 0.74121099 | BPP: 1.9780 | QP: 63
2026-07-13 15:11:32,181 [INFO ]  [7100/22926] | Loss: 74112.067 | PSNR: 6.895 | MSE: 0.74112067 | BPP: 1.9780 | QP: 63
2026-07-13 15:11:37,341 [INFO ]  [7150/22926] | Loss: 74111.168 | PSNR: 6.895 | MSE: 0.74111168 | BPP: 1.9780 | QP: 63
2026-07-13 15:11:42,556 [INFO ]  [7200/22926] | Loss: 74121.328 | PSNR: 6.894 | MSE: 0.74121328 | BPP: 1.9780 | QP: 63
2026-07-13 15:11:47,729 [INFO ]  [7250/22926] | Loss: 74128.222 | PSNR: 6.893 | MSE: 0.74128222 | BPP: 1.9780 | QP: 63
2026-07-13 15:11:53,170 [INFO ]  [7300/22926] | Loss: 74141.071 | PSNR: 6.891 | MSE: 0.74141071 | BPP: 1.9780 | QP: 63
2026-07-13 15:11:58,430 [INFO ]  [7350/22926] | Loss: 74132.329 | PSNR: 6.892 | MSE: 0.74132329 | BPP: 1.9780 | QP: 63
2026-07-13 15:12:03,623 [INFO ]  [7400/22926] | Loss: 74122.808 | PSNR: 6.893 | MSE: 0.74122808 | BPP: 1.9780 | QP: 63
2026-07-13 15:12:08,793 [INFO ]  [7450/22926] | Loss: 74126.940 | PSNR: 6.893 | MSE: 0.74126940 | BPP: 1.9780 | QP: 63
2026-07-13 15:12:13,927 [INFO ]  [7500/22926] | Loss: 74109.942 | PSNR: 6.895 | MSE: 0.74109942 | BPP: 1.9780 | QP: 63
2026-07-13 15:12:19,019 [INFO ]  [7550/22926] | Loss: 74095.240 | PSNR: 6.896 | MSE: 0.74095240 | BPP: 1.9780 | QP: 63
2026-07-13 15:12:24,112 [INFO ]  [7600/22926] | Loss: 74091.298 | PSNR: 6.897 | MSE: 0.74091298 | BPP: 1.9780 | QP: 63
2026-07-13 15:12:29,236 [INFO ]  [7650/22926] | Loss: 74093.496 | PSNR: 6.898 | MSE: 0.74093496 | BPP: 1.9780 | QP: 63
2026-07-13 15:12:34,414 [INFO ]  [7700/22926] | Loss: 74102.453 | PSNR: 6.897 | MSE: 0.74102453 | BPP: 1.9780 | QP: 63
2026-07-13 15:12:39,591 [INFO ]  [7750/22926] | Loss: 74105.826 | PSNR: 6.896 | MSE: 0.74105826 | BPP: 1.9780 | QP: 63
2026-07-13 15:12:44,865 [INFO ]  [7800/22926] | Loss: 74104.120 | PSNR: 6.896 | MSE: 0.74104120 | BPP: 1.9780 | QP: 63
2026-07-13 15:12:50,013 [INFO ]  [7850/22926] | Loss: 74100.821 | PSNR: 6.897 | MSE: 0.74100821 | BPP: 1.9780 | QP: 63
2026-07-13 15:12:55,148 [INFO ]  [7900/22926] | Loss: 74116.446 | PSNR: 6.895 | MSE: 0.74116446 | BPP: 1.9780 | QP: 63
2026-07-13 15:13:00,400 [INFO ]  [7950/22926] | Loss: 74109.579 | PSNR: 6.896 | MSE: 0.74109579 | BPP: 1.9780 | QP: 63
2026-07-13 15:13:05,550 [INFO ]  [8000/22926] | Loss: 74101.279 | PSNR: 6.897 | MSE: 0.74101279 | BPP: 1.9780 | QP: 63
2026-07-13 15:13:10,621 [INFO ]  [8050/22926] | Loss: 74089.728 | PSNR: 6.898 | MSE: 0.74089728 | BPP: 1.9780 | QP: 63
2026-07-13 15:13:15,878 [INFO ]  [8100/22926] | Loss: 74075.767 | PSNR: 6.900 | MSE: 0.74075767 | BPP: 1.9780 | QP: 63
2026-07-13 15:13:21,040 [INFO ]  [8150/22926] | Loss: 74075.551 | PSNR: 6.899 | MSE: 0.74075551 | BPP: 1.9780 | QP: 63
2026-07-13 15:13:26,313 [INFO ]  [8200/22926] | Loss: 74067.242 | PSNR: 6.900 | MSE: 0.74067242 | BPP: 1.9780 | QP: 63
2026-07-13 15:13:31,593 [INFO ]  [8250/22926] | Loss: 74041.220 | PSNR: 6.903 | MSE: 0.74041220 | BPP: 1.9779 | QP: 63
2026-07-13 15:13:36,888 [INFO ]  [8300/22926] | Loss: 74029.751 | PSNR: 6.905 | MSE: 0.74029751 | BPP: 1.9779 | QP: 63
2026-07-13 15:13:42,082 [INFO ]  [8350/22926] | Loss: 74030.580 | PSNR: 6.905 | MSE: 0.74030580 | BPP: 1.9779 | QP: 63
2026-07-13 15:13:47,283 [INFO ]  [8400/22926] | Loss: 74039.718 | PSNR: 6.904 | MSE: 0.74039718 | BPP: 1.9779 | QP: 63
2026-07-13 15:13:52,418 [INFO ]  [8450/22926] | Loss: 74040.154 | PSNR: 6.904 | MSE: 0.74040154 | BPP: 1.9779 | QP: 63
2026-07-13 15:13:57,541 [INFO ]  [8500/22926] | Loss: 74052.514 | PSNR: 6.903 | MSE: 0.74052514 | BPP: 1.9779 | QP: 63
2026-07-13 15:14:02,748 [INFO ]  [8550/22926] | Loss: 74060.475 | PSNR: 6.902 | MSE: 0.74060475 | BPP: 1.9779 | QP: 63
2026-07-13 15:14:07,853 [INFO ]  [8600/22926] | Loss: 74055.177 | PSNR: 6.903 | MSE: 0.74055177 | BPP: 1.9779 | QP: 63
2026-07-13 15:14:12,987 [INFO ]  [8650/22926] | Loss: 74047.751 | PSNR: 6.904 | MSE: 0.74047751 | BPP: 1.9779 | QP: 63
2026-07-13 15:14:18,157 [INFO ]  [8700/22926] | Loss: 74043.625 | PSNR: 6.905 | MSE: 0.74043625 | BPP: 1.9779 | QP: 63
2026-07-13 15:14:23,339 [INFO ]  [8750/22926] | Loss: 74055.151 | PSNR: 6.904 | MSE: 0.74055151 | BPP: 1.9779 | QP: 63
2026-07-13 15:14:28,570 [INFO ]  [8800/22926] | Loss: 74061.582 | PSNR: 6.903 | MSE: 0.74061582 | BPP: 1.9779 | QP: 63
2026-07-13 15:14:33,727 [INFO ]  [8850/22926] | Loss: 74062.037 | PSNR: 6.903 | MSE: 0.74062037 | BPP: 1.9779 | QP: 63
2026-07-13 15:14:38,954 [INFO ]  [8900/22926] | Loss: 74062.970 | PSNR: 6.903 | MSE: 0.74062970 | BPP: 1.9779 | QP: 63
2026-07-13 15:14:44,137 [INFO ]  [8950/22926] | Loss: 74072.824 | PSNR: 6.902 | MSE: 0.74072824 | BPP: 1.9779 | QP: 63
2026-07-13 15:14:49,294 [INFO ]  [9000/22926] | Loss: 74076.561 | PSNR: 6.901 | MSE: 0.74076561 | BPP: 1.9779 | QP: 63
2026-07-13 15:14:54,367 [INFO ]  [9050/22926] | Loss: 74071.815 | PSNR: 6.902 | MSE: 0.74071815 | BPP: 1.9779 | QP: 63
2026-07-13 15:14:59,763 [INFO ]  [9100/22926] | Loss: 74075.463 | PSNR: 6.901 | MSE: 0.74075463 | BPP: 1.9779 | QP: 63
2026-07-13 15:15:04,813 [INFO ]  [9150/22926] | Loss: 74077.500 | PSNR: 6.902 | MSE: 0.74077500 | BPP: 1.9779 | QP: 63
2026-07-13 15:15:09,970 [INFO ]  [9200/22926] | Loss: 74077.727 | PSNR: 6.901 | MSE: 0.74077727 | BPP: 1.9779 | QP: 63
2026-07-13 15:15:15,197 [INFO ]  [9250/22926] | Loss: 74073.946 | PSNR: 6.902 | MSE: 0.74073946 | BPP: 1.9779 | QP: 63
2026-07-13 15:15:20,399 [INFO ]  [9300/22926] | Loss: 74078.353 | PSNR: 6.901 | MSE: 0.74078353 | BPP: 1.9779 | QP: 63
2026-07-13 15:15:25,535 [INFO ]  [9350/22926] | Loss: 74073.458 | PSNR: 6.901 | MSE: 0.74073458 | BPP: 1.9779 | QP: 63
2026-07-13 15:15:30,715 [INFO ]  [9400/22926] | Loss: 74077.098 | PSNR: 6.900 | MSE: 0.74077098 | BPP: 1.9779 | QP: 63
2026-07-13 15:15:35,867 [INFO ]  [9450/22926] | Loss: 74089.384 | PSNR: 6.899 | MSE: 0.74089384 | BPP: 1.9778 | QP: 63
2026-07-13 15:15:40,962 [INFO ]  [9500/22926] | Loss: 74091.860 | PSNR: 6.899 | MSE: 0.74091860 | BPP: 1.9778 | QP: 63
2026-07-13 15:15:46,123 [INFO ]  [9550/22926] | Loss: 74097.681 | PSNR: 6.898 | MSE: 0.74097681 | BPP: 1.9778 | QP: 63
2026-07-13 15:15:51,281 [INFO ]  [9600/22926] | Loss: 74093.367 | PSNR: 6.899 | MSE: 0.74093367 | BPP: 1.9778 | QP: 63
2026-07-13 15:15:56,392 [INFO ]  [9650/22926] | Loss: 74094.418 | PSNR: 6.899 | MSE: 0.74094418 | BPP: 1.9778 | QP: 63
2026-07-13 15:16:01,580 [INFO ]  [9700/22926] | Loss: 74088.338 | PSNR: 6.899 | MSE: 0.74088338 | BPP: 1.9778 | QP: 63
2026-07-13 15:16:06,709 [INFO ]  [9750/22926] | Loss: 74070.525 | PSNR: 6.902 | MSE: 0.74070525 | BPP: 1.9778 | QP: 63
2026-07-13 15:16:11,912 [INFO ]  [9800/22926] | Loss: 74072.105 | PSNR: 6.902 | MSE: 0.74072105 | BPP: 1.9778 | QP: 63
2026-07-13 15:16:17,119 [INFO ]  [9850/22926] | Loss: 74064.920 | PSNR: 6.903 | MSE: 0.74064920 | BPP: 1.9778 | QP: 63
2026-07-13 15:16:22,218 [INFO ]  [9900/22926] | Loss: 74064.318 | PSNR: 6.903 | MSE: 0.74064318 | BPP: 1.9778 | QP: 63
2026-07-13 15:16:27,367 [INFO ]  [9950/22926] | Loss: 74070.021 | PSNR: 6.902 | MSE: 0.74070021 | BPP: 1.9778 | QP: 63
2026-07-13 15:16:32,496 [INFO ]  [10000/22926] | Loss: 74072.358 | PSNR: 6.902 | MSE: 0.74072358 | BPP: 1.9778 | QP: 63
2026-07-13 15:16:37,562 [INFO ]  [10050/22926] | Loss: 74066.591 | PSNR: 6.902 | MSE: 0.74066591 | BPP: 1.9778 | QP: 63
2026-07-13 15:16:42,630 [INFO ]  [10100/22926] | Loss: 74063.674 | PSNR: 6.903 | MSE: 0.74063674 | BPP: 1.9778 | QP: 63
2026-07-13 15:16:47,728 [INFO ]  [10150/22926] | Loss: 74067.021 | PSNR: 6.903 | MSE: 0.74067021 | BPP: 1.9778 | QP: 63
2026-07-13 15:16:52,926 [INFO ]  [10200/22926] | Loss: 74061.590 | PSNR: 6.904 | MSE: 0.74061590 | BPP: 1.9778 | QP: 63
2026-07-13 15:16:57,980 [INFO ]  [10250/22926] | Loss: 74061.614 | PSNR: 6.903 | MSE: 0.74061615 | BPP: 1.9778 | QP: 63
2026-07-13 15:17:03,025 [INFO ]  [10300/22926] | Loss: 74075.559 | PSNR: 6.902 | MSE: 0.74075559 | BPP: 1.9778 | QP: 63
2026-07-13 15:17:08,131 [INFO ]  [10350/22926] | Loss: 74069.859 | PSNR: 6.903 | MSE: 0.74069859 | BPP: 1.9778 | QP: 63
2026-07-13 15:17:13,260 [INFO ]  [10400/22926] | Loss: 74066.574 | PSNR: 6.903 | MSE: 0.74066574 | BPP: 1.9778 | QP: 63
2026-07-13 15:17:18,415 [INFO ]  [10450/22926] | Loss: 74057.725 | PSNR: 6.904 | MSE: 0.74057725 | BPP: 1.9778 | QP: 63
2026-07-13 15:17:23,559 [INFO ]  [10500/22926] | Loss: 74058.991 | PSNR: 6.904 | MSE: 0.74058991 | BPP: 1.9778 | QP: 63
2026-07-13 15:17:28,580 [INFO ]  [10550/22926] | Loss: 74077.095 | PSNR: 6.901 | MSE: 0.74077095 | BPP: 1.9778 | QP: 63
2026-07-13 15:17:33,680 [INFO ]  [10600/22926] | Loss: 74085.646 | PSNR: 6.901 | MSE: 0.74085646 | BPP: 1.9777 | QP: 63
2026-07-13 15:17:38,756 [INFO ]  [10650/22926] | Loss: 74091.340 | PSNR: 6.900 | MSE: 0.74091340 | BPP: 1.9777 | QP: 63
2026-07-13 15:17:43,935 [INFO ]  [10700/22926] | Loss: 74105.303 | PSNR: 6.899 | MSE: 0.74105303 | BPP: 1.9777 | QP: 63
2026-07-13 15:17:48,956 [INFO ]  [10750/22926] | Loss: 74100.188 | PSNR: 6.899 | MSE: 0.74100188 | BPP: 1.9777 | QP: 63
2026-07-13 15:17:53,998 [INFO ]  [10800/22926] | Loss: 74105.330 | PSNR: 6.898 | MSE: 0.74105330 | BPP: 1.9777 | QP: 63
2026-07-13 15:17:59,097 [INFO ]  [10850/22926] | Loss: 74100.944 | PSNR: 6.899 | MSE: 0.74100944 | BPP: 1.9777 | QP: 63
2026-07-13 15:18:04,392 [INFO ]  [10900/22926] | Loss: 74109.320 | PSNR: 6.898 | MSE: 0.74109320 | BPP: 1.9777 | QP: 63
2026-07-13 15:18:09,388 [INFO ]  [10950/22926] | Loss: 74109.652 | PSNR: 6.899 | MSE: 0.74109652 | BPP: 1.9777 | QP: 63
2026-07-13 15:18:14,436 [INFO ]  [11000/22926] | Loss: 74101.340 | PSNR: 6.899 | MSE: 0.74101340 | BPP: 1.9777 | QP: 63
2026-07-13 15:18:19,190 [INFO ]  [11050/22926] | Loss: 74099.153 | PSNR: 6.900 | MSE: 0.74099153 | BPP: 1.9777 | QP: 63
2026-07-13 15:18:24,236 [INFO ]  [11100/22926] | Loss: 74089.545 | PSNR: 6.901 | MSE: 0.74089545 | BPP: 1.9777 | QP: 63
2026-07-13 15:18:29,327 [INFO ]  [11150/22926] | Loss: 74094.098 | PSNR: 6.901 | MSE: 0.74094098 | BPP: 1.9777 | QP: 63
2026-07-13 15:18:34,494 [INFO ]  [11200/22926] | Loss: 74091.130 | PSNR: 6.901 | MSE: 0.74091130 | BPP: 1.9777 | QP: 63
2026-07-13 15:18:39,728 [INFO ]  [11250/22926] | Loss: 74087.216 | PSNR: 6.902 | MSE: 0.74087216 | BPP: 1.9777 | QP: 63
2026-07-13 15:18:44,955 [INFO ]  [11300/22926] | Loss: 74085.415 | PSNR: 6.902 | MSE: 0.74085415 | BPP: 1.9777 | QP: 63
2026-07-13 15:18:50,105 [INFO ]  [11350/22926] | Loss: 74084.052 | PSNR: 6.902 | MSE: 0.74084052 | BPP: 1.9777 | QP: 63
2026-07-13 15:18:54,996 [INFO ]  [11400/22926] | Loss: 74082.797 | PSNR: 6.902 | MSE: 0.74082797 | BPP: 1.9777 | QP: 63
2026-07-13 15:19:00,114 [INFO ]  [11450/22926] | Loss: 74086.330 | PSNR: 6.902 | MSE: 0.74086330 | BPP: 1.9777 | QP: 63
2026-07-13 15:19:05,225 [INFO ]  [11500/22926] | Loss: 74082.282 | PSNR: 6.902 | MSE: 0.74082282 | BPP: 1.9777 | QP: 63
2026-07-13 15:19:10,271 [INFO ]  [11550/22926] | Loss: 74081.900 | PSNR: 6.902 | MSE: 0.74081900 | BPP: 1.9777 | QP: 63
2026-07-13 15:19:15,337 [INFO ]  [11600/22926] | Loss: 74085.755 | PSNR: 6.901 | MSE: 0.74085755 | BPP: 1.9777 | QP: 63
2026-07-13 15:19:20,472 [INFO ]  [11650/22926] | Loss: 74083.952 | PSNR: 6.902 | MSE: 0.74083952 | BPP: 1.9777 | QP: 63
2026-07-13 15:19:25,520 [INFO ]  [11700/22926] | Loss: 74080.697 | PSNR: 6.902 | MSE: 0.74080697 | BPP: 1.9777 | QP: 63
2026-07-13 15:19:30,593 [INFO ]  [11750/22926] | Loss: 74071.324 | PSNR: 6.904 | MSE: 0.74071324 | BPP: 1.9777 | QP: 63
2026-07-13 15:19:35,718 [INFO ]  [11800/22926] | Loss: 74077.020 | PSNR: 6.903 | MSE: 0.74077020 | BPP: 1.9776 | QP: 63
2026-07-13 15:19:40,946 [INFO ]  [11850/22926] | Loss: 74089.661 | PSNR: 6.902 | MSE: 0.74089661 | BPP: 1.9776 | QP: 63
2026-07-13 15:19:46,127 [INFO ]  [11900/22926] | Loss: 74093.906 | PSNR: 6.901 | MSE: 0.74093906 | BPP: 1.9776 | QP: 63
2026-07-13 15:19:51,244 [INFO ]  [11950/22926] | Loss: 74084.998 | PSNR: 6.902 | MSE: 0.74084998 | BPP: 1.9776 | QP: 63
2026-07-13 15:19:56,427 [INFO ]  [12000/22926] | Loss: 74092.710 | PSNR: 6.902 | MSE: 0.74092710 | BPP: 1.9776 | QP: 63
2026-07-13 15:20:01,613 [INFO ]  [12050/22926] | Loss: 74088.991 | PSNR: 6.902 | MSE: 0.74088991 | BPP: 1.9776 | QP: 63
2026-07-13 15:20:06,838 [INFO ]  [12100/22926] | Loss: 74086.884 | PSNR: 6.902 | MSE: 0.74086884 | BPP: 1.9776 | QP: 63
2026-07-13 15:20:12,029 [INFO ]  [12150/22926] | Loss: 74092.416 | PSNR: 6.902 | MSE: 0.74092416 | BPP: 1.9776 | QP: 63
2026-07-13 15:20:17,123 [INFO ]  [12200/22926] | Loss: 74085.083 | PSNR: 6.903 | MSE: 0.74085083 | BPP: 1.9776 | QP: 63
2026-07-13 15:20:22,313 [INFO ]  [12250/22926] | Loss: 74080.378 | PSNR: 6.903 | MSE: 0.74080378 | BPP: 1.9776 | QP: 63
2026-07-13 15:20:27,533 [INFO ]  [12300/22926] | Loss: 74074.656 | PSNR: 6.904 | MSE: 0.74074656 | BPP: 1.9776 | QP: 63
2026-07-13 15:20:32,769 [INFO ]  [12350/22926] | Loss: 74076.087 | PSNR: 6.904 | MSE: 0.74076087 | BPP: 1.9776 | QP: 63
2026-07-13 15:20:37,919 [INFO ]  [12400/22926] | Loss: 74073.083 | PSNR: 6.904 | MSE: 0.74073083 | BPP: 1.9776 | QP: 63
2026-07-13 15:20:43,062 [INFO ]  [12450/22926] | Loss: 74073.773 | PSNR: 6.905 | MSE: 0.74073773 | BPP: 1.9776 | QP: 63
2026-07-13 15:20:48,292 [INFO ]  [12500/22926] | Loss: 74067.851 | PSNR: 6.905 | MSE: 0.74067851 | BPP: 1.9776 | QP: 63
2026-07-13 15:20:53,399 [INFO ]  [12550/22926] | Loss: 74066.761 | PSNR: 6.905 | MSE: 0.74066761 | BPP: 1.9776 | QP: 63
2026-07-13 15:20:58,524 [INFO ]  [12600/22926] | Loss: 74068.084 | PSNR: 6.905 | MSE: 0.74068084 | BPP: 1.9776 | QP: 63
2026-07-13 15:21:03,699 [INFO ]  [12650/22926] | Loss: 74071.073 | PSNR: 6.905 | MSE: 0.74071073 | BPP: 1.9776 | QP: 63
2026-07-13 15:21:08,943 [INFO ]  [12700/22926] | Loss: 74079.630 | PSNR: 6.904 | MSE: 0.74079630 | BPP: 1.9776 | QP: 63
2026-07-13 15:21:13,990 [INFO ]  [12750/22926] | Loss: 74079.264 | PSNR: 6.904 | MSE: 0.74079264 | BPP: 1.9776 | QP: 63
2026-07-13 15:21:18,846 [INFO ]  [12800/22926] | Loss: 74087.306 | PSNR: 6.903 | MSE: 0.74087307 | BPP: 1.9776 | QP: 63
2026-07-13 15:21:23,826 [INFO ]  [12850/22926] | Loss: 74095.249 | PSNR: 6.903 | MSE: 0.74095249 | BPP: 1.9776 | QP: 63
2026-07-13 15:21:28,708 [INFO ]  [12900/22926] | Loss: 74089.242 | PSNR: 6.903 | MSE: 0.74089242 | BPP: 1.9776 | QP: 63
2026-07-13 15:21:33,654 [INFO ]  [12950/22926] | Loss: 74094.770 | PSNR: 6.903 | MSE: 0.74094770 | BPP: 1.9776 | QP: 63
2026-07-13 15:21:38,678 [INFO ]  [13000/22926] | Loss: 74098.942 | PSNR: 6.902 | MSE: 0.74098942 | BPP: 1.9776 | QP: 63
2026-07-13 15:21:43,829 [INFO ]  [13050/22926] | Loss: 74095.292 | PSNR: 6.903 | MSE: 0.74095292 | BPP: 1.9776 | QP: 63
2026-07-13 15:21:48,934 [INFO ]  [13100/22926] | Loss: 74095.969 | PSNR: 6.902 | MSE: 0.74095969 | BPP: 1.9776 | QP: 63
2026-07-13 15:21:54,054 [INFO ]  [13150/22926] | Loss: 74094.474 | PSNR: 6.902 | MSE: 0.74094474 | BPP: 1.9775 | QP: 63
2026-07-13 15:21:59,165 [INFO ]  [13200/22926] | Loss: 74094.162 | PSNR: 6.903 | MSE: 0.74094162 | BPP: 1.9775 | QP: 63
2026-07-13 15:22:04,267 [INFO ]  [13250/22926] | Loss: 74094.700 | PSNR: 6.902 | MSE: 0.74094700 | BPP: 1.9775 | QP: 63
2026-07-13 15:22:09,398 [INFO ]  [13300/22926] | Loss: 74091.013 | PSNR: 6.903 | MSE: 0.74091013 | BPP: 1.9775 | QP: 63
2026-07-13 15:22:14,630 [INFO ]  [13350/22926] | Loss: 74091.016 | PSNR: 6.903 | MSE: 0.74091016 | BPP: 1.9775 | QP: 63
2026-07-13 15:22:19,873 [INFO ]  [13400/22926] | Loss: 74084.157 | PSNR: 6.904 | MSE: 0.74084157 | BPP: 1.9775 | QP: 63
2026-07-13 15:22:25,023 [INFO ]  [13450/22926] | Loss: 74077.809 | PSNR: 6.905 | MSE: 0.74077809 | BPP: 1.9775 | QP: 63
2026-07-13 15:22:30,173 [INFO ]  [13500/22926] | Loss: 74075.108 | PSNR: 6.905 | MSE: 0.74075108 | BPP: 1.9775 | QP: 63
2026-07-13 15:22:35,275 [INFO ]  [13550/22926] | Loss: 74077.665 | PSNR: 6.904 | MSE: 0.74077665 | BPP: 1.9775 | QP: 63
2026-07-13 15:22:40,378 [INFO ]  [13600/22926] | Loss: 74079.368 | PSNR: 6.904 | MSE: 0.74079368 | BPP: 1.9775 | QP: 63
2026-07-13 15:22:45,467 [INFO ]  [13650/22926] | Loss: 74080.363 | PSNR: 6.904 | MSE: 0.74080363 | BPP: 1.9775 | QP: 63
2026-07-13 15:22:50,616 [INFO ]  [13700/22926] | Loss: 74081.002 | PSNR: 6.904 | MSE: 0.74081002 | BPP: 1.9775 | QP: 63
2026-07-13 15:22:55,731 [INFO ]  [13750/22926] | Loss: 74079.069 | PSNR: 6.904 | MSE: 0.74079069 | BPP: 1.9775 | QP: 63
2026-07-13 15:23:00,910 [INFO ]  [13800/22926] | Loss: 74075.328 | PSNR: 6.904 | MSE: 0.74075328 | BPP: 1.9775 | QP: 63
2026-07-13 15:23:06,155 [INFO ]  [13850/22926] | Loss: 74077.705 | PSNR: 6.904 | MSE: 0.74077705 | BPP: 1.9775 | QP: 63
2026-07-13 15:23:11,258 [INFO ]  [13900/22926] | Loss: 74079.935 | PSNR: 6.904 | MSE: 0.74079935 | BPP: 1.9775 | QP: 63
2026-07-13 15:23:16,404 [INFO ]  [13950/22926] | Loss: 74087.779 | PSNR: 6.903 | MSE: 0.74087779 | BPP: 1.9775 | QP: 63
2026-07-13 15:23:21,501 [INFO ]  [14000/22926] | Loss: 74081.082 | PSNR: 6.904 | MSE: 0.74081082 | BPP: 1.9775 | QP: 63
2026-07-13 15:23:26,616 [INFO ]  [14050/22926] | Loss: 74079.529 | PSNR: 6.904 | MSE: 0.74079529 | BPP: 1.9775 | QP: 63
2026-07-13 15:23:31,761 [INFO ]  [14100/22926] | Loss: 74076.148 | PSNR: 6.904 | MSE: 0.74076148 | BPP: 1.9775 | QP: 63
2026-07-13 15:23:36,903 [INFO ]  [14150/22926] | Loss: 74074.864 | PSNR: 6.904 | MSE: 0.74074864 | BPP: 1.9775 | QP: 63
2026-07-13 15:23:42,053 [INFO ]  [14200/22926] | Loss: 74067.498 | PSNR: 6.905 | MSE: 0.74067498 | BPP: 1.9775 | QP: 63
2026-07-13 15:23:47,208 [INFO ]  [14250/22926] | Loss: 74072.905 | PSNR: 6.904 | MSE: 0.74072905 | BPP: 1.9775 | QP: 63
2026-07-13 15:23:52,400 [INFO ]  [14300/22926] | Loss: 74071.747 | PSNR: 6.904 | MSE: 0.74071747 | BPP: 1.9774 | QP: 63
2026-07-13 15:23:57,523 [INFO ]  [14350/22926] | Loss: 74071.302 | PSNR: 6.905 | MSE: 0.74071302 | BPP: 1.9774 | QP: 63
2026-07-13 15:24:02,711 [INFO ]  [14400/22926] | Loss: 74068.275 | PSNR: 6.905 | MSE: 0.74068275 | BPP: 1.9774 | QP: 63
2026-07-13 15:24:07,955 [INFO ]  [14450/22926] | Loss: 74069.173 | PSNR: 6.905 | MSE: 0.74069173 | BPP: 1.9774 | QP: 63
2026-07-13 15:24:13,302 [INFO ]  [14500/22926] | Loss: 74067.865 | PSNR: 6.905 | MSE: 0.74067865 | BPP: 1.9774 | QP: 63
2026-07-13 15:24:18,498 [INFO ]  [14550/22926] | Loss: 74072.555 | PSNR: 6.904 | MSE: 0.74072555 | BPP: 1.9774 | QP: 63
2026-07-13 15:24:23,591 [INFO ]  [14600/22926] | Loss: 74069.038 | PSNR: 6.904 | MSE: 0.74069038 | BPP: 1.9774 | QP: 63
2026-07-13 15:24:28,757 [INFO ]  [14650/22926] | Loss: 74070.897 | PSNR: 6.904 | MSE: 0.74070897 | BPP: 1.9774 | QP: 63
2026-07-13 15:24:33,893 [INFO ]  [14700/22926] | Loss: 74071.407 | PSNR: 6.904 | MSE: 0.74071407 | BPP: 1.9774 | QP: 63
2026-07-13 15:24:38,991 [INFO ]  [14750/22926] | Loss: 74078.251 | PSNR: 6.903 | MSE: 0.74078251 | BPP: 1.9774 | QP: 63
2026-07-13 15:24:44,207 [INFO ]  [14800/22926] | Loss: 74082.339 | PSNR: 6.903 | MSE: 0.74082339 | BPP: 1.9774 | QP: 63
2026-07-13 15:24:49,389 [INFO ]  [14850/22926] | Loss: 74077.151 | PSNR: 6.904 | MSE: 0.74077151 | BPP: 1.9774 | QP: 63
2026-07-13 15:24:54,596 [INFO ]  [14900/22926] | Loss: 74083.865 | PSNR: 6.904 | MSE: 0.74083865 | BPP: 1.9774 | QP: 63
2026-07-13 15:24:59,760 [INFO ]  [14950/22926] | Loss: 74087.021 | PSNR: 6.903 | MSE: 0.74087021 | BPP: 1.9774 | QP: 63
2026-07-13 15:25:04,875 [INFO ]  [15000/22926] | Loss: 74087.873 | PSNR: 6.903 | MSE: 0.74087873 | BPP: 1.9774 | QP: 63
2026-07-13 15:25:10,029 [INFO ]  [15050/22926] | Loss: 74089.895 | PSNR: 6.903 | MSE: 0.74089895 | BPP: 1.9774 | QP: 63
2026-07-13 15:25:15,190 [INFO ]  [15100/22926] | Loss: 74091.452 | PSNR: 6.903 | MSE: 0.74091452 | BPP: 1.9774 | QP: 63
2026-07-13 15:25:20,370 [INFO ]  [15150/22926] | Loss: 74080.758 | PSNR: 6.905 | MSE: 0.74080758 | BPP: 1.9774 | QP: 63
2026-07-13 15:25:25,497 [INFO ]  [15200/22926] | Loss: 74079.774 | PSNR: 6.905 | MSE: 0.74079774 | BPP: 1.9774 | QP: 63
2026-07-13 15:25:30,576 [INFO ]  [15250/22926] | Loss: 74086.520 | PSNR: 6.904 | MSE: 0.74086520 | BPP: 1.9774 | QP: 63
2026-07-13 15:25:35,698 [INFO ]  [15300/22926] | Loss: 74083.577 | PSNR: 6.904 | MSE: 0.74083577 | BPP: 1.9774 | QP: 63
2026-07-13 15:25:40,953 [INFO ]  [15350/22926] | Loss: 74084.766 | PSNR: 6.904 | MSE: 0.74084766 | BPP: 1.9774 | QP: 63
2026-07-13 15:25:46,159 [INFO ]  [15400/22926] | Loss: 74092.520 | PSNR: 6.903 | MSE: 0.74092520 | BPP: 1.9774 | QP: 63
2026-07-13 15:25:51,329 [INFO ]  [15450/22926] | Loss: 74094.260 | PSNR: 6.903 | MSE: 0.74094260 | BPP: 1.9774 | QP: 63
2026-07-13 15:25:56,531 [INFO ]  [15500/22926] | Loss: 74096.828 | PSNR: 6.902 | MSE: 0.74096828 | BPP: 1.9774 | QP: 63
2026-07-13 15:26:01,698 [INFO ]  [15550/22926] | Loss: 74093.799 | PSNR: 6.903 | MSE: 0.74093799 | BPP: 1.9773 | QP: 63
2026-07-13 15:26:06,834 [INFO ]  [15600/22926] | Loss: 74092.388 | PSNR: 6.903 | MSE: 0.74092388 | BPP: 1.9773 | QP: 63
2026-07-13 15:26:12,057 [INFO ]  [15650/22926] | Loss: 74083.560 | PSNR: 6.904 | MSE: 0.74083560 | BPP: 1.9773 | QP: 63
2026-07-13 15:26:17,215 [INFO ]  [15700/22926] | Loss: 74085.194 | PSNR: 6.904 | MSE: 0.74085194 | BPP: 1.9773 | QP: 63
2026-07-13 15:26:22,407 [INFO ]  [15750/22926] | Loss: 74085.703 | PSNR: 6.904 | MSE: 0.74085703 | BPP: 1.9773 | QP: 63
2026-07-13 15:26:27,576 [INFO ]  [15800/22926] | Loss: 74081.656 | PSNR: 6.904 | MSE: 0.74081656 | BPP: 1.9773 | QP: 63
2026-07-13 15:26:32,749 [INFO ]  [15850/22926] | Loss: 74076.105 | PSNR: 6.905 | MSE: 0.74076105 | BPP: 1.9773 | QP: 63
2026-07-13 15:26:37,920 [INFO ]  [15900/22926] | Loss: 74074.771 | PSNR: 6.905 | MSE: 0.74074771 | BPP: 1.9773 | QP: 63
2026-07-13 15:26:43,067 [INFO ]  [15950/22926] | Loss: 74075.616 | PSNR: 6.905 | MSE: 0.74075616 | BPP: 1.9773 | QP: 63
2026-07-13 15:26:48,165 [INFO ]  [16000/22926] | Loss: 74071.802 | PSNR: 6.905 | MSE: 0.74071802 | BPP: 1.9773 | QP: 63
2026-07-13 15:26:53,392 [INFO ]  [16050/22926] | Loss: 74077.127 | PSNR: 6.905 | MSE: 0.74077127 | BPP: 1.9773 | QP: 63
2026-07-13 15:26:58,630 [INFO ]  [16100/22926] | Loss: 74075.523 | PSNR: 6.905 | MSE: 0.74075523 | BPP: 1.9773 | QP: 63
2026-07-13 15:27:03,838 [INFO ]  [16150/22926] | Loss: 74088.481 | PSNR: 6.904 | MSE: 0.74088481 | BPP: 1.9773 | QP: 63
2026-07-13 15:27:08,942 [INFO ]  [16200/22926] | Loss: 74089.323 | PSNR: 6.904 | MSE: 0.74089323 | BPP: 1.9773 | QP: 63
2026-07-13 15:27:14,307 [INFO ]  [16250/22926] | Loss: 74096.162 | PSNR: 6.903 | MSE: 0.74096162 | BPP: 1.9773 | QP: 63
2026-07-13 15:27:19,449 [INFO ]  [16300/22926] | Loss: 74095.806 | PSNR: 6.903 | MSE: 0.74095806 | BPP: 1.9773 | QP: 63
2026-07-13 15:27:24,585 [INFO ]  [16350/22926] | Loss: 74099.269 | PSNR: 6.902 | MSE: 0.74099269 | BPP: 1.9773 | QP: 63
2026-07-13 15:27:29,710 [INFO ]  [16400/22926] | Loss: 74103.602 | PSNR: 6.902 | MSE: 0.74103602 | BPP: 1.9773 | QP: 63
2026-07-13 15:27:34,967 [INFO ]  [16450/22926] | Loss: 74101.078 | PSNR: 6.902 | MSE: 0.74101078 | BPP: 1.9773 | QP: 63
2026-07-13 15:27:40,082 [INFO ]  [16500/22926] | Loss: 74100.811 | PSNR: 6.902 | MSE: 0.74100811 | BPP: 1.9773 | QP: 63
2026-07-13 15:27:45,188 [INFO ]  [16550/22926] | Loss: 74093.024 | PSNR: 6.903 | MSE: 0.74093024 | BPP: 1.9773 | QP: 63
2026-07-13 15:27:50,243 [INFO ]  [16600/22926] | Loss: 74086.767 | PSNR: 6.904 | MSE: 0.74086767 | BPP: 1.9773 | QP: 63
2026-07-13 15:27:55,376 [INFO ]  [16650/22926] | Loss: 74089.535 | PSNR: 6.903 | MSE: 0.74089535 | BPP: 1.9773 | QP: 63
2026-07-13 15:28:00,526 [INFO ]  [16700/22926] | Loss: 74092.931 | PSNR: 6.903 | MSE: 0.74092931 | BPP: 1.9773 | QP: 63
2026-07-13 15:28:05,546 [INFO ]  [16750/22926] | Loss: 74097.840 | PSNR: 6.902 | MSE: 0.74097840 | BPP: 1.9773 | QP: 63
2026-07-13 15:28:10,662 [INFO ]  [16800/22926] | Loss: 74096.143 | PSNR: 6.903 | MSE: 0.74096143 | BPP: 1.9773 | QP: 63
2026-07-13 15:28:15,796 [INFO ]  [16850/22926] | Loss: 74094.748 | PSNR: 6.903 | MSE: 0.74094748 | BPP: 1.9773 | QP: 63
2026-07-13 15:28:20,881 [INFO ]  [16900/22926] | Loss: 74090.769 | PSNR: 6.903 | MSE: 0.74090769 | BPP: 1.9772 | QP: 63
2026-07-13 15:28:26,006 [INFO ]  [16950/22926] | Loss: 74087.795 | PSNR: 6.904 | MSE: 0.74087795 | BPP: 1.9772 | QP: 63
2026-07-13 15:28:31,121 [INFO ]  [17000/22926] | Loss: 74089.688 | PSNR: 6.904 | MSE: 0.74089688 | BPP: 1.9772 | QP: 63
2026-07-13 15:28:36,169 [INFO ]  [17050/22926] | Loss: 74088.046 | PSNR: 6.904 | MSE: 0.74088046 | BPP: 1.9772 | QP: 63
2026-07-13 15:28:41,200 [INFO ]  [17100/22926] | Loss: 74084.616 | PSNR: 6.904 | MSE: 0.74084616 | BPP: 1.9772 | QP: 63
2026-07-13 15:28:46,366 [INFO ]  [17150/22926] | Loss: 74084.926 | PSNR: 6.905 | MSE: 0.74084926 | BPP: 1.9772 | QP: 63
2026-07-13 15:28:51,448 [INFO ]  [17200/22926] | Loss: 74083.142 | PSNR: 6.905 | MSE: 0.74083142 | BPP: 1.9772 | QP: 63
2026-07-13 15:28:56,500 [INFO ]  [17250/22926] | Loss: 74083.552 | PSNR: 6.905 | MSE: 0.74083552 | BPP: 1.9772 | QP: 63
2026-07-13 15:29:01,558 [INFO ]  [17300/22926] | Loss: 74089.676 | PSNR: 6.904 | MSE: 0.74089676 | BPP: 1.9772 | QP: 63
2026-07-13 15:29:06,666 [INFO ]  [17350/22926] | Loss: 74092.978 | PSNR: 6.904 | MSE: 0.74092978 | BPP: 1.9772 | QP: 63
2026-07-13 15:29:11,811 [INFO ]  [17400/22926] | Loss: 74094.447 | PSNR: 6.904 | MSE: 0.74094447 | BPP: 1.9772 | QP: 63
2026-07-13 15:29:16,906 [INFO ]  [17450/22926] | Loss: 74085.783 | PSNR: 6.905 | MSE: 0.74085783 | BPP: 1.9772 | QP: 63
2026-07-13 15:29:22,039 [INFO ]  [17500/22926] | Loss: 74083.404 | PSNR: 6.905 | MSE: 0.74083404 | BPP: 1.9772 | QP: 63
2026-07-13 15:29:27,149 [INFO ]  [17550/22926] | Loss: 74086.141 | PSNR: 6.904 | MSE: 0.74086141 | BPP: 1.9772 | QP: 63
2026-07-13 15:29:32,251 [INFO ]  [17600/22926] | Loss: 74081.279 | PSNR: 6.905 | MSE: 0.74081279 | BPP: 1.9772 | QP: 63
2026-07-13 15:29:37,352 [INFO ]  [17650/22926] | Loss: 74079.048 | PSNR: 6.905 | MSE: 0.74079048 | BPP: 1.9772 | QP: 63
2026-07-13 15:29:42,426 [INFO ]  [17700/22926] | Loss: 74083.492 | PSNR: 6.904 | MSE: 0.74083492 | BPP: 1.9772 | QP: 63
2026-07-13 15:29:47,537 [INFO ]  [17750/22926] | Loss: 74082.533 | PSNR: 6.905 | MSE: 0.74082533 | BPP: 1.9772 | QP: 63
2026-07-13 15:29:52,540 [INFO ]  [17800/22926] | Loss: 74080.868 | PSNR: 6.905 | MSE: 0.74080868 | BPP: 1.9772 | QP: 63
2026-07-13 15:29:57,653 [INFO ]  [17850/22926] | Loss: 74084.487 | PSNR: 6.905 | MSE: 0.74084487 | BPP: 1.9772 | QP: 63
2026-07-13 15:30:02,762 [INFO ]  [17900/22926] | Loss: 74083.515 | PSNR: 6.905 | MSE: 0.74083515 | BPP: 1.9772 | QP: 63
2026-07-13 15:30:07,949 [INFO ]  [17950/22926] | Loss: 74090.628 | PSNR: 6.904 | MSE: 0.74090628 | BPP: 1.9772 | QP: 63
2026-07-13 15:30:13,111 [INFO ]  [18000/22926] | Loss: 74088.710 | PSNR: 6.904 | MSE: 0.74088710 | BPP: 1.9772 | QP: 63
2026-07-13 15:30:18,493 [INFO ]  [18050/22926] | Loss: 74088.603 | PSNR: 6.904 | MSE: 0.74088603 | BPP: 1.9772 | QP: 63
2026-07-13 15:30:23,602 [INFO ]  [18100/22926] | Loss: 74084.623 | PSNR: 6.904 | MSE: 0.74084623 | BPP: 1.9772 | QP: 63
2026-07-13 15:30:28,748 [INFO ]  [18150/22926] | Loss: 74086.511 | PSNR: 6.904 | MSE: 0.74086511 | BPP: 1.9772 | QP: 63
2026-07-13 15:30:33,904 [INFO ]  [18200/22926] | Loss: 74091.400 | PSNR: 6.904 | MSE: 0.74091400 | BPP: 1.9771 | QP: 63
2026-07-13 15:30:39,044 [INFO ]  [18250/22926] | Loss: 74091.575 | PSNR: 6.904 | MSE: 0.74091575 | BPP: 1.9771 | QP: 63
2026-07-13 15:30:44,225 [INFO ]  [18300/22926] | Loss: 74095.339 | PSNR: 6.903 | MSE: 0.74095339 | BPP: 1.9771 | QP: 63
2026-07-13 15:30:49,326 [INFO ]  [18350/22926] | Loss: 74098.571 | PSNR: 6.903 | MSE: 0.74098571 | BPP: 1.9771 | QP: 63
2026-07-13 15:30:54,551 [INFO ]  [18400/22926] | Loss: 74095.683 | PSNR: 6.904 | MSE: 0.74095683 | BPP: 1.9771 | QP: 63
2026-07-13 15:30:59,752 [INFO ]  [18450/22926] | Loss: 74093.921 | PSNR: 6.904 | MSE: 0.74093921 | BPP: 1.9771 | QP: 63
2026-07-13 15:31:04,967 [INFO ]  [18500/22926] | Loss: 74093.936 | PSNR: 6.904 | MSE: 0.74093936 | BPP: 1.9771 | QP: 63
2026-07-13 15:31:10,128 [INFO ]  [18550/22926] | Loss: 74093.285 | PSNR: 6.904 | MSE: 0.74093285 | BPP: 1.9771 | QP: 63
2026-07-13 15:31:15,237 [INFO ]  [18600/22926] | Loss: 74099.308 | PSNR: 6.903 | MSE: 0.74099308 | BPP: 1.9771 | QP: 63
2026-07-13 15:31:20,322 [INFO ]  [18650/22926] | Loss: 74094.165 | PSNR: 6.903 | MSE: 0.74094165 | BPP: 1.9771 | QP: 63
2026-07-13 15:31:25,396 [INFO ]  [18700/22926] | Loss: 74098.731 | PSNR: 6.903 | MSE: 0.74098731 | BPP: 1.9771 | QP: 63
2026-07-13 15:31:30,429 [INFO ]  [18750/22926] | Loss: 74096.754 | PSNR: 6.903 | MSE: 0.74096754 | BPP: 1.9771 | QP: 63
2026-07-13 15:31:35,507 [INFO ]  [18800/22926] | Loss: 74097.125 | PSNR: 6.903 | MSE: 0.74097125 | BPP: 1.9771 | QP: 63
2026-07-13 15:31:40,599 [INFO ]  [18850/22926] | Loss: 74094.043 | PSNR: 6.904 | MSE: 0.74094043 | BPP: 1.9771 | QP: 63
2026-07-13 15:31:45,651 [INFO ]  [18900/22926] | Loss: 74096.601 | PSNR: 6.903 | MSE: 0.74096601 | BPP: 1.9771 | QP: 63
2026-07-13 15:31:50,749 [INFO ]  [18950/22926] | Loss: 74094.734 | PSNR: 6.904 | MSE: 0.74094734 | BPP: 1.9771 | QP: 63
2026-07-13 15:31:55,822 [INFO ]  [19000/22926] | Loss: 74097.297 | PSNR: 6.903 | MSE: 0.74097297 | BPP: 1.9771 | QP: 63
2026-07-13 15:32:00,918 [INFO ]  [19050/22926] | Loss: 74109.437 | PSNR: 6.902 | MSE: 0.74109437 | BPP: 1.9771 | QP: 63
2026-07-13 15:32:05,965 [INFO ]  [19100/22926] | Loss: 74109.783 | PSNR: 6.902 | MSE: 0.74109783 | BPP: 1.9771 | QP: 63
2026-07-13 15:32:11,074 [INFO ]  [19150/22926] | Loss: 74110.086 | PSNR: 6.902 | MSE: 0.74110086 | BPP: 1.9771 | QP: 63
2026-07-13 15:32:16,196 [INFO ]  [19200/22926] | Loss: 74111.595 | PSNR: 6.902 | MSE: 0.74111595 | BPP: 1.9771 | QP: 63
2026-07-13 15:32:21,280 [INFO ]  [19250/22926] | Loss: 74110.357 | PSNR: 6.902 | MSE: 0.74110357 | BPP: 1.9771 | QP: 63
2026-07-13 15:32:26,196 [INFO ]  [19300/22926] | Loss: 74106.395 | PSNR: 6.903 | MSE: 0.74106395 | BPP: 1.9771 | QP: 63
2026-07-13 15:32:31,243 [INFO ]  [19350/22926] | Loss: 74109.536 | PSNR: 6.902 | MSE: 0.74109536 | BPP: 1.9771 | QP: 63
2026-07-13 15:32:36,317 [INFO ]  [19400/22926] | Loss: 74112.710 | PSNR: 6.902 | MSE: 0.74112710 | BPP: 1.9770 | QP: 63
2026-07-13 15:32:41,389 [INFO ]  [19450/22926] | Loss: 74112.581 | PSNR: 6.902 | MSE: 0.74112581 | BPP: 1.9770 | QP: 63
2026-07-13 15:32:46,545 [INFO ]  [19500/22926] | Loss: 74118.664 | PSNR: 6.901 | MSE: 0.74118664 | BPP: 1.9770 | QP: 63
2026-07-13 15:32:51,724 [INFO ]  [19550/22926] | Loss: 74120.220 | PSNR: 6.901 | MSE: 0.74120220 | BPP: 1.9770 | QP: 63
2026-07-13 15:32:56,844 [INFO ]  [19600/22926] | Loss: 74118.097 | PSNR: 6.902 | MSE: 0.74118097 | BPP: 1.9770 | QP: 63
2026-07-13 15:33:01,944 [INFO ]  [19650/22926] | Loss: 74114.286 | PSNR: 6.902 | MSE: 0.74114286 | BPP: 1.9770 | QP: 63
2026-07-13 15:33:06,981 [INFO ]  [19700/22926] | Loss: 74114.718 | PSNR: 6.902 | MSE: 0.74114718 | BPP: 1.9770 | QP: 63
2026-07-13 15:33:12,039 [INFO ]  [19750/22926] | Loss: 74116.894 | PSNR: 6.902 | MSE: 0.74116894 | BPP: 1.9770 | QP: 63
2026-07-13 15:33:17,058 [INFO ]  [19800/22926] | Loss: 74112.623 | PSNR: 6.902 | MSE: 0.74112623 | BPP: 1.9770 | QP: 63
2026-07-13 15:33:22,312 [INFO ]  [19850/22926] | Loss: 74120.958 | PSNR: 6.901 | MSE: 0.74120958 | BPP: 1.9770 | QP: 63
2026-07-13 15:33:27,393 [INFO ]  [19900/22926] | Loss: 74132.343 | PSNR: 6.901 | MSE: 0.74132343 | BPP: 1.9770 | QP: 63
2026-07-13 15:33:32,445 [INFO ]  [19950/22926] | Loss: 74144.345 | PSNR: 6.900 | MSE: 0.74144345 | BPP: 1.9770 | QP: 63
2026-07-13 15:33:37,532 [INFO ]  [20000/22926] | Loss: 74159.578 | PSNR: 6.899 | MSE: 0.74159578 | BPP: 1.9770 | QP: 63
2026-07-13 15:33:42,584 [INFO ]  [20050/22926] | Loss: 74171.762 | PSNR: 6.898 | MSE: 0.74171762 | BPP: 1.9770 | QP: 63
2026-07-13 15:33:47,641 [INFO ]  [20100/22926] | Loss: 74183.844 | PSNR: 6.898 | MSE: 0.74183844 | BPP: 1.9770 | QP: 63
2026-07-13 15:33:52,638 [INFO ]  [20150/22926] | Loss: 74201.046 | PSNR: 6.896 | MSE: 0.74201046 | BPP: 1.9770 | QP: 63
2026-07-13 15:33:57,705 [INFO ]  [20200/22926] | Loss: 74210.006 | PSNR: 6.896 | MSE: 0.74210006 | BPP: 1.9770 | QP: 63
2026-07-13 15:34:02,768 [INFO ]  [20250/22926] | Loss: 74220.809 | PSNR: 6.896 | MSE: 0.74220809 | BPP: 1.9770 | QP: 63
2026-07-13 15:34:07,817 [INFO ]  [20300/22926] | Loss: 74232.749 | PSNR: 6.895 | MSE: 0.74232749 | BPP: 1.9770 | QP: 63
2026-07-13 15:34:12,728 [INFO ]  [20350/22926] | Loss: 74245.287 | PSNR: 6.894 | MSE: 0.74245287 | BPP: 1.9770 | QP: 63
2026-07-13 15:34:17,784 [INFO ]  [20400/22926] | Loss: 74258.950 | PSNR: 6.893 | MSE: 0.74258950 | BPP: 1.9770 | QP: 63
2026-07-13 15:34:22,864 [INFO ]  [20450/22926] | Loss: 74270.106 | PSNR: 6.893 | MSE: 0.74270106 | BPP: 1.9770 | QP: 63
2026-07-13 15:34:28,020 [INFO ]  [20500/22926] | Loss: 74283.412 | PSNR: 6.892 | MSE: 0.74283412 | BPP: 1.9770 | QP: 63
2026-07-13 15:34:33,216 [INFO ]  [20550/22926] | Loss: 74297.513 | PSNR: 6.891 | MSE: 0.74297513 | BPP: 1.9770 | QP: 63
2026-07-13 15:34:38,315 [INFO ]  [20600/22926] | Loss: 74308.388 | PSNR: 6.891 | MSE: 0.74308388 | BPP: 1.9770 | QP: 63
2026-07-13 15:34:43,473 [INFO ]  [20650/22926] | Loss: 74316.448 | PSNR: 6.890 | MSE: 0.74316448 | BPP: 1.9770 | QP: 63
2026-07-13 15:34:48,595 [INFO ]  [20700/22926] | Loss: 74323.849 | PSNR: 6.890 | MSE: 0.74323849 | BPP: 1.9769 | QP: 63
2026-07-13 15:34:53,731 [INFO ]  [20750/22926] | Loss: 74336.312 | PSNR: 6.890 | MSE: 0.74336312 | BPP: 1.9769 | QP: 63
2026-07-13 15:34:58,820 [INFO ]  [20800/22926] | Loss: 74346.702 | PSNR: 6.889 | MSE: 0.74346702 | BPP: 1.9769 | QP: 63
2026-07-13 15:35:03,946 [INFO ]  [20850/22926] | Loss: 74357.839 | PSNR: 6.888 | MSE: 0.74357839 | BPP: 1.9769 | QP: 63
2026-07-13 15:35:09,093 [INFO ]  [20900/22926] | Loss: 74369.485 | PSNR: 6.888 | MSE: 0.74369485 | BPP: 1.9769 | QP: 63
2026-07-13 15:35:14,227 [INFO ]  [20950/22926] | Loss: 74381.636 | PSNR: 6.887 | MSE: 0.74381636 | BPP: 1.9769 | QP: 63
2026-07-13 15:35:19,426 [INFO ]  [21000/22926] | Loss: 74393.630 | PSNR: 6.886 | MSE: 0.74393630 | BPP: 1.9769 | QP: 63
2026-07-13 15:35:24,645 [INFO ]  [21050/22926] | Loss: 74403.916 | PSNR: 6.886 | MSE: 0.74403916 | BPP: 1.9769 | QP: 63
2026-07-13 15:35:29,695 [INFO ]  [21100/22926] | Loss: 74414.522 | PSNR: 6.885 | MSE: 0.74414522 | BPP: 1.9769 | QP: 63
2026-07-13 15:35:34,839 [INFO ]  [21150/22926] | Loss: 74424.586 | PSNR: 6.885 | MSE: 0.74424586 | BPP: 1.9769 | QP: 63
2026-07-13 15:35:39,867 [INFO ]  [21200/22926] | Loss: 74431.913 | PSNR: 6.885 | MSE: 0.74431913 | BPP: 1.9769 | QP: 63
2026-07-13 15:35:44,932 [INFO ]  [21250/22926] | Loss: 74447.261 | PSNR: 6.884 | MSE: 0.74447261 | BPP: 1.9769 | QP: 63
2026-07-13 15:35:49,984 [INFO ]  [21300/22926] | Loss: 74458.611 | PSNR: 6.883 | MSE: 0.74458611 | BPP: 1.9769 | QP: 63
2026-07-13 15:35:55,052 [INFO ]  [21350/22926] | Loss: 74469.617 | PSNR: 6.882 | MSE: 0.74469617 | BPP: 1.9769 | QP: 63
2026-07-13 15:36:00,099 [INFO ]  [21400/22926] | Loss: 74481.506 | PSNR: 6.882 | MSE: 0.74481506 | BPP: 1.9769 | QP: 63
2026-07-13 15:36:05,283 [INFO ]  [21450/22926] | Loss: 74490.866 | PSNR: 6.881 | MSE: 0.74490866 | BPP: 1.9769 | QP: 63
2026-07-13 15:36:10,375 [INFO ]  [21500/22926] | Loss: 74503.018 | PSNR: 6.881 | MSE: 0.74503018 | BPP: 1.9769 | QP: 63
2026-07-13 15:36:15,666 [INFO ]  [21550/22926] | Loss: 74512.528 | PSNR: 6.880 | MSE: 0.74512528 | BPP: 1.9769 | QP: 63
2026-07-13 15:36:20,880 [INFO ]  [21600/22926] | Loss: 74523.038 | PSNR: 6.880 | MSE: 0.74523038 | BPP: 1.9769 | QP: 63
2026-07-13 15:36:26,128 [INFO ]  [21650/22926] | Loss: 74533.224 | PSNR: 6.879 | MSE: 0.74533224 | BPP: 1.9769 | QP: 63
2026-07-13 15:36:31,323 [INFO ]  [21700/22926] | Loss: 74545.221 | PSNR: 6.878 | MSE: 0.74545221 | BPP: 1.9769 | QP: 63
2026-07-13 15:36:36,425 [INFO ]  [21750/22926] | Loss: 74557.107 | PSNR: 6.878 | MSE: 0.74557107 | BPP: 1.9769 | QP: 63
2026-07-13 15:36:41,513 [INFO ]  [21800/22926] | Loss: 74568.292 | PSNR: 6.877 | MSE: 0.74568292 | BPP: 1.9769 | QP: 63
2026-07-13 15:36:46,641 [INFO ]  [21850/22926] | Loss: 74578.672 | PSNR: 6.876 | MSE: 0.74578672 | BPP: 1.9769 | QP: 63
2026-07-13 15:36:51,752 [INFO ]  [21900/22926] | Loss: 74589.596 | PSNR: 6.876 | MSE: 0.74589596 | BPP: 1.9769 | QP: 63
2026-07-13 15:36:56,836 [INFO ]  [21950/22926] | Loss: 74600.582 | PSNR: 6.875 | MSE: 0.74600582 | BPP: 1.9769 | QP: 63
2026-07-13 15:37:01,929 [INFO ]  [22000/22926] | Loss: 74612.688 | PSNR: 6.874 | MSE: 0.74612688 | BPP: 1.9769 | QP: 63
2026-07-13 15:37:07,069 [INFO ]  [22050/22926] | Loss: 74623.912 | PSNR: 6.874 | MSE: 0.74623912 | BPP: 1.9769 | QP: 63
2026-07-13 15:37:12,160 [INFO ]  [22100/22926] | Loss: 74632.792 | PSNR: 6.873 | MSE: 0.74632792 | BPP: 1.9768 | QP: 63
2026-07-13 15:37:17,214 [INFO ]  [22150/22926] | Loss: 74644.883 | PSNR: 6.873 | MSE: 0.74644883 | BPP: 1.9768 | QP: 63
2026-07-13 15:37:22,283 [INFO ]  [22200/22926] | Loss: 74652.558 | PSNR: 6.872 | MSE: 0.74652558 | BPP: 1.9768 | QP: 63
2026-07-13 15:37:27,420 [INFO ]  [22250/22926] | Loss: 74661.623 | PSNR: 6.872 | MSE: 0.74661623 | BPP: 1.9768 | QP: 63
2026-07-13 15:37:32,551 [INFO ]  [22300/22926] | Loss: 74670.127 | PSNR: 6.871 | MSE: 0.74670127 | BPP: 1.9768 | QP: 63
2026-07-13 15:37:37,657 [INFO ]  [22350/22926] | Loss: 74682.208 | PSNR: 6.871 | MSE: 0.74682208 | BPP: 1.9768 | QP: 63
2026-07-13 15:37:42,705 [INFO ]  [22400/22926] | Loss: 74691.824 | PSNR: 6.870 | MSE: 0.74691824 | BPP: 1.9768 | QP: 63
2026-07-13 15:37:47,833 [INFO ]  [22450/22926] | Loss: 74705.659 | PSNR: 6.869 | MSE: 0.74705659 | BPP: 1.9768 | QP: 63
2026-07-13 15:37:52,974 [INFO ]  [22500/22926] | Loss: 74716.986 | PSNR: 6.869 | MSE: 0.74716986 | BPP: 1.9768 | QP: 63
2026-07-13 15:37:58,126 [INFO ]  [22550/22926] | Loss: 74725.586 | PSNR: 6.868 | MSE: 0.74725586 | BPP: 1.9768 | QP: 63
2026-07-13 15:38:03,342 [INFO ]  [22600/22926] | Loss: 74736.255 | PSNR: 6.868 | MSE: 0.74736255 | BPP: 1.9768 | QP: 63
2026-07-13 15:38:08,532 [INFO ]  [22650/22926] | Loss: 74746.573 | PSNR: 6.867 | MSE: 0.74746573 | BPP: 1.9768 | QP: 63
2026-07-13 15:38:13,630 [INFO ]  [22700/22926] | Loss: 74758.473 | PSNR: 6.867 | MSE: 0.74758473 | BPP: 1.9768 | QP: 63
2026-07-13 15:38:18,780 [INFO ]  [22750/22926] | Loss: 74769.578 | PSNR: 6.866 | MSE: 0.74769578 | BPP: 1.9768 | QP: 63
2026-07-13 15:38:23,888 [INFO ]  [22800/22926] | Loss: 74777.016 | PSNR: 6.866 | MSE: 0.74777016 | BPP: 1.9768 | QP: 63
2026-07-13 15:38:28,953 [INFO ]  [22850/22926] | Loss: 74788.772 | PSNR: 6.865 | MSE: 0.74788772 | BPP: 1.9768 | QP: 63
2026-07-13 15:38:34,079 [INFO ]  [22900/22926] | Loss: 74796.981 | PSNR: 6.864 | MSE: 0.74796981 | BPP: 1.9768 | QP: 63
2026-07-13 15:38:36,426 [INFO ]  Train epoch 5: Loss: 74815.542 | PSNR: 6.864 | MSE: 0.74815542 | BPP: 1.9768
2026-07-13 15:38:36,427 [INFO ]  No test_filelist is set; using train loss for checkpoint selection.
2026-07-13 15:38:37,132 [INFO ]  Global step updated to: 137556
2026-07-13 15:38:37,132 [INFO ]  ====== Current epoch 6 ======
2026-07-13 15:38:37,132 [INFO ]  Learning rate: 0.0001
2026-07-13 15:38:37,324 [INFO ]  [0/22926] | Loss: 80729.734 | PSNR: 6.397 | MSE: 0.80729735 | BPP: 1.9749 | QP: 63
2026-07-13 15:38:42,434 [INFO ]  [50/22926] | Loss: 78557.186 | PSNR: 6.711 | MSE: 0.78557187 | BPP: 1.9746 | QP: 63
