2026-07-19 21:06:44,301 [INFO ]  Logging file is ./pretrained_uf/DCVCUFIntra/3/20260719_210644.log
2026-07-19 21:06:44,302 [INFO ]  ======================= 2026-07-19_21_06_43 =======================
2026-07-19 21:06:44,302 [INFO ]  model: DCVCUFIntra
2026-07-19 21:06:44,302 [INFO ]  train_root: None
2026-07-19 21:06:44,302 [INFO ]  train_filelist: /home/admin1/Data/data/vimeo_septuplet/train_filelist.txt
2026-07-19 21:06:44,302 [INFO ]  val_dataset: None
2026-07-19 21:06:44,302 [INFO ]  val_filelist: /home/admin1/Data/data/vimeo_septuplet/val_filelist.txt
2026-07-19 21:06:44,303 [INFO ]  epochs: 120
2026-07-19 21:06:44,303 [INFO ]  learning_rate: 0.0001
2026-07-19 21:06:44,303 [INFO ]  num_workers: 4
2026-07-19 21:06:44,303 [INFO ]  quality_level: 3
2026-07-19 21:06:44,303 [INFO ]  batch_size: 4
2026-07-19 21:06:44,303 [INFO ]  val_batch_size: 1
2026-07-19 21:06:44,303 [INFO ]  patch_size: (256, 256)
2026-07-19 21:06:44,303 [INFO ]  chunk_size: 8
2026-07-19 21:06:44,303 [INFO ]  gop: 8
2026-07-19 21:06:44,303 [INFO ]  val_gop: 8
2026-07-19 21:06:44,304 [INFO ]  q_num: 64
2026-07-19 21:06:44,304 [INFO ]  test_qp: 63
2026-07-19 21:06:44,304 [INFO ]  warmup_epochs: 20
2026-07-19 21:06:44,304 [INFO ]  qp_warmup_epochs: 48
2026-07-19 21:06:44,304 [INFO ]  cuda: True
2026-07-19 21:06:44,304 [INFO ]  save: True
2026-07-19 21:06:44,304 [INFO ]  seed: 7
2026-07-19 21:06:44,304 [INFO ]  clip_max_norm: 1.0
2026-07-19 21:06:44,304 [INFO ]  local_rank: 0
2026-07-19 21:06:44,304 [INFO ]  checkpoint: None
2026-07-19 21:06:44,305 [INFO ]  output_dir: ./pretrained_uf
2026-07-19 21:06:44,305 [INFO ]  name: 2026-07-19_21_06_43
2026-07-19 21:06:44,305 [INFO ]  log_interval: 500
2026-07-19 21:06:44,305 [INFO ]  check_exists: False
2026-07-19 21:06:44,305 [INFO ]  max_samples: None
2026-07-19 21:06:44,305 [INFO ]  pad_last: True
2026-07-19 21:06:44,305 [INFO ]  drop_last: False
2026-07-19 21:06:44,305 [INFO ]  distributed: True
2026-07-19 21:06:44,305 [INFO ]  ========================================
2026-07-19 21:06:49,210 [INFO ]  ====== Current epoch 0 ======
2026-07-19 21:06:49,210 [INFO ]  Learning rate: 0.0001
2026-07-19 21:06:51,110 [INFO ]  [0/4586] | Loss: 1919.499 | PSNR: 7.168 | MSE: 0.19194989 | BPP: 0.2955 | QP: 63
2026-07-19 21:07:42,553 [INFO ]  [500/4586] | Loss: 408.540 | PSNR: 13.888 | MSE: 0.04085397 | BPP: 0.2645 | QP: 63
2026-07-19 21:08:34,708 [INFO ]  [1000/4586] | Loss: 347.945 | PSNR: 14.585 | MSE: 0.03479448 | BPP: 0.3674 | QP: 63
2026-07-19 21:09:26,868 [INFO ]  [1500/4586] | Loss: 295.741 | PSNR: 15.291 | MSE: 0.02957412 | BPP: 0.4424 | QP: 63
2026-07-19 21:10:18,305 [INFO ]  [2000/4586] | Loss: 257.757 | PSNR: 15.888 | MSE: 0.02577573 | BPP: 0.5007 | QP: 63
2026-07-19 21:11:10,626 [INFO ]  [2500/4586] | Loss: 227.982 | PSNR: 16.421 | MSE: 0.02279820 | BPP: 0.5461 | QP: 63
2026-07-19 21:12:02,388 [INFO ]  [3000/4586] | Loss: 204.164 | PSNR: 16.900 | MSE: 0.02041645 | BPP: 0.5830 | QP: 63
2026-07-19 21:12:54,478 [INFO ]  [3500/4586] | Loss: 183.445 | PSNR: 17.365 | MSE: 0.01834449 | BPP: 0.6131 | QP: 63
2026-07-19 21:13:46,520 [INFO ]  [4000/4586] | Loss: 165.880 | PSNR: 17.802 | MSE: 0.01658799 | BPP: 0.6395 | QP: 63
2026-07-19 21:14:38,775 [INFO ]  [4500/4586] | Loss: 151.485 | PSNR: 18.196 | MSE: 0.01514847 | BPP: 0.6628 | QP: 63
2026-07-19 21:14:47,637 [INFO ]  Train epoch 0: Loss: 149.168 | PSNR: 18.263 | MSE: 0.01491684 | BPP: 0.6661
2026-07-19 21:15:46,589 [INFO ]  Val epoch 0: Loss: 32.060 | PSNR: 24.940 | MSE: 0.00320605 | BPP: 0.8562
2026-07-19 21:15:47,621 [INFO ]  Checkpoint epoch 0: best model saved: yes | current loss: 32.060463 | best loss: 32.060463
2026-07-19 21:15:47,621 [INFO ]  Global step updated to: 4586
2026-07-19 21:15:47,621 [INFO ]  ====== Current epoch 1 ======
2026-07-19 21:15:47,621 [INFO ]  Learning rate: 0.0001
2026-07-19 21:15:48,098 [INFO ]  [0/4586] | Loss: 33.754 | PSNR: 24.717 | MSE: 0.00337536 | BPP: 0.8469 | QP: 63
2026-07-19 21:16:40,576 [INFO ]  [500/4586] | Loss: 31.442 | PSNR: 25.025 | MSE: 0.00314421 | BPP: 0.8820 | QP: 63
2026-07-19 21:17:31,762 [INFO ]  [1000/4586] | Loss: 29.530 | PSNR: 25.297 | MSE: 0.00295300 | BPP: 0.8869 | QP: 63
2026-07-19 21:18:25,440 [INFO ]  [1500/4586] | Loss: 28.485 | PSNR: 25.454 | MSE: 0.00284854 | BPP: 0.8951 | QP: 63
2026-07-19 21:19:19,196 [INFO ]  [2000/4586] | Loss: 26.909 | PSNR: 25.701 | MSE: 0.00269089 | BPP: 0.9050 | QP: 63
2026-07-19 21:20:10,931 [INFO ]  [2500/4586] | Loss: 25.315 | PSNR: 25.966 | MSE: 0.00253151 | BPP: 0.9123 | QP: 63
2026-07-19 21:21:05,513 [INFO ]  [3000/4586] | Loss: 23.855 | PSNR: 26.224 | MSE: 0.00238554 | BPP: 0.9184 | QP: 63
2026-07-19 21:22:02,095 [INFO ]  [3500/4586] | Loss: 22.389 | PSNR: 26.500 | MSE: 0.00223887 | BPP: 0.9245 | QP: 63
2026-07-19 21:22:58,169 [INFO ]  [4000/4586] | Loss: 21.269 | PSNR: 26.722 | MSE: 0.00212692 | BPP: 0.9296 | QP: 63
2026-07-19 21:23:54,149 [INFO ]  [4500/4586] | Loss: 20.350 | PSNR: 26.914 | MSE: 0.00203500 | BPP: 0.9331 | QP: 63
2026-07-19 21:24:03,400 [INFO ]  Train epoch 1: Loss: 20.207 | PSNR: 26.945 | MSE: 0.00202069 | BPP: 0.9334
2026-07-19 21:25:02,727 [INFO ]  Val epoch 1: Loss: 12.494 | PSNR: 29.033 | MSE: 0.00124937 | BPP: 0.9602
2026-07-19 21:25:03,929 [INFO ]  Checkpoint epoch 1: best model saved: yes | current loss: 12.493727 | best loss: 12.493727
2026-07-19 21:25:03,929 [INFO ]  Global step updated to: 9172
2026-07-19 21:25:03,930 [INFO ]  ====== Current epoch 2 ======
2026-07-19 21:25:03,930 [INFO ]  Learning rate: 0.0001
2026-07-19 21:25:04,424 [INFO ]  [0/4586] | Loss: 14.994 | PSNR: 28.241 | MSE: 0.00149939 | BPP: 1.0024 | QP: 63
2026-07-19 21:25:58,326 [INFO ]  [500/4586] | Loss: 12.005 | PSNR: 29.206 | MSE: 0.00120048 | BPP: 0.9570 | QP: 63
2026-07-19 21:26:52,247 [INFO ]  [1000/4586] | Loss: 11.428 | PSNR: 29.420 | MSE: 0.00114278 | BPP: 0.9605 | QP: 63
2026-07-19 21:27:45,690 [INFO ]  [1500/4586] | Loss: 10.838 | PSNR: 29.650 | MSE: 0.00108383 | BPP: 0.9651 | QP: 63
2026-07-19 21:28:41,067 [INFO ]  [2000/4586] | Loss: 10.389 | PSNR: 29.834 | MSE: 0.00103888 | BPP: 0.9691 | QP: 63
2026-07-19 21:29:37,901 [INFO ]  [2500/4586] | Loss: 10.121 | PSNR: 29.948 | MSE: 0.00101209 | BPP: 0.9738 | QP: 63
2026-07-19 21:30:34,255 [INFO ]  [3000/4586] | Loss: 9.919 | PSNR: 30.035 | MSE: 0.00099193 | BPP: 0.9771 | QP: 63
2026-07-19 21:31:29,298 [INFO ]  [3500/4586] | Loss: 9.749 | PSNR: 30.110 | MSE: 0.00097491 | BPP: 0.9804 | QP: 63
2026-07-19 21:32:24,574 [INFO ]  [4000/4586] | Loss: 9.590 | PSNR: 30.182 | MSE: 0.00095903 | BPP: 0.9832 | QP: 63
2026-07-19 21:33:21,116 [INFO ]  [4500/4586] | Loss: 9.462 | PSNR: 30.240 | MSE: 0.00094615 | BPP: 0.9858 | QP: 63
2026-07-19 21:33:30,189 [INFO ]  Train epoch 2: Loss: 9.488 | PSNR: 30.228 | MSE: 0.00094875 | BPP: 0.9865
2026-07-19 21:34:26,929 [INFO ]  Val epoch 2: Loss: 8.088 | PSNR: 30.921 | MSE: 0.00080885 | BPP: 1.0058
2026-07-19 21:34:28,056 [INFO ]  Checkpoint epoch 2: best model saved: yes | current loss: 8.088480 | best loss: 8.088480
2026-07-19 21:34:28,057 [INFO ]  Global step updated to: 13758
2026-07-19 21:34:28,057 [INFO ]  ====== Current epoch 3 ======
2026-07-19 21:34:28,057 [INFO ]  Learning rate: 0.0001
2026-07-19 21:34:28,535 [INFO ]  [0/4586] | Loss: 10.276 | PSNR: 29.882 | MSE: 0.00102758 | BPP: 1.0432 | QP: 63
2026-07-19 21:35:23,759 [INFO ]  [500/4586] | Loss: 7.114 | PSNR: 31.479 | MSE: 0.00071142 | BPP: 1.0108 | QP: 63
2026-07-19 21:36:21,156 [INFO ]  [1000/4586] | Loss: 6.779 | PSNR: 31.688 | MSE: 0.00067788 | BPP: 1.0127 | QP: 63
2026-07-19 21:37:16,724 [INFO ]  [1500/4586] | Loss: 6.640 | PSNR: 31.778 | MSE: 0.00066400 | BPP: 1.0130 | QP: 63
2026-07-19 21:38:11,476 [INFO ]  [2000/4586] | Loss: 6.475 | PSNR: 31.888 | MSE: 0.00064750 | BPP: 1.0129 | QP: 63
2026-07-19 21:39:06,874 [INFO ]  [2500/4586] | Loss: 6.402 | PSNR: 31.937 | MSE: 0.00064019 | BPP: 1.0142 | QP: 63
2026-07-19 21:40:01,622 [INFO ]  [3000/4586] | Loss: 6.327 | PSNR: 31.988 | MSE: 0.00063274 | BPP: 1.0156 | QP: 63
2026-07-19 21:40:56,624 [INFO ]  [3500/4586] | Loss: 6.272 | PSNR: 32.026 | MSE: 0.00062725 | BPP: 1.0168 | QP: 63
2026-07-19 21:41:51,764 [INFO ]  [4000/4586] | Loss: 6.192 | PSNR: 32.082 | MSE: 0.00061922 | BPP: 1.0178 | QP: 63
2026-07-19 21:42:48,349 [INFO ]  [4500/4586] | Loss: 6.150 | PSNR: 32.111 | MSE: 0.00061498 | BPP: 1.0188 | QP: 63
2026-07-19 21:42:57,987 [INFO ]  Train epoch 3: Loss: 6.154 | PSNR: 32.108 | MSE: 0.00061543 | BPP: 1.0196
2026-07-19 21:43:51,071 [INFO ]  Val epoch 3: Loss: 5.353 | PSNR: 32.714 | MSE: 0.00053527 | BPP: 1.0260
2026-07-19 21:43:52,174 [INFO ]  Checkpoint epoch 3: best model saved: yes | current loss: 5.352725 | best loss: 5.352725
2026-07-19 21:43:52,174 [INFO ]  Global step updated to: 18344
2026-07-19 21:43:52,174 [INFO ]  ====== Current epoch 4 ======
2026-07-19 21:43:52,174 [INFO ]  Learning rate: 0.0001
2026-07-19 21:43:52,644 [INFO ]  [0/4586] | Loss: 10.523 | PSNR: 29.779 | MSE: 0.00105226 | BPP: 1.0533 | QP: 63
2026-07-19 21:44:48,997 [INFO ]  [500/4586] | Loss: 5.737 | PSNR: 32.413 | MSE: 0.00057373 | BPP: 1.0323 | QP: 63
2026-07-19 21:45:45,177 [INFO ]  [1000/4586] | Loss: 5.606 | PSNR: 32.513 | MSE: 0.00056064 | BPP: 1.0340 | QP: 63
2026-07-19 21:46:40,550 [INFO ]  [1500/4586] | Loss: 5.527 | PSNR: 32.575 | MSE: 0.00055267 | BPP: 1.0359 | QP: 63
2026-07-19 21:47:36,965 [INFO ]  [2000/4586] | Loss: 5.510 | PSNR: 32.589 | MSE: 0.00055095 | BPP: 1.0373 | QP: 63
2026-07-19 21:48:32,553 [INFO ]  [2500/4586] | Loss: 5.477 | PSNR: 32.614 | MSE: 0.00054773 | BPP: 1.0376 | QP: 63
2026-07-19 21:49:28,841 [INFO ]  [3000/4586] | Loss: 5.455 | PSNR: 32.632 | MSE: 0.00054550 | BPP: 1.0381 | QP: 63
2026-07-19 21:50:25,646 [INFO ]  [3500/4586] | Loss: 5.417 | PSNR: 32.663 | MSE: 0.00054168 | BPP: 1.0387 | QP: 63
2026-07-19 21:51:23,627 [INFO ]  [4000/4586] | Loss: 123.033 | PSNR: 19.100 | MSE: 0.01230326 | BPP: 1.0882 | QP: 63
2026-07-19 21:52:20,348 [INFO ]  [4500/4586] | Loss: 376.382 | PSNR: 14.244 | MSE: 0.03763816 | BPP: 1.1878 | QP: 63
2026-07-19 21:52:29,585 [INFO ]  Train epoch 4: Loss: 416.968 | PSNR: 13.799 | MSE: 0.04169682 | BPP: 1.2025
2026-07-19 21:53:21,155 [INFO ]  Val epoch 4: Loss: 2576.674 | PSNR: 5.889 | MSE: 0.25766738 | BPP: 1.9852
2026-07-19 21:53:21,948 [INFO ]  Checkpoint epoch 4: best model saved: no | current loss: 2576.673844 | best loss: 5.352725
2026-07-19 21:53:21,948 [INFO ]  Global step updated to: 22930
2026-07-19 21:53:21,949 [INFO ]  ====== Current epoch 5 ======
2026-07-19 21:53:21,949 [INFO ]  Learning rate: 0.0001
2026-07-19 21:53:22,487 [INFO ]  [0/4586] | Loss: 2669.472 | PSNR: 5.736 | MSE: 0.26694715 | BPP: 1.9854 | QP: 63
2026-07-19 21:54:19,391 [INFO ]  [500/4586] | Loss: 2546.213 | PSNR: 5.941 | MSE: 0.25462131 | BPP: 1.9852 | QP: 63
2026-07-19 21:55:16,743 [INFO ]  [1000/4586] | Loss: 2586.208 | PSNR: 5.873 | MSE: 0.25862085 | BPP: 1.9852 | QP: 63
2026-07-19 21:56:14,841 [INFO ]  [1500/4586] | Loss: 2632.432 | PSNR: 5.796 | MSE: 0.26324318 | BPP: 1.9852 | QP: 63
2026-07-19 21:57:12,313 [INFO ]  [2000/4586] | Loss: 2641.196 | PSNR: 5.782 | MSE: 0.26411956 | BPP: 1.9852 | QP: 63
2026-07-19 21:58:10,901 [INFO ]  [2500/4586] | Loss: 2650.329 | PSNR: 5.767 | MSE: 0.26503292 | BPP: 1.9852 | QP: 63
2026-07-19 21:59:09,011 [INFO ]  [3000/4586] | Loss: 2650.546 | PSNR: 5.767 | MSE: 0.26505457 | BPP: 1.9852 | QP: 63
2026-07-19 22:00:06,577 [INFO ]  [3500/4586] | Loss: 2640.521 | PSNR: 5.783 | MSE: 0.26405214 | BPP: 1.9852 | QP: 63
2026-07-19 22:01:04,512 [INFO ]  [4000/4586] | Loss: 2633.463 | PSNR: 5.795 | MSE: 0.26334634 | BPP: 1.9852 | QP: 63
2026-07-19 22:02:03,283 [INFO ]  [4500/4586] | Loss: 2627.501 | PSNR: 5.805 | MSE: 0.26275012 | BPP: 1.9852 | QP: 63
2026-07-19 22:02:12,999 [INFO ]  Train epoch 5: Loss: 2626.696 | PSNR: 5.806 | MSE: 0.26266961 | BPP: 1.9852
2026-07-19 22:03:05,589 [INFO ]  Val epoch 5: Loss: 2576.682 | PSNR: 5.889 | MSE: 0.25766820 | BPP: 1.9853
2026-07-19 22:03:06,384 [INFO ]  Checkpoint epoch 5: best model saved: no | current loss: 2576.681984 | best loss: 5.352725
2026-07-19 22:03:06,384 [INFO ]  Global step updated to: 27516
2026-07-19 22:03:06,384 [INFO ]  ====== Current epoch 6 ======
2026-07-19 22:03:06,384 [INFO ]  Learning rate: 0.0001
2026-07-19 22:03:06,838 [INFO ]  [0/4586] | Loss: 2728.135 | PSNR: 5.641 | MSE: 0.27281350 | BPP: 1.9853 | QP: 63
2026-07-19 22:04:03,278 [INFO ]  [500/4586] | Loss: 2456.364 | PSNR: 6.097 | MSE: 0.24563645 | BPP: 1.9852 | QP: 63
2026-07-19 22:05:01,279 [INFO ]  [1000/4586] | Loss: 2467.371 | PSNR: 6.078 | MSE: 0.24673707 | BPP: 1.9852 | QP: 63
2026-07-19 22:05:58,021 [INFO ]  [1500/4586] | Loss: 2488.389 | PSNR: 6.041 | MSE: 0.24883887 | BPP: 1.9852 | QP: 63
2026-07-19 22:06:56,578 [INFO ]  [2000/4586] | Loss: 2502.575 | PSNR: 6.016 | MSE: 0.25025755 | BPP: 1.9852 | QP: 63
2026-07-19 22:07:54,098 [INFO ]  [2500/4586] | Loss: 2522.937 | PSNR: 5.981 | MSE: 0.25229374 | BPP: 1.9852 | QP: 63
2026-07-19 22:08:51,490 [INFO ]  [3000/4586] | Loss: 2546.275 | PSNR: 5.941 | MSE: 0.25462753 | BPP: 1.9852 | QP: 63
2026-07-19 22:09:49,670 [INFO ]  [3500/4586] | Loss: 2569.281 | PSNR: 5.902 | MSE: 0.25692812 | BPP: 1.9853 | QP: 63
2026-07-19 22:10:47,821 [INFO ]  [4000/4586] | Loss: 2586.832 | PSNR: 5.872 | MSE: 0.25868324 | BPP: 1.9853 | QP: 63
2026-07-19 22:11:44,984 [INFO ]  [4500/4586] | Loss: 2590.774 | PSNR: 5.866 | MSE: 0.25907741 | BPP: 1.9853 | QP: 63
2026-07-19 22:11:54,031 [INFO ]  Train epoch 6: Loss: 2592.948 | PSNR: 5.862 | MSE: 0.25929481 | BPP: 1.9853
2026-07-19 22:12:45,718 [INFO ]  Val epoch 6: Loss: 2561.177 | PSNR: 5.916 | MSE: 0.25611767 | BPP: 1.9853
2026-07-19 22:12:46,480 [INFO ]  Checkpoint epoch 6: best model saved: no | current loss: 2561.176736 | best loss: 5.352725
2026-07-19 22:12:46,481 [INFO ]  Global step updated to: 32102
2026-07-19 22:12:46,481 [INFO ]  ====== Current epoch 7 ======
2026-07-19 22:12:46,481 [INFO ]  Learning rate: 0.0001
2026-07-19 22:12:47,003 [INFO ]  [0/4586] | Loss: 2752.710 | PSNR: 5.602 | MSE: 0.27527106 | BPP: 1.9853 | QP: 63
2026-07-19 22:13:43,515 [INFO ]  [500/4586] | Loss: 2558.695 | PSNR: 5.920 | MSE: 0.25586951 | BPP: 1.9853 | QP: 63
2026-07-19 22:14:39,448 [INFO ]  [1000/4586] | Loss: 2564.528 | PSNR: 5.910 | MSE: 0.25645277 | BPP: 1.9853 | QP: 63
2026-07-19 22:15:34,806 [INFO ]  [1500/4586] | Loss: 2569.350 | PSNR: 5.902 | MSE: 0.25693498 | BPP: 1.9853 | QP: 63
2026-07-19 22:16:31,352 [INFO ]  [2000/4586] | Loss: 2569.770 | PSNR: 5.901 | MSE: 0.25697698 | BPP: 1.9853 | QP: 63
2026-07-19 22:17:27,383 [INFO ]  [2500/4586] | Loss: 2570.996 | PSNR: 5.899 | MSE: 0.25709963 | BPP: 1.9853 | QP: 63
2026-07-19 22:18:22,312 [INFO ]  [3000/4586] | Loss: 2570.698 | PSNR: 5.899 | MSE: 0.25706984 | BPP: 1.9853 | QP: 63
2026-07-19 22:19:17,441 [INFO ]  [3500/4586] | Loss: 2572.703 | PSNR: 5.896 | MSE: 0.25727030 | BPP: 1.9853 | QP: 63
2026-07-19 22:20:12,205 [INFO ]  [4000/4586] | Loss: 2587.375 | PSNR: 5.871 | MSE: 0.25873753 | BPP: 1.9852 | QP: 63
2026-07-19 22:21:08,016 [INFO ]  [4500/4586] | Loss: 2597.784 | PSNR: 5.854 | MSE: 0.25977844 | BPP: 1.9850 | QP: 63
2026-07-19 22:21:16,963 [INFO ]  Train epoch 7: Loss: 2597.797 | PSNR: 5.854 | MSE: 0.25977967 | BPP: 1.9850
2026-07-19 22:22:07,403 [INFO ]  Val epoch 7: Loss: 2677.558 | PSNR: 5.723 | MSE: 0.26775576 | BPP: 1.9834
2026-07-19 22:22:08,275 [INFO ]  Checkpoint epoch 7: best model saved: no | current loss: 2677.557563 | best loss: 5.352725
2026-07-19 22:22:08,275 [INFO ]  Global step updated to: 36688
2026-07-19 22:22:08,275 [INFO ]  ====== Current epoch 8 ======
2026-07-19 22:22:08,275 [INFO ]  Learning rate: 0.0001
2026-07-19 22:22:08,769 [INFO ]  [0/4586] | Loss: 2699.202 | PSNR: 5.688 | MSE: 0.26992020 | BPP: 1.9846 | QP: 63
2026-07-19 22:23:04,160 [INFO ]  [500/4586] | Loss: 2678.809 | PSNR: 5.721 | MSE: 0.26788092 | BPP: 1.9833 | QP: 63
2026-07-19 22:23:58,667 [INFO ]  [1000/4586] | Loss: 2680.685 | PSNR: 5.718 | MSE: 0.26806847 | BPP: 1.9834 | QP: 63
2026-07-19 22:24:53,656 [INFO ]  [1500/4586] | Loss: 2680.278 | PSNR: 5.718 | MSE: 0.26802782 | BPP: 1.9833 | QP: 63
2026-07-19 22:25:48,162 [INFO ]  [2000/4586] | Loss: 2678.620 | PSNR: 5.721 | MSE: 0.26786204 | BPP: 1.9833 | QP: 63
2026-07-19 22:26:42,700 [INFO ]  [2500/4586] | Loss: 2678.379 | PSNR: 5.721 | MSE: 0.26783792 | BPP: 1.9833 | QP: 63
2026-07-19 22:27:37,156 [INFO ]  [3000/4586] | Loss: 2678.845 | PSNR: 5.721 | MSE: 0.26788454 | BPP: 1.9833 | QP: 63
2026-07-19 22:28:30,454 [INFO ]  [3500/4586] | Loss: 2679.524 | PSNR: 5.719 | MSE: 0.26795243 | BPP: 1.9833 | QP: 63
2026-07-19 22:29:23,930 [INFO ]  [4000/4586] | Loss: 2679.985 | PSNR: 5.719 | MSE: 0.26799854 | BPP: 1.9832 | QP: 63
2026-07-19 22:30:17,366 [INFO ]  [4500/4586] | Loss: 2680.352 | PSNR: 5.718 | MSE: 0.26803522 | BPP: 1.9832 | QP: 63
2026-07-19 22:30:25,880 [INFO ]  Train epoch 8: Loss: 2679.791 | PSNR: 5.719 | MSE: 0.26797911 | BPP: 1.9832
2026-07-19 22:31:20,486 [INFO ]  Val epoch 8: Loss: 2677.569 | PSNR: 5.723 | MSE: 0.26775688 | BPP: 1.9831
2026-07-19 22:31:21,234 [INFO ]  Checkpoint epoch 8: best model saved: no | current loss: 2677.568786 | best loss: 5.352725
2026-07-19 22:31:21,234 [INFO ]  Global step updated to: 41274
2026-07-19 22:31:21,234 [INFO ]  ====== Current epoch 9 ======
2026-07-19 22:31:21,234 [INFO ]  Learning rate: 0.0001
2026-07-19 22:31:21,922 [INFO ]  [0/4586] | Loss: 2631.498 | PSNR: 5.798 | MSE: 0.26314980 | BPP: 1.9808 | QP: 63
2026-07-19 22:32:17,674 [INFO ]  [500/4586] | Loss: 2675.518 | PSNR: 5.726 | MSE: 0.26755177 | BPP: 1.9831 | QP: 63
2026-07-19 22:33:12,329 [INFO ]  [1000/4586] | Loss: 2674.713 | PSNR: 5.727 | MSE: 0.26747125 | BPP: 1.9830 | QP: 63
2026-07-19 22:34:07,140 [INFO ]  [1500/4586] | Loss: 2675.647 | PSNR: 5.726 | MSE: 0.26756470 | BPP: 1.9830 | QP: 63
2026-07-19 22:35:00,480 [INFO ]  [2000/4586] | Loss: 2675.770 | PSNR: 5.726 | MSE: 0.26757700 | BPP: 1.9830 | QP: 63
2026-07-19 22:35:56,622 [INFO ]  [2500/4586] | Loss: 2676.632 | PSNR: 5.724 | MSE: 0.26766322 | BPP: 1.9830 | QP: 63
2026-07-19 22:36:51,695 [INFO ]  [3000/4586] | Loss: 2677.450 | PSNR: 5.723 | MSE: 0.26774504 | BPP: 1.9830 | QP: 63
2026-07-19 22:37:46,499 [INFO ]  [3500/4586] | Loss: 2677.996 | PSNR: 5.722 | MSE: 0.26779960 | BPP: 1.9829 | QP: 63
2026-07-19 22:38:42,124 [INFO ]  [4000/4586] | Loss: 2677.986 | PSNR: 5.722 | MSE: 0.26779860 | BPP: 1.9829 | QP: 63
2026-07-19 22:39:36,507 [INFO ]  [4500/4586] | Loss: 2677.897 | PSNR: 5.722 | MSE: 0.26778966 | BPP: 1.9829 | QP: 63
2026-07-19 22:39:45,432 [INFO ]  Train epoch 9: Loss: 2679.614 | PSNR: 5.719 | MSE: 0.26796144 | BPP: 1.9829
2026-07-19 22:40:40,820 [INFO ]  Val epoch 9: Loss: 2677.634 | PSNR: 5.722 | MSE: 0.26776337 | BPP: 1.9828
2026-07-19 22:40:41,567 [INFO ]  Checkpoint epoch 9: best model saved: no | current loss: 2677.633736 | best loss: 5.352725
2026-07-19 22:40:41,568 [INFO ]  Global step updated to: 45860
2026-07-19 22:40:41,568 [INFO ]  ====== Current epoch 10 ======
2026-07-19 22:40:41,568 [INFO ]  Learning rate: 0.0001
2026-07-19 22:40:42,085 [INFO ]  [0/4586] | Loss: 2696.973 | PSNR: 5.691 | MSE: 0.26969731 | BPP: 1.9814 | QP: 63
2026-07-19 22:41:38,578 [INFO ]  [500/4586] | Loss: 2678.837 | PSNR: 5.721 | MSE: 0.26788365 | BPP: 1.9828 | QP: 63
2026-07-19 22:42:32,595 [INFO ]  [1000/4586] | Loss: 2681.799 | PSNR: 5.716 | MSE: 0.26817986 | BPP: 1.9827 | QP: 63
2026-07-19 22:43:22,170 [INFO ]  [1500/4586] | Loss: 2684.185 | PSNR: 5.712 | MSE: 0.26841846 | BPP: 1.9827 | QP: 63
2026-07-19 22:44:11,287 [INFO ]  [2000/4586] | Loss: 2682.375 | PSNR: 5.715 | MSE: 0.26823746 | BPP: 1.9826 | QP: 63
2026-07-19 22:44:59,943 [INFO ]  [2500/4586] | Loss: 2681.954 | PSNR: 5.715 | MSE: 0.26819535 | BPP: 1.9826 | QP: 63
2026-07-19 22:45:50,632 [INFO ]  [3000/4586] | Loss: 2681.722 | PSNR: 5.716 | MSE: 0.26817222 | BPP: 1.9826 | QP: 63
2026-07-19 22:46:40,245 [INFO ]  [3500/4586] | Loss: 2681.415 | PSNR: 5.716 | MSE: 0.26814154 | BPP: 1.9826 | QP: 63
2026-07-19 22:47:29,598 [INFO ]  [4000/4586] | Loss: 2680.381 | PSNR: 5.718 | MSE: 0.26803808 | BPP: 1.9826 | QP: 63
2026-07-19 22:48:19,942 [INFO ]  [4500/4586] | Loss: 2680.590 | PSNR: 5.718 | MSE: 0.26805898 | BPP: 1.9826 | QP: 63
2026-07-19 22:48:28,249 [INFO ]  Train epoch 10: Loss: 2679.744 | PSNR: 5.719 | MSE: 0.26797439 | BPP: 1.9826
2026-07-19 22:49:20,861 [INFO ]  Val epoch 10: Loss: 2677.604 | PSNR: 5.723 | MSE: 0.26776035 | BPP: 1.9824
2026-07-19 22:49:21,599 [INFO ]  Checkpoint epoch 10: best model saved: no | current loss: 2677.603550 | best loss: 5.352725
2026-07-19 22:49:21,599 [INFO ]  Global step updated to: 50446
2026-07-19 22:49:21,599 [INFO ]  ====== Current epoch 11 ======
2026-07-19 22:49:21,599 [INFO ]  Learning rate: 0.0001
2026-07-19 22:49:22,097 [INFO ]  [0/4586] | Loss: 2629.936 | PSNR: 5.801 | MSE: 0.26299360 | BPP: 1.9824 | QP: 63
2026-07-19 22:50:12,635 [INFO ]  [500/4586] | Loss: 2673.999 | PSNR: 5.728 | MSE: 0.26739989 | BPP: 1.9824 | QP: 63
2026-07-19 22:51:05,811 [INFO ]  [1000/4586] | Loss: 2678.153 | PSNR: 5.722 | MSE: 0.26781531 | BPP: 1.9824 | QP: 63
2026-07-19 22:51:59,042 [INFO ]  [1500/4586] | Loss: 2677.368 | PSNR: 5.723 | MSE: 0.26773685 | BPP: 1.9824 | QP: 63
2026-07-19 22:52:49,819 [INFO ]  [2000/4586] | Loss: 2677.703 | PSNR: 5.722 | MSE: 0.26777028 | BPP: 1.9823 | QP: 63
2026-07-19 22:53:40,219 [INFO ]  [2500/4586] | Loss: 2678.380 | PSNR: 5.721 | MSE: 0.26783799 | BPP: 1.9823 | QP: 63
2026-07-19 22:54:31,139 [INFO ]  [3000/4586] | Loss: 2678.577 | PSNR: 5.721 | MSE: 0.26785771 | BPP: 1.9822 | QP: 63
2026-07-19 22:55:22,986 [INFO ]  [3500/4586] | Loss: 2678.396 | PSNR: 5.721 | MSE: 0.26783961 | BPP: 1.9822 | QP: 63
2026-07-19 22:56:14,508 [INFO ]  [4000/4586] | Loss: 2678.859 | PSNR: 5.721 | MSE: 0.26788593 | BPP: 1.9822 | QP: 63
2026-07-19 22:57:06,765 [INFO ]  [4500/4586] | Loss: 2679.308 | PSNR: 5.720 | MSE: 0.26793084 | BPP: 1.9822 | QP: 63
2026-07-19 22:57:15,094 [INFO ]  Train epoch 11: Loss: 2679.628 | PSNR: 5.719 | MSE: 0.26796280 | BPP: 1.9822
2026-07-19 22:58:05,649 [INFO ]  Val epoch 11: Loss: 2677.670 | PSNR: 5.722 | MSE: 0.26776703 | BPP: 1.9820
2026-07-19 22:58:06,370 [INFO ]  Checkpoint epoch 11: best model saved: no | current loss: 2677.670279 | best loss: 5.352725
2026-07-19 22:58:06,370 [INFO ]  Global step updated to: 55032
2026-07-19 22:58:06,371 [INFO ]  ====== Current epoch 12 ======
2026-07-19 22:58:06,371 [INFO ]  Learning rate: 0.0001
2026-07-19 22:58:06,840 [INFO ]  [0/4586] | Loss: 2592.122 | PSNR: 5.863 | MSE: 0.25921220 | BPP: 1.9824 | QP: 63
2026-07-19 22:58:57,320 [INFO ]  [500/4586] | Loss: 2683.958 | PSNR: 5.712 | MSE: 0.26839577 | BPP: 1.9820 | QP: 63
2026-07-19 22:59:47,739 [INFO ]  [1000/4586] | Loss: 2680.204 | PSNR: 5.718 | MSE: 0.26802037 | BPP: 1.9819 | QP: 63
2026-07-19 23:00:37,886 [INFO ]  [1500/4586] | Loss: 2679.957 | PSNR: 5.719 | MSE: 0.26799572 | BPP: 1.9819 | QP: 63
2026-07-19 23:01:27,864 [INFO ]  [2000/4586] | Loss: 2679.033 | PSNR: 5.720 | MSE: 0.26790327 | BPP: 1.9818 | QP: 63
2026-07-19 23:02:19,453 [INFO ]  [2500/4586] | Loss: 2679.505 | PSNR: 5.719 | MSE: 0.26795047 | BPP: 1.9818 | QP: 63
2026-07-19 23:03:10,530 [INFO ]  [3000/4586] | Loss: 2679.129 | PSNR: 5.720 | MSE: 0.26791293 | BPP: 1.9818 | QP: 63
2026-07-19 23:04:00,577 [INFO ]  [3500/4586] | Loss: 2679.609 | PSNR: 5.719 | MSE: 0.26796092 | BPP: 1.9818 | QP: 63
2026-07-19 23:04:52,010 [INFO ]  [4000/4586] | Loss: 2679.980 | PSNR: 5.719 | MSE: 0.26799797 | BPP: 1.9817 | QP: 63
2026-07-19 23:05:42,380 [INFO ]  [4500/4586] | Loss: 2679.840 | PSNR: 5.719 | MSE: 0.26798396 | BPP: 1.9817 | QP: 63
2026-07-19 23:05:51,025 [INFO ]  Train epoch 12: Loss: 2679.791 | PSNR: 5.719 | MSE: 0.26797911 | BPP: 1.9817
2026-07-19 23:06:45,643 [INFO ]  Val epoch 12: Loss: 2677.731 | PSNR: 5.722 | MSE: 0.26777309 | BPP: 1.9814
2026-07-19 23:06:46,368 [INFO ]  Checkpoint epoch 12: best model saved: no | current loss: 2677.730947 | best loss: 5.352725
2026-07-19 23:06:46,368 [INFO ]  Global step updated to: 59618
2026-07-19 23:06:46,368 [INFO ]  ====== Current epoch 13 ======
2026-07-19 23:06:46,368 [INFO ]  Learning rate: 0.0001
2026-07-19 23:06:46,876 [INFO ]  [0/4586] | Loss: 2623.704 | PSNR: 5.811 | MSE: 0.26237035 | BPP: 1.9833 | QP: 63
2026-07-19 23:07:38,131 [INFO ]  [500/4586] | Loss: 2673.412 | PSNR: 5.729 | MSE: 0.26734124 | BPP: 1.9814 | QP: 63
2026-07-19 23:08:30,199 [INFO ]  [1000/4586] | Loss: 2675.293 | PSNR: 5.726 | MSE: 0.26752934 | BPP: 1.9813 | QP: 63
2026-07-19 23:09:21,377 [INFO ]  [1500/4586] | Loss: 2676.152 | PSNR: 5.725 | MSE: 0.26761520 | BPP: 1.9813 | QP: 63
2026-07-19 23:10:12,529 [INFO ]  [2000/4586] | Loss: 2677.156 | PSNR: 5.723 | MSE: 0.26771560 | BPP: 1.9813 | QP: 63
2026-07-19 23:11:03,979 [INFO ]  [2500/4586] | Loss: 2677.305 | PSNR: 5.723 | MSE: 0.26773053 | BPP: 1.9813 | QP: 63
2026-07-19 23:11:56,627 [INFO ]  [3000/4586] | Loss: 2678.140 | PSNR: 5.722 | MSE: 0.26781400 | BPP: 1.9812 | QP: 63
2026-07-19 23:12:47,910 [INFO ]  [3500/4586] | Loss: 2678.792 | PSNR: 5.721 | MSE: 0.26787919 | BPP: 1.9812 | QP: 63
2026-07-19 23:13:38,955 [INFO ]  [4000/4586] | Loss: 2679.342 | PSNR: 5.720 | MSE: 0.26793416 | BPP: 1.9812 | QP: 63
2026-07-19 23:14:30,860 [INFO ]  [4500/4586] | Loss: 2679.361 | PSNR: 5.720 | MSE: 0.26793611 | BPP: 1.9811 | QP: 63
2026-07-19 23:14:39,394 [INFO ]  Train epoch 13: Loss: 2679.981 | PSNR: 5.719 | MSE: 0.26799808 | BPP: 1.9810
2026-07-19 23:15:35,218 [INFO ]  Val epoch 13: Loss: 2677.770 | PSNR: 5.722 | MSE: 0.26777697 | BPP: 1.9807
2026-07-19 23:15:35,897 [INFO ]  Checkpoint epoch 13: best model saved: no | current loss: 2677.769710 | best loss: 5.352725
2026-07-19 23:15:35,898 [INFO ]  Global step updated to: 64204
2026-07-19 23:15:35,898 [INFO ]  ====== Current epoch 14 ======
2026-07-19 23:15:35,898 [INFO ]  Learning rate: 0.0001
2026-07-19 23:15:36,362 [INFO ]  [0/4586] | Loss: 2800.576 | PSNR: 5.528 | MSE: 0.28005761 | BPP: 1.9823 | QP: 63
2026-07-19 23:16:29,373 [INFO ]  [500/4586] | Loss: 2679.348 | PSNR: 5.720 | MSE: 0.26793480 | BPP: 1.9807 | QP: 63
2026-07-19 23:17:20,265 [INFO ]  [1000/4586] | Loss: 2678.961 | PSNR: 5.720 | MSE: 0.26789610 | BPP: 1.9806 | QP: 63
2026-07-19 23:18:10,865 [INFO ]  [1500/4586] | Loss: 2681.624 | PSNR: 5.716 | MSE: 0.26816244 | BPP: 1.9805 | QP: 63
2026-07-19 23:19:02,368 [INFO ]  [2000/4586] | Loss: 2679.136 | PSNR: 5.720 | MSE: 0.26791359 | BPP: 1.9805 | QP: 63
2026-07-19 23:19:54,434 [INFO ]  [2500/4586] | Loss: 2680.048 | PSNR: 5.719 | MSE: 0.26800479 | BPP: 1.9805 | QP: 63
2026-07-19 23:20:47,020 [INFO ]  [3000/4586] | Loss: 2680.104 | PSNR: 5.718 | MSE: 0.26801036 | BPP: 1.9804 | QP: 63
2026-07-19 23:21:39,096 [INFO ]  [3500/4586] | Loss: 2680.653 | PSNR: 5.718 | MSE: 0.26806528 | BPP: 1.9804 | QP: 63
2026-07-19 23:22:30,868 [INFO ]  [4000/4586] | Loss: 2681.422 | PSNR: 5.716 | MSE: 0.26814222 | BPP: 1.9803 | QP: 63
2026-07-19 23:23:23,414 [INFO ]  [4500/4586] | Loss: 2680.911 | PSNR: 5.717 | MSE: 0.26809110 | BPP: 1.9803 | QP: 63
2026-07-19 23:23:31,666 [INFO ]  Train epoch 14: Loss: 2679.920 | PSNR: 5.719 | MSE: 0.26799200 | BPP: 1.9803
2026-07-19 23:24:27,585 [INFO ]  Val epoch 14: Loss: 2677.926 | PSNR: 5.722 | MSE: 0.26779260 | BPP: 1.9800
2026-07-19 23:24:28,320 [INFO ]  Checkpoint epoch 14: best model saved: no | current loss: 2677.926038 | best loss: 5.352725
2026-07-19 23:24:28,320 [INFO ]  Global step updated to: 68790
2026-07-19 23:24:28,320 [INFO ]  ====== Current epoch 15 ======
2026-07-19 23:24:28,320 [INFO ]  Learning rate: 0.0001
2026-07-19 23:24:28,791 [INFO ]  [0/4586] | Loss: 2681.860 | PSNR: 5.716 | MSE: 0.26818597 | BPP: 1.9777 | QP: 63
2026-07-19 23:25:20,582 [INFO ]  [500/4586] | Loss: 2681.972 | PSNR: 5.715 | MSE: 0.26819721 | BPP: 1.9797 | QP: 63
2026-07-19 23:26:13,156 [INFO ]  [1000/4586] | Loss: 2681.266 | PSNR: 5.717 | MSE: 0.26812664 | BPP: 1.9798 | QP: 63
2026-07-19 23:27:05,685 [INFO ]  [1500/4586] | Loss: 2681.064 | PSNR: 5.717 | MSE: 0.26810640 | BPP: 1.9798 | QP: 63
2026-07-19 23:27:56,702 [INFO ]  [2000/4586] | Loss: 2681.984 | PSNR: 5.715 | MSE: 0.26819836 | BPP: 1.9797 | QP: 63
2026-07-19 23:28:48,061 [INFO ]  [2500/4586] | Loss: 2682.167 | PSNR: 5.715 | MSE: 0.26821674 | BPP: 1.9797 | QP: 63
2026-07-19 23:29:40,193 [INFO ]  [3000/4586] | Loss: 2682.348 | PSNR: 5.715 | MSE: 0.26823478 | BPP: 1.9797 | QP: 63
2026-07-19 23:30:31,663 [INFO ]  [3500/4586] | Loss: 2682.882 | PSNR: 5.714 | MSE: 0.26828817 | BPP: 1.9797 | QP: 63
2026-07-19 23:31:24,045 [INFO ]  [4000/4586] | Loss: 2682.952 | PSNR: 5.714 | MSE: 0.26829516 | BPP: 1.9796 | QP: 63
2026-07-19 23:32:15,771 [INFO ]  [4500/4586] | Loss: 2682.841 | PSNR: 5.714 | MSE: 0.26828413 | BPP: 1.9796 | QP: 63
2026-07-19 23:32:24,532 [INFO ]  Train epoch 15: Loss: 2680.277 | PSNR: 5.718 | MSE: 0.26802770 | BPP: 1.9795
2026-07-19 23:33:20,824 [INFO ]  Val epoch 15: Loss: 2678.065 | PSNR: 5.722 | MSE: 0.26780652 | BPP: 1.9791
2026-07-19 23:33:21,539 [INFO ]  Checkpoint epoch 15: best model saved: no | current loss: 2678.065194 | best loss: 5.352725
2026-07-19 23:33:21,540 [INFO ]  Global step updated to: 73376
2026-07-19 23:33:21,540 [INFO ]  ====== Current epoch 16 ======
2026-07-19 23:33:21,540 [INFO ]  Learning rate: 0.0001
2026-07-19 23:33:22,055 [INFO ]  [0/4586] | Loss: 2690.798 | PSNR: 5.701 | MSE: 0.26907983 | BPP: 1.9800 | QP: 63
2026-07-19 23:34:11,964 [INFO ]  [500/4586] | Loss: 2679.136 | PSNR: 5.720 | MSE: 0.26791358 | BPP: 1.9791 | QP: 63
2026-07-19 23:35:02,719 [INFO ]  [1000/4586] | Loss: 2680.054 | PSNR: 5.719 | MSE: 0.26800539 | BPP: 1.9791 | QP: 63
2026-07-19 23:35:54,046 [INFO ]  [1500/4586] | Loss: 2679.480 | PSNR: 5.719 | MSE: 0.26794804 | BPP: 1.9790 | QP: 63
2026-07-19 23:36:44,304 [INFO ]  [2000/4586] | Loss: 2677.611 | PSNR: 5.723 | MSE: 0.26776112 | BPP: 1.9790 | QP: 63
2026-07-19 23:37:35,185 [INFO ]  [2500/4586] | Loss: 2677.701 | PSNR: 5.722 | MSE: 0.26777008 | BPP: 1.9789 | QP: 63
2026-07-19 23:38:25,579 [INFO ]  [3000/4586] | Loss: 2677.945 | PSNR: 5.722 | MSE: 0.26779446 | BPP: 1.9789 | QP: 63
2026-07-19 23:39:15,884 [INFO ]  [3500/4586] | Loss: 2678.928 | PSNR: 5.720 | MSE: 0.26789283 | BPP: 1.9789 | QP: 63
2026-07-19 23:40:06,095 [INFO ]  [4000/4586] | Loss: 2678.428 | PSNR: 5.721 | MSE: 0.26784276 | BPP: 1.9788 | QP: 63
2026-07-19 23:40:56,271 [INFO ]  [4500/4586] | Loss: 2679.242 | PSNR: 5.720 | MSE: 0.26792419 | BPP: 1.9787 | QP: 63
2026-07-19 23:41:04,874 [INFO ]  Train epoch 16: Loss: 2680.436 | PSNR: 5.718 | MSE: 0.26804357 | BPP: 1.9786
2026-07-19 23:42:00,354 [INFO ]  Val epoch 16: Loss: 2678.281 | PSNR: 5.721 | MSE: 0.26782812 | BPP: 1.9781
2026-07-19 23:42:01,085 [INFO ]  Checkpoint epoch 16: best model saved: no | current loss: 2678.281239 | best loss: 5.352725
2026-07-19 23:42:01,085 [INFO ]  Global step updated to: 77962
2026-07-19 23:42:01,085 [INFO ]  ====== Current epoch 17 ======
2026-07-19 23:42:01,085 [INFO ]  Learning rate: 0.0001
2026-07-19 23:42:01,608 [INFO ]  [0/4586] | Loss: 2717.411 | PSNR: 5.658 | MSE: 0.27174109 | BPP: 1.9802 | QP: 63
2026-07-19 23:42:53,724 [INFO ]  [500/4586] | Loss: 2688.058 | PSNR: 5.706 | MSE: 0.26880581 | BPP: 1.9780 | QP: 63
2026-07-19 23:43:46,481 [INFO ]  [1000/4586] | Loss: 2683.314 | PSNR: 5.713 | MSE: 0.26833137 | BPP: 1.9780 | QP: 63
2026-07-19 23:44:38,049 [INFO ]  [1500/4586] | Loss: 2681.641 | PSNR: 5.716 | MSE: 0.26816411 | BPP: 1.9779 | QP: 63
2026-07-19 23:45:29,758 [INFO ]  [2000/4586] | Loss: 2681.134 | PSNR: 5.717 | MSE: 0.26811343 | BPP: 1.9778 | QP: 63
2026-07-19 23:46:20,793 [INFO ]  [2500/4586] | Loss: 2681.009 | PSNR: 5.717 | MSE: 0.26810095 | BPP: 1.9778 | QP: 63
2026-07-19 23:47:12,559 [INFO ]  [3000/4586] | Loss: 2681.160 | PSNR: 5.717 | MSE: 0.26811597 | BPP: 1.9777 | QP: 63
2026-07-19 23:48:03,439 [INFO ]  [3500/4586] | Loss: 2681.295 | PSNR: 5.717 | MSE: 0.26812954 | BPP: 1.9777 | QP: 63
2026-07-19 23:48:54,519 [INFO ]  [4000/4586] | Loss: 2680.925 | PSNR: 5.717 | MSE: 0.26809252 | BPP: 1.9776 | QP: 63
2026-07-19 23:49:45,414 [INFO ]  [4500/4586] | Loss: 2680.675 | PSNR: 5.718 | MSE: 0.26806746 | BPP: 1.9775 | QP: 63
2026-07-19 23:49:53,823 [INFO ]  Train epoch 17: Loss: 2680.660 | PSNR: 5.718 | MSE: 0.26806604 | BPP: 1.9776
2026-07-19 23:50:48,252 [INFO ]  Val epoch 17: Loss: 2678.514 | PSNR: 5.721 | MSE: 0.26785142 | BPP: 1.9770
2026-07-19 23:50:48,977 [INFO ]  Checkpoint epoch 17: best model saved: no | current loss: 2678.514233 | best loss: 5.352725
2026-07-19 23:50:48,978 [INFO ]  Global step updated to: 82548
2026-07-19 23:50:48,978 [INFO ]  ====== Current epoch 18 ======
2026-07-19 23:50:48,978 [INFO ]  Learning rate: 0.0001
2026-07-19 23:50:49,488 [INFO ]  [0/4586] | Loss: 2754.298 | PSNR: 5.600 | MSE: 0.27542982 | BPP: 1.9797 | QP: 63
2026-07-19 23:51:39,476 [INFO ]  [500/4586] | Loss: 2680.938 | PSNR: 5.717 | MSE: 0.26809380 | BPP: 1.9766 | QP: 63
2026-07-19 23:52:30,374 [INFO ]  [1000/4586] | Loss: 2679.822 | PSNR: 5.719 | MSE: 0.26798221 | BPP: 1.9766 | QP: 63
2026-07-19 23:53:21,870 [INFO ]  [1500/4586] | Loss: 2682.773 | PSNR: 5.714 | MSE: 0.26827733 | BPP: 1.9767 | QP: 63
2026-07-19 23:54:13,063 [INFO ]  [2000/4586] | Loss: 2682.082 | PSNR: 5.715 | MSE: 0.26820819 | BPP: 1.9765 | QP: 63
2026-07-19 23:55:03,642 [INFO ]  [2500/4586] | Loss: 2680.847 | PSNR: 5.717 | MSE: 0.26808468 | BPP: 1.9764 | QP: 63
2026-07-19 23:55:54,090 [INFO ]  [3000/4586] | Loss: 2681.467 | PSNR: 5.716 | MSE: 0.26814670 | BPP: 1.9763 | QP: 63
2026-07-19 23:56:43,781 [INFO ]  [3500/4586] | Loss: 2682.069 | PSNR: 5.715 | MSE: 0.26820686 | BPP: 1.9763 | QP: 63
2026-07-19 23:57:34,542 [INFO ]  [4000/4586] | Loss: 2682.250 | PSNR: 5.715 | MSE: 0.26822497 | BPP: 1.9762 | QP: 63
2026-07-19 23:58:24,776 [INFO ]  [4500/4586] | Loss: 2681.668 | PSNR: 5.716 | MSE: 0.26816680 | BPP: 1.9762 | QP: 63
2026-07-19 23:58:33,072 [INFO ]  Train epoch 18: Loss: 2680.968 | PSNR: 5.717 | MSE: 0.26809683 | BPP: 1.9762
2026-07-19 23:59:25,963 [INFO ]  Val epoch 18: Loss: 2678.776 | PSNR: 5.721 | MSE: 0.26787758 | BPP: 1.9755
2026-07-19 23:59:26,806 [INFO ]  Checkpoint epoch 18: best model saved: no | current loss: 2678.775827 | best loss: 5.352725
2026-07-19 23:59:26,806 [INFO ]  Global step updated to: 87134
2026-07-19 23:59:26,806 [INFO ]  ====== Current epoch 19 ======
2026-07-19 23:59:26,806 [INFO ]  Learning rate: 0.0001
2026-07-19 23:59:27,370 [INFO ]  [0/4586] | Loss: 2766.255 | PSNR: 5.581 | MSE: 0.27662551 | BPP: 1.9714 | QP: 63
2026-07-20 00:00:20,763 [INFO ]  [500/4586] | Loss: 2681.623 | PSNR: 5.716 | MSE: 0.26816232 | BPP: 1.9755 | QP: 63
2026-07-20 00:01:12,411 [INFO ]  [1000/4586] | Loss: 2681.197 | PSNR: 5.717 | MSE: 0.26811971 | BPP: 1.9755 | QP: 63
2026-07-20 00:02:06,399 [INFO ]  [1500/4586] | Loss: 2681.797 | PSNR: 5.716 | MSE: 0.26817974 | BPP: 1.9754 | QP: 63
2026-07-20 00:03:00,491 [INFO ]  [2000/4586] | Loss: 2682.899 | PSNR: 5.714 | MSE: 0.26828988 | BPP: 1.9752 | QP: 63
2026-07-20 00:03:50,774 [INFO ]  [2500/4586] | Loss: 2682.150 | PSNR: 5.715 | MSE: 0.26821497 | BPP: 1.9750 | QP: 63
2026-07-20 00:04:39,137 [INFO ]  [3000/4586] | Loss: 2681.297 | PSNR: 5.717 | MSE: 0.26812969 | BPP: 1.9749 | QP: 63
2026-07-20 00:05:27,974 [INFO ]  [3500/4586] | Loss: 2681.836 | PSNR: 5.716 | MSE: 0.26818364 | BPP: 1.9748 | QP: 63
2026-07-20 00:06:16,114 [INFO ]  [4000/4586] | Loss: 2682.319 | PSNR: 5.715 | MSE: 0.26823189 | BPP: 1.9748 | QP: 63
2026-07-20 00:07:03,841 [INFO ]  [4500/4586] | Loss: 2682.377 | PSNR: 5.715 | MSE: 0.26823765 | BPP: 1.9748 | QP: 63
2026-07-20 00:07:11,922 [INFO ]  Train epoch 19: Loss: 2681.174 | PSNR: 5.717 | MSE: 0.26811744 | BPP: 1.9747
2026-07-20 00:07:59,606 [INFO ]  Val epoch 19: Loss: 2679.407 | PSNR: 5.720 | MSE: 0.26794071 | BPP: 1.9738
2026-07-20 00:08:00,335 [INFO ]  Checkpoint epoch 19: best model saved: no | current loss: 2679.407149 | best loss: 5.352725
2026-07-20 00:08:00,335 [INFO ]  Global step updated to: 91720
2026-07-20 00:08:00,335 [INFO ]  ====== Current epoch 20 ======
2026-07-20 00:08:00,335 [INFO ]  Learning rate: 0.0001
2026-07-20 00:08:00,877 [INFO ]  [0/4586] | Loss: 204.006 | PSNR: 5.800 | MSE: 0.26305553 | BPP: 1.9795 | QP: 63
2026-07-20 00:08:50,058 [INFO ]  [500/4586] | Loss: 206.818 | PSNR: 5.699 | MSE: 0.26921615 | BPP: 0.0600 | QP: 63
2026-07-20 00:09:38,259 [INFO ]  [1000/4586] | Loss: 206.165 | PSNR: 5.712 | MSE: 0.26839624 | BPP: 0.0369 | QP: 63
2026-07-20 00:10:27,039 [INFO ]  [1500/4586] | Loss: 206.047 | PSNR: 5.715 | MSE: 0.26825255 | BPP: 0.0286 | QP: 63
2026-07-20 00:11:16,176 [INFO ]  [2000/4586] | Loss: 206.353 | PSNR: 5.708 | MSE: 0.26865782 | BPP: 0.0242 | QP: 63
2026-07-20 00:12:05,246 [INFO ]  [2500/4586] | Loss: 206.955 | PSNR: 5.695 | MSE: 0.26944500 | BPP: 0.0212 | QP: 63
2026-07-20 00:12:54,528 [INFO ]  [3000/4586] | Loss: 207.364 | PSNR: 5.687 | MSE: 0.26997977 | BPP: 0.0191 | QP: 63
2026-07-20 00:13:43,833 [INFO ]  [3500/4586] | Loss: 207.653 | PSNR: 5.681 | MSE: 0.27035881 | BPP: 0.0174 | QP: 63
2026-07-20 00:14:32,687 [INFO ]  [4000/4586] | Loss: 207.829 | PSNR: 5.677 | MSE: 0.27059009 | BPP: 0.0160 | QP: 63
2026-07-20 00:15:21,612 [INFO ]  [4500/4586] | Loss: 207.962 | PSNR: 5.674 | MSE: 0.27076447 | BPP: 0.0148 | QP: 63
2026-07-20 00:15:30,061 [INFO ]  Train epoch 20: Loss: 207.914 | PSNR: 5.675 | MSE: 0.27070175 | BPP: 0.0146
2026-07-20 00:16:15,816 [INFO ]  Val epoch 20: Loss: 209.161 | PSNR: 5.649 | MSE: 0.27233850 | BPP: 0.0046
2026-07-20 00:16:16,557 [INFO ]  Checkpoint epoch 20: best model saved: no | current loss: 209.160595 | best loss: 5.352725
2026-07-20 00:16:16,558 [INFO ]  Global step updated to: 96306
2026-07-20 00:16:16,558 [INFO ]  ====== Current epoch 21 ======
2026-07-20 00:16:16,558 [INFO ]  Learning rate: 0.0001
2026-07-20 00:16:17,035 [INFO ]  [0/4586] | Loss: 205.179 | PSNR: 5.732 | MSE: 0.26715454 | BPP: 0.0046 | QP: 63
2026-07-20 00:17:05,135 [INFO ]  [500/4586] | Loss: 208.764 | PSNR: 5.657 | MSE: 0.27182209 | BPP: 0.0042 | QP: 63
2026-07-20 00:17:53,341 [INFO ]  [1000/4586] | Loss: 208.942 | PSNR: 5.653 | MSE: 0.27205541 | BPP: 0.0039 | QP: 63
2026-07-20 00:18:42,027 [INFO ]  [1500/4586] | Loss: 208.912 | PSNR: 5.654 | MSE: 0.27201679 | BPP: 0.0036 | QP: 63
2026-07-20 00:19:30,386 [INFO ]  [2000/4586] | Loss: 208.603 | PSNR: 5.660 | MSE: 0.27161423 | BPP: 0.0033 | QP: 63
2026-07-20 00:20:18,970 [INFO ]  [2500/4586] | Loss: 208.425 | PSNR: 5.664 | MSE: 0.27138338 | BPP: 0.0030 | QP: 63
2026-07-20 00:21:07,577 [INFO ]  [3000/4586] | Loss: 208.345 | PSNR: 5.666 | MSE: 0.27127918 | BPP: 0.0028 | QP: 63
2026-07-20 00:21:55,707 [INFO ]  [3500/4586] | Loss: 208.328 | PSNR: 5.666 | MSE: 0.27125698 | BPP: 0.0026 | QP: 63
2026-07-20 00:22:44,121 [INFO ]  [4000/4586] | Loss: 208.316 | PSNR: 5.666 | MSE: 0.27124110 | BPP: 0.0031 | QP: 63
2026-07-20 00:23:32,896 [INFO ]  [4500/4586] | Loss: 208.262 | PSNR: 5.668 | MSE: 0.27117054 | BPP: 0.0033 | QP: 63
2026-07-20 00:23:40,895 [INFO ]  Train epoch 21: Loss: 208.282 | PSNR: 5.667 | MSE: 0.27119655 | BPP: 0.0032
2026-07-20 00:24:27,754 [INFO ]  Val epoch 21: Loss: 207.843 | PSNR: 5.676 | MSE: 0.27062753 | BPP: 0.0008
2026-07-20 00:24:28,511 [INFO ]  Checkpoint epoch 21: best model saved: no | current loss: 207.842698 | best loss: 5.352725
2026-07-20 00:24:28,512 [INFO ]  Global step updated to: 100892
2026-07-20 00:24:28,512 [INFO ]  ====== Current epoch 22 ======
2026-07-20 00:24:28,512 [INFO ]  Learning rate: 0.0001
2026-07-20 00:24:29,021 [INFO ]  [0/4586] | Loss: 202.546 | PSNR: 5.788 | MSE: 0.26373115 | BPP: 0.0007 | QP: 63
2026-07-20 00:25:17,555 [INFO ]  [500/4586] | Loss: 207.730 | PSNR: 5.679 | MSE: 0.27048095 | BPP: 0.0007 | QP: 63
2026-07-20 00:26:06,546 [INFO ]  [1000/4586] | Loss: 207.831 | PSNR: 5.677 | MSE: 0.27061233 | BPP: 0.0006 | QP: 63
2026-07-20 00:26:55,647 [INFO ]  [1500/4586] | Loss: 207.812 | PSNR: 5.677 | MSE: 0.27058799 | BPP: 0.0006 | QP: 63
2026-07-20 00:27:44,137 [INFO ]  [2000/4586] | Loss: 207.860 | PSNR: 5.676 | MSE: 0.27065087 | BPP: 0.0005 | QP: 63
2026-07-20 00:28:32,605 [INFO ]  [2500/4586] | Loss: 207.786 | PSNR: 5.677 | MSE: 0.27055345 | BPP: 0.0005 | QP: 63
2026-07-20 00:29:21,343 [INFO ]  [3000/4586] | Loss: 207.869 | PSNR: 5.676 | MSE: 0.27066210 | BPP: 0.0004 | QP: 63
2026-07-20 00:30:10,112 [INFO ]  [3500/4586] | Loss: 207.929 | PSNR: 5.674 | MSE: 0.27074053 | BPP: 0.0004 | QP: 63
2026-07-20 00:30:58,728 [INFO ]  [4000/4586] | Loss: 207.963 | PSNR: 5.674 | MSE: 0.27078426 | BPP: 0.0004 | QP: 63
2026-07-20 00:31:47,602 [INFO ]  [4500/4586] | Loss: 207.972 | PSNR: 5.674 | MSE: 0.27079656 | BPP: 0.0003 | QP: 63
2026-07-20 00:31:55,721 [INFO ]  Train epoch 22: Loss: 207.907 | PSNR: 5.675 | MSE: 0.27071184 | BPP: 0.0003
2026-07-20 00:32:42,396 [INFO ]  Val epoch 22: Loss: 207.845 | PSNR: 5.676 | MSE: 0.27063113 | BPP: 0.0001
2026-07-20 00:32:43,089 [INFO ]  Checkpoint epoch 22: best model saved: no | current loss: 207.844793 | best loss: 5.352725
2026-07-20 00:32:43,089 [INFO ]  Global step updated to: 105478
2026-07-20 00:32:43,090 [INFO ]  ====== Current epoch 23 ======
2026-07-20 00:32:43,090 [INFO ]  Learning rate: 0.0001
2026-07-20 00:32:43,574 [INFO ]  [0/4586] | Loss: 204.574 | PSNR: 5.745 | MSE: 0.26637197 | BPP: 0.0001 | QP: 63
2026-07-20 00:33:32,965 [INFO ]  [500/4586] | Loss: 208.027 | PSNR: 5.672 | MSE: 0.27086816 | BPP: 0.0001 | QP: 63
2026-07-20 00:34:21,118 [INFO ]  [1000/4586] | Loss: 207.856 | PSNR: 5.676 | MSE: 0.27064580 | BPP: 0.0001 | QP: 63
2026-07-20 00:35:10,037 [INFO ]  [1500/4586] | Loss: 207.902 | PSNR: 5.675 | MSE: 0.27070554 | BPP: 0.0001 | QP: 63
2026-07-20 00:35:58,814 [INFO ]  [2000/4586] | Loss: 208.019 | PSNR: 5.673 | MSE: 0.27085786 | BPP: 0.0001 | QP: 63
2026-07-20 00:36:47,397 [INFO ]  [2500/4586] | Loss: 207.946 | PSNR: 5.674 | MSE: 0.27076252 | BPP: 0.0001 | QP: 63
2026-07-20 00:37:36,011 [INFO ]  [3000/4586] | Loss: 207.902 | PSNR: 5.675 | MSE: 0.27070584 | BPP: 0.0000 | QP: 63
2026-07-20 00:38:24,302 [INFO ]  [3500/4586] | Loss: 207.881 | PSNR: 5.675 | MSE: 0.27067877 | BPP: 0.0000 | QP: 63
2026-07-20 00:39:12,691 [INFO ]  [4000/4586] | Loss: 207.882 | PSNR: 5.675 | MSE: 0.27067842 | BPP: 0.0005 | QP: 63
2026-07-20 00:40:02,253 [INFO ]  [4500/4586] | Loss: 207.861 | PSNR: 5.676 | MSE: 0.27065221 | BPP: 0.0005 | QP: 63
2026-07-20 00:40:10,228 [INFO ]  Train epoch 23: Loss: 207.926 | PSNR: 5.675 | MSE: 0.27073695 | BPP: 0.0004
2026-07-20 00:40:54,717 [INFO ]  Val epoch 23: Loss: 207.853 | PSNR: 5.676 | MSE: 0.27064173 | BPP: 0.0000
2026-07-20 00:40:55,408 [INFO ]  Checkpoint epoch 23: best model saved: no | current loss: 207.852867 | best loss: 5.352725
2026-07-20 00:40:55,408 [INFO ]  Global step updated to: 110064
2026-07-20 00:40:55,409 [INFO ]  ====== Current epoch 24 ======
2026-07-20 00:40:55,409 [INFO ]  Learning rate: 0.0001
2026-07-20 00:40:55,851 [INFO ]  [0/4586] | Loss: 204.640 | PSNR: 5.744 | MSE: 0.26645875 | BPP: 0.0000 | QP: 63
2026-07-20 00:41:44,876 [INFO ]  [500/4586] | Loss: 208.187 | PSNR: 5.669 | MSE: 0.27107732 | BPP: 0.0000 | QP: 63
2026-07-20 00:42:33,472 [INFO ]  [1000/4586] | Loss: 208.034 | PSNR: 5.672 | MSE: 0.27087753 | BPP: 0.0000 | QP: 63
2026-07-20 00:43:22,115 [INFO ]  [1500/4586] | Loss: 208.176 | PSNR: 5.669 | MSE: 0.27106279 | BPP: 0.0000 | QP: 63
2026-07-20 00:44:10,294 [INFO ]  [2000/4586] | Loss: 208.166 | PSNR: 5.670 | MSE: 0.27104976 | BPP: 0.0000 | QP: 63
2026-07-20 00:44:58,951 [INFO ]  [2500/4586] | Loss: 208.154 | PSNR: 5.670 | MSE: 0.27103391 | BPP: 0.0000 | QP: 63
2026-07-20 00:45:47,307 [INFO ]  [3000/4586] | Loss: 208.057 | PSNR: 5.672 | MSE: 0.27090727 | BPP: 0.0000 | QP: 63
2026-07-20 00:46:35,662 [INFO ]  [3500/4586] | Loss: 208.071 | PSNR: 5.672 | MSE: 0.27092522 | BPP: 0.0000 | QP: 63
2026-07-20 00:47:23,388 [INFO ]  [4000/4586] | Loss: 208.014 | PSNR: 5.673 | MSE: 0.27085097 | BPP: 0.0000 | QP: 63
2026-07-20 00:48:11,960 [INFO ]  [4500/4586] | Loss: 207.992 | PSNR: 5.673 | MSE: 0.27082246 | BPP: 0.0000 | QP: 63
2026-07-20 00:48:20,048 [INFO ]  Train epoch 24: Loss: 207.925 | PSNR: 5.675 | MSE: 0.27073590 | BPP: 0.0000
2026-07-20 00:49:05,803 [INFO ]  Val epoch 24: Loss: 207.867 | PSNR: 5.676 | MSE: 0.27066002 | BPP: 0.0000
2026-07-20 00:49:06,512 [INFO ]  Checkpoint epoch 24: best model saved: no | current loss: 207.866899 | best loss: 5.352725
2026-07-20 00:49:06,513 [INFO ]  Global step updated to: 114650
2026-07-20 00:49:06,513 [INFO ]  ====== Current epoch 25 ======
2026-07-20 00:49:06,513 [INFO ]  Learning rate: 0.0001
2026-07-20 00:49:07,058 [INFO ]  [0/4586] | Loss: 210.820 | PSNR: 5.614 | MSE: 0.27450532 | BPP: 0.0000 | QP: 63
2026-07-20 00:49:56,227 [INFO ]  [500/4586] | Loss: 207.934 | PSNR: 5.674 | MSE: 0.27074685 | BPP: 0.0000 | QP: 63
2026-07-20 00:50:44,628 [INFO ]  [1000/4586] | Loss: 207.927 | PSNR: 5.674 | MSE: 0.27073871 | BPP: 0.0000 | QP: 63
2026-07-20 00:51:33,684 [INFO ]  [1500/4586] | Loss: 207.746 | PSNR: 5.678 | MSE: 0.27050304 | BPP: 0.0000 | QP: 63
2026-07-20 00:52:21,877 [INFO ]  [2000/4586] | Loss: 207.811 | PSNR: 5.677 | MSE: 0.27058727 | BPP: 0.0000 | QP: 63
2026-07-20 00:53:10,496 [INFO ]  [2500/4586] | Loss: 207.834 | PSNR: 5.676 | MSE: 0.27061689 | BPP: 0.0000 | QP: 63
2026-07-20 00:53:58,805 [INFO ]  [3000/4586] | Loss: 207.875 | PSNR: 5.676 | MSE: 0.27066927 | BPP: 0.0006 | QP: 63
2026-07-20 00:54:46,962 [INFO ]  [3500/4586] | Loss: 207.919 | PSNR: 5.675 | MSE: 0.27072671 | BPP: 0.0005 | QP: 63
2026-07-20 00:55:35,368 [INFO ]  [4000/4586] | Loss: 207.901 | PSNR: 5.675 | MSE: 0.27070408 | BPP: 0.0004 | QP: 63
2026-07-20 00:56:23,727 [INFO ]  [4500/4586] | Loss: 207.941 | PSNR: 5.674 | MSE: 0.27075637 | BPP: 0.0004 | QP: 63
2026-07-20 00:56:31,828 [INFO ]  Train epoch 25: Loss: 207.926 | PSNR: 5.675 | MSE: 0.27073700 | BPP: 0.0004
2026-07-20 00:57:17,382 [INFO ]  Val epoch 25: Loss: 207.878 | PSNR: 5.676 | MSE: 0.27067436 | BPP: 0.0000
2026-07-20 00:57:18,086 [INFO ]  Checkpoint epoch 25: best model saved: no | current loss: 207.877909 | best loss: 5.352725
2026-07-20 00:57:18,087 [INFO ]  Global step updated to: 119236
2026-07-20 00:57:18,087 [INFO ]  ====== Current epoch 26 ======
2026-07-20 00:57:18,087 [INFO ]  Learning rate: 0.0001
2026-07-20 00:57:18,606 [INFO ]  [0/4586] | Loss: 226.778 | PSNR: 5.298 | MSE: 0.29528332 | BPP: 0.0000 | QP: 63
2026-07-20 00:58:07,576 [INFO ]  [500/4586] | Loss: 207.961 | PSNR: 5.674 | MSE: 0.27078228 | BPP: 0.0000 | QP: 63
2026-07-20 00:58:56,349 [INFO ]  [1000/4586] | Loss: 208.040 | PSNR: 5.672 | MSE: 0.27088569 | BPP: 0.0000 | QP: 63
2026-07-20 00:59:45,458 [INFO ]  [1500/4586] | Loss: 208.140 | PSNR: 5.670 | MSE: 0.27101526 | BPP: 0.0000 | QP: 63
2026-07-20 01:00:34,421 [INFO ]  [2000/4586] | Loss: 208.118 | PSNR: 5.671 | MSE: 0.27098714 | BPP: 0.0000 | QP: 63
2026-07-20 01:01:23,545 [INFO ]  [2500/4586] | Loss: 208.138 | PSNR: 5.670 | MSE: 0.27101299 | BPP: 0.0000 | QP: 63
2026-07-20 01:02:12,076 [INFO ]  [3000/4586] | Loss: 208.104 | PSNR: 5.671 | MSE: 0.27096886 | BPP: 0.0000 | QP: 63
2026-07-20 01:03:01,523 [INFO ]  [3500/4586] | Loss: 208.111 | PSNR: 5.671 | MSE: 0.27097766 | BPP: 0.0000 | QP: 63
2026-07-20 01:03:51,004 [INFO ]  [4000/4586] | Loss: 208.019 | PSNR: 5.673 | MSE: 0.27085753 | BPP: 0.0000 | QP: 63
2026-07-20 01:04:39,723 [INFO ]  [4500/4586] | Loss: 208.034 | PSNR: 5.672 | MSE: 0.27087704 | BPP: 0.0000 | QP: 63
2026-07-20 01:04:47,799 [INFO ]  Train epoch 26: Loss: 207.955 | PSNR: 5.674 | MSE: 0.27077516 | BPP: 0.0000
2026-07-20 01:05:31,195 [INFO ]  Val epoch 26: Loss: 207.896 | PSNR: 5.675 | MSE: 0.27069811 | BPP: 0.0000
2026-07-20 01:05:31,921 [INFO ]  Checkpoint epoch 26: best model saved: no | current loss: 207.896150 | best loss: 5.352725
2026-07-20 01:05:31,921 [INFO ]  Global step updated to: 123822
2026-07-20 01:05:31,921 [INFO ]  ====== Current epoch 27 ======
2026-07-20 01:05:31,921 [INFO ]  Learning rate: 0.0001
2026-07-20 01:05:32,382 [INFO ]  [0/4586] | Loss: 206.070 | PSNR: 5.713 | MSE: 0.26832047 | BPP: 0.0000 | QP: 63
2026-07-20 01:06:21,013 [INFO ]  [500/4586] | Loss: 207.849 | PSNR: 5.676 | MSE: 0.27063633 | BPP: 0.0000 | QP: 63
2026-07-20 01:07:09,993 [INFO ]  [1000/4586] | Loss: 207.777 | PSNR: 5.678 | MSE: 0.27054357 | BPP: 0.0000 | QP: 63
2026-07-20 01:07:57,338 [INFO ]  [1500/4586] | Loss: 207.846 | PSNR: 5.676 | MSE: 0.27063228 | BPP: 0.0000 | QP: 63
2026-07-20 01:08:45,589 [INFO ]  [2000/4586] | Loss: 207.884 | PSNR: 5.675 | MSE: 0.27068192 | BPP: 0.0000 | QP: 63
2026-07-20 01:09:34,068 [INFO ]  [2500/4586] | Loss: 207.881 | PSNR: 5.675 | MSE: 0.27067880 | BPP: 0.0000 | QP: 63
2026-07-20 01:10:22,137 [INFO ]  [3000/4586] | Loss: 207.905 | PSNR: 5.675 | MSE: 0.27070877 | BPP: 0.0005 | QP: 63
2026-07-20 01:11:10,332 [INFO ]  [3500/4586] | Loss: 207.620 | PSNR: 5.681 | MSE: 0.27033849 | BPP: 0.0005 | QP: 63
2026-07-20 01:11:58,767 [INFO ]  [4000/4586] | Loss: 207.422 | PSNR: 5.685 | MSE: 0.27008014 | BPP: 0.0004 | QP: 63
2026-07-20 01:12:46,888 [INFO ]  [4500/4586] | Loss: 207.202 | PSNR: 5.690 | MSE: 0.26979424 | BPP: 0.0004 | QP: 63
2026-07-20 01:12:54,833 [INFO ]  Train epoch 27: Loss: 207.169 | PSNR: 5.690 | MSE: 0.26975139 | BPP: 0.0004
2026-07-20 01:13:38,525 [INFO ]  Val epoch 27: Loss: 205.588 | PSNR: 5.724 | MSE: 0.26769225 | BPP: 0.0000
2026-07-20 01:13:39,228 [INFO ]  Checkpoint epoch 27: best model saved: no | current loss: 205.587650 | best loss: 5.352725
2026-07-20 01:13:39,228 [INFO ]  Global step updated to: 128408
2026-07-20 01:13:39,228 [INFO ]  ====== Current epoch 28 ======
2026-07-20 01:13:39,228 [INFO ]  Learning rate: 0.0001
2026-07-20 01:13:39,697 [INFO ]  [0/4586] | Loss: 206.790 | PSNR: 5.698 | MSE: 0.26925811 | BPP: 0.0000 | QP: 63
2026-07-20 01:14:28,430 [INFO ]  [500/4586] | Loss: 206.117 | PSNR: 5.712 | MSE: 0.26838111 | BPP: 0.0000 | QP: 63
2026-07-20 01:15:17,569 [INFO ]  [1000/4586] | Loss: 205.635 | PSNR: 5.723 | MSE: 0.26775335 | BPP: 0.0000 | QP: 63
2026-07-20 01:16:05,822 [INFO ]  [1500/4586] | Loss: 205.661 | PSNR: 5.722 | MSE: 0.26778716 | BPP: 0.0000 | QP: 63
2026-07-20 01:16:53,974 [INFO ]  [2000/4586] | Loss: 205.576 | PSNR: 5.724 | MSE: 0.26767697 | BPP: 0.0000 | QP: 63
2026-07-20 01:17:42,893 [INFO ]  [2500/4586] | Loss: 205.540 | PSNR: 5.725 | MSE: 0.26763058 | BPP: 0.0000 | QP: 63
2026-07-20 01:18:31,909 [INFO ]  [3000/4586] | Loss: 205.671 | PSNR: 5.722 | MSE: 0.26780038 | BPP: 0.0000 | QP: 63
2026-07-20 01:19:20,669 [INFO ]  [3500/4586] | Loss: 205.694 | PSNR: 5.721 | MSE: 0.26783079 | BPP: 0.0000 | QP: 63
2026-07-20 01:20:09,205 [INFO ]  [4000/4586] | Loss: 205.711 | PSNR: 5.721 | MSE: 0.26785247 | BPP: 0.0000 | QP: 63
2026-07-20 01:20:58,063 [INFO ]  [4500/4586] | Loss: 205.684 | PSNR: 5.722 | MSE: 0.26781760 | BPP: 0.0000 | QP: 63
2026-07-20 01:21:06,182 [INFO ]  Train epoch 28: Loss: 205.720 | PSNR: 5.721 | MSE: 0.26786468 | BPP: 0.0000
2026-07-20 01:21:50,493 [INFO ]  Val epoch 28: Loss: 205.602 | PSNR: 5.723 | MSE: 0.26771081 | BPP: 0.0000
2026-07-20 01:21:51,117 [INFO ]  Checkpoint epoch 28: best model saved: no | current loss: 205.601900 | best loss: 5.352725
2026-07-20 01:21:51,118 [INFO ]  Global step updated to: 132994
2026-07-20 01:21:51,118 [INFO ]  ====== Current epoch 29 ======
2026-07-20 01:21:51,118 [INFO ]  Learning rate: 0.0001
2026-07-20 01:21:51,580 [INFO ]  [0/4586] | Loss: 223.740 | PSNR: 5.356 | MSE: 0.29132789 | BPP: 0.0000 | QP: 63
2026-07-20 01:22:40,168 [INFO ]  [500/4586] | Loss: 206.431 | PSNR: 5.706 | MSE: 0.26879076 | BPP: 0.0000 | QP: 63
2026-07-20 01:23:29,735 [INFO ]  [1000/4586] | Loss: 206.078 | PSNR: 5.713 | MSE: 0.26833035 | BPP: 0.0000 | QP: 63
2026-07-20 01:24:18,370 [INFO ]  [1500/4586] | Loss: 205.628 | PSNR: 5.723 | MSE: 0.26774464 | BPP: 0.0000 | QP: 63
2026-07-20 01:25:07,018 [INFO ]  [2000/4586] | Loss: 204.868 | PSNR: 5.739 | MSE: 0.26675531 | BPP: 0.0000 | QP: 63
2026-07-20 01:25:56,566 [INFO ]  [2500/4586] | Loss: 204.494 | PSNR: 5.747 | MSE: 0.26626764 | BPP: 0.0004 | QP: 63
2026-07-20 01:26:45,032 [INFO ]  [3000/4586] | Loss: 204.279 | PSNR: 5.751 | MSE: 0.26598744 | BPP: 0.0004 | QP: 63
2026-07-20 01:27:32,950 [INFO ]  [3500/4586] | Loss: 204.053 | PSNR: 5.756 | MSE: 0.26569322 | BPP: 0.0003 | QP: 63
2026-07-20 01:28:21,528 [INFO ]  [4000/4586] | Loss: 203.940 | PSNR: 5.759 | MSE: 0.26554612 | BPP: 0.0003 | QP: 63
2026-07-20 01:29:10,018 [INFO ]  [4500/4586] | Loss: 203.925 | PSNR: 5.759 | MSE: 0.26552719 | BPP: 0.0003 | QP: 63
2026-07-20 01:29:18,139 [INFO ]  Train epoch 29: Loss: 203.815 | PSNR: 5.761 | MSE: 0.26538314 | BPP: 0.0003
2026-07-20 01:30:01,922 [INFO ]  Val epoch 29: Loss: 202.811 | PSNR: 5.783 | MSE: 0.26407732 | BPP: 0.0000
2026-07-20 01:30:02,576 [INFO ]  Checkpoint epoch 29: best model saved: no | current loss: 202.811379 | best loss: 5.352725
2026-07-20 01:30:02,576 [INFO ]  Global step updated to: 137580
2026-07-20 01:30:02,576 [INFO ]  ====== Current epoch 30 ======
2026-07-20 01:30:02,576 [INFO ]  Learning rate: 0.0001
2026-07-20 01:30:03,118 [INFO ]  [0/4586] | Loss: 203.304 | PSNR: 5.772 | MSE: 0.26471925 | BPP: 0.0000 | QP: 63
2026-07-20 01:30:52,029 [INFO ]  [500/4586] | Loss: 203.101 | PSNR: 5.776 | MSE: 0.26445477 | BPP: 0.0000 | QP: 63
2026-07-20 01:31:40,837 [INFO ]  [1000/4586] | Loss: 203.107 | PSNR: 5.776 | MSE: 0.26446225 | BPP: 0.0000 | QP: 63
2026-07-20 01:32:29,590 [INFO ]  [1500/4586] | Loss: 203.030 | PSNR: 5.778 | MSE: 0.26436193 | BPP: 0.0000 | QP: 63
2026-07-20 01:33:18,478 [INFO ]  [2000/4586] | Loss: 202.924 | PSNR: 5.780 | MSE: 0.26422394 | BPP: 0.0000 | QP: 63
2026-07-20 01:34:06,937 [INFO ]  [2500/4586] | Loss: 202.973 | PSNR: 5.779 | MSE: 0.26428773 | BPP: 0.0000 | QP: 63
2026-07-20 01:34:56,365 [INFO ]  [3000/4586] | Loss: 203.031 | PSNR: 5.778 | MSE: 0.26436339 | BPP: 0.0000 | QP: 63
2026-07-20 01:35:44,139 [INFO ]  [3500/4586] | Loss: 203.014 | PSNR: 5.778 | MSE: 0.26434107 | BPP: 0.0000 | QP: 63
2026-07-20 01:36:31,700 [INFO ]  [4000/4586] | Loss: 202.921 | PSNR: 5.780 | MSE: 0.26421951 | BPP: 0.0000 | QP: 63
2026-07-20 01:37:19,099 [INFO ]  [4500/4586] | Loss: 203.002 | PSNR: 5.779 | MSE: 0.26432586 | BPP: 0.0000 | QP: 63
2026-07-20 01:37:27,043 [INFO ]  Train epoch 30: Loss: 203.000 | PSNR: 5.779 | MSE: 0.26432265 | BPP: 0.0000
2026-07-20 01:38:11,033 [INFO ]  Val epoch 30: Loss: 202.814 | PSNR: 5.783 | MSE: 0.26408034 | BPP: 0.0000
2026-07-20 01:38:11,743 [INFO ]  Checkpoint epoch 30: best model saved: no | current loss: 202.813704 | best loss: 5.352725
2026-07-20 01:38:11,743 [INFO ]  Global step updated to: 142166
2026-07-20 01:38:11,744 [INFO ]  ====== Current epoch 31 ======
2026-07-20 01:38:11,744 [INFO ]  Learning rate: 0.0001
2026-07-20 01:38:12,238 [INFO ]  [0/4586] | Loss: 193.777 | PSNR: 5.981 | MSE: 0.25231367 | BPP: 0.0000 | QP: 63
2026-07-20 01:39:00,414 [INFO ]  [500/4586] | Loss: 203.270 | PSNR: 5.773 | MSE: 0.26467390 | BPP: 0.0000 | QP: 63
2026-07-20 01:39:48,450 [INFO ]  [1000/4586] | Loss: 203.110 | PSNR: 5.776 | MSE: 0.26446606 | BPP: 0.0000 | QP: 63
2026-07-20 01:40:37,107 [INFO ]  [1500/4586] | Loss: 203.101 | PSNR: 5.776 | MSE: 0.26445410 | BPP: 0.0000 | QP: 63
2026-07-20 01:41:26,010 [INFO ]  [2000/4586] | Loss: 203.153 | PSNR: 5.775 | MSE: 0.26452258 | BPP: 0.0000 | QP: 63
2026-07-20 01:42:14,258 [INFO ]  [2500/4586] | Loss: 203.080 | PSNR: 5.777 | MSE: 0.26442724 | BPP: 0.0000 | QP: 63
2026-07-20 01:43:02,677 [INFO ]  [3000/4586] | Loss: 203.069 | PSNR: 5.777 | MSE: 0.26441320 | BPP: 0.0000 | QP: 63
2026-07-20 01:43:51,639 [INFO ]  [3500/4586] | Loss: 203.081 | PSNR: 5.777 | MSE: 0.26442847 | BPP: 0.0004 | QP: 63
2026-07-20 01:44:40,328 [INFO ]  [4000/4586] | Loss: 203.085 | PSNR: 5.777 | MSE: 0.26443336 | BPP: 0.0003 | QP: 63
2026-07-20 01:45:28,677 [INFO ]  [4500/4586] | Loss: 203.098 | PSNR: 5.777 | MSE: 0.26445051 | BPP: 0.0003 | QP: 63
2026-07-20 01:45:36,733 [INFO ]  Train epoch 31: Loss: 203.026 | PSNR: 5.778 | MSE: 0.26435641 | BPP: 0.0003
2026-07-20 01:46:20,154 [INFO ]  Val epoch 31: Loss: 202.819 | PSNR: 5.783 | MSE: 0.26408776 | BPP: 0.0000
2026-07-20 01:46:20,843 [INFO ]  Checkpoint epoch 31: best model saved: no | current loss: 202.819402 | best loss: 5.352725
2026-07-20 01:46:20,844 [INFO ]  Global step updated to: 146752
2026-07-20 01:46:20,844 [INFO ]  ====== Current epoch 32 ======
2026-07-20 01:46:20,844 [INFO ]  Learning rate: 0.0001
2026-07-20 01:46:21,370 [INFO ]  [0/4586] | Loss: 192.370 | PSNR: 6.012 | MSE: 0.25048184 | BPP: 0.0000 | QP: 63
2026-07-20 01:47:10,430 [INFO ]  [500/4586] | Loss: 202.970 | PSNR: 5.779 | MSE: 0.26428380 | BPP: 0.0000 | QP: 63
2026-07-20 01:47:58,792 [INFO ]  [1000/4586] | Loss: 202.990 | PSNR: 5.779 | MSE: 0.26430986 | BPP: 0.0000 | QP: 63
2026-07-20 01:48:46,906 [INFO ]  [1500/4586] | Loss: 203.152 | PSNR: 5.775 | MSE: 0.26452106 | BPP: 0.0000 | QP: 63
2026-07-20 01:49:35,381 [INFO ]  [2000/4586] | Loss: 203.258 | PSNR: 5.773 | MSE: 0.26465867 | BPP: 0.0000 | QP: 63
2026-07-20 01:50:23,543 [INFO ]  [2500/4586] | Loss: 203.193 | PSNR: 5.775 | MSE: 0.26457412 | BPP: 0.0000 | QP: 63
2026-07-20 01:51:11,680 [INFO ]  [3000/4586] | Loss: 203.208 | PSNR: 5.774 | MSE: 0.26459433 | BPP: 0.0000 | QP: 63
2026-07-20 01:52:00,217 [INFO ]  [3500/4586] | Loss: 203.160 | PSNR: 5.775 | MSE: 0.26453098 | BPP: 0.0000 | QP: 63
2026-07-20 01:52:48,406 [INFO ]  [4000/4586] | Loss: 203.119 | PSNR: 5.776 | MSE: 0.26447776 | BPP: 0.0000 | QP: 63
2026-07-20 01:53:36,712 [INFO ]  [4500/4586] | Loss: 203.112 | PSNR: 5.776 | MSE: 0.26446854 | BPP: 0.0000 | QP: 63
2026-07-20 01:53:44,749 [INFO ]  Train epoch 32: Loss: 203.009 | PSNR: 5.778 | MSE: 0.26433469 | BPP: 0.0000
2026-07-20 01:54:28,169 [INFO ]  Val epoch 32: Loss: 202.818 | PSNR: 5.783 | MSE: 0.26408551 | BPP: 0.0000
2026-07-20 01:54:28,862 [INFO ]  Checkpoint epoch 32: best model saved: no | current loss: 202.817675 | best loss: 5.352725
2026-07-20 01:54:28,862 [INFO ]  Global step updated to: 151338
2026-07-20 01:54:28,863 [INFO ]  ====== Current epoch 33 ======
2026-07-20 01:54:28,863 [INFO ]  Learning rate: 0.0001
2026-07-20 01:54:29,374 [INFO ]  [0/4586] | Loss: 208.276 | PSNR: 5.667 | MSE: 0.27119222 | BPP: 0.0000 | QP: 63
2026-07-20 01:55:18,240 [INFO ]  [500/4586] | Loss: 202.646 | PSNR: 5.786 | MSE: 0.26386155 | BPP: 0.0000 | QP: 63
2026-07-20 01:56:06,620 [INFO ]  [1000/4586] | Loss: 203.029 | PSNR: 5.778 | MSE: 0.26436102 | BPP: 0.0000 | QP: 63
2026-07-20 01:56:55,377 [INFO ]  [1500/4586] | Loss: 202.962 | PSNR: 5.779 | MSE: 0.26427361 | BPP: 0.0000 | QP: 63
2026-07-20 01:57:44,396 [INFO ]  [2000/4586] | Loss: 203.011 | PSNR: 5.778 | MSE: 0.26433705 | BPP: 0.0000 | QP: 63
2026-07-20 01:58:33,329 [INFO ]  [2500/4586] | Loss: 203.087 | PSNR: 5.777 | MSE: 0.26443627 | BPP: 0.0000 | QP: 63
2026-07-20 01:59:22,163 [INFO ]  [3000/4586] | Loss: 203.038 | PSNR: 5.778 | MSE: 0.26437287 | BPP: 0.0000 | QP: 63
2026-07-20 02:00:10,839 [INFO ]  [3500/4586] | Loss: 203.064 | PSNR: 5.777 | MSE: 0.26440672 | BPP: 0.0000 | QP: 63
2026-07-20 02:00:59,290 [INFO ]  [4000/4586] | Loss: 203.064 | PSNR: 5.777 | MSE: 0.26440649 | BPP: 0.0000 | QP: 63
2026-07-20 02:01:48,051 [INFO ]  [4500/4586] | Loss: 203.061 | PSNR: 5.777 | MSE: 0.26440276 | BPP: 0.0000 | QP: 63
2026-07-20 02:01:56,144 [INFO ]  Train epoch 33: Loss: 203.006 | PSNR: 5.779 | MSE: 0.26433097 | BPP: 0.0000
2026-07-20 02:02:40,456 [INFO ]  Val epoch 33: Loss: 202.819 | PSNR: 5.783 | MSE: 0.26408770 | BPP: 0.0000
2026-07-20 02:02:41,165 [INFO ]  Checkpoint epoch 33: best model saved: no | current loss: 202.819351 | best loss: 5.352725
2026-07-20 02:02:41,165 [INFO ]  Global step updated to: 155924
2026-07-20 02:02:41,165 [INFO ]  ====== Current epoch 34 ======
2026-07-20 02:02:41,165 [INFO ]  Learning rate: 0.0001
2026-07-20 02:02:41,603 [INFO ]  [0/4586] | Loss: 192.158 | PSNR: 6.017 | MSE: 0.25020552 | BPP: 0.0000 | QP: 63
2026-07-20 02:03:30,114 [INFO ]  [500/4586] | Loss: 202.778 | PSNR: 5.783 | MSE: 0.26403119 | BPP: 0.0021 | QP: 63
2026-07-20 02:04:18,458 [INFO ]  [1000/4586] | Loss: 202.966 | PSNR: 5.779 | MSE: 0.26427675 | BPP: 0.0011 | QP: 63
2026-07-20 02:05:06,626 [INFO ]  [1500/4586] | Loss: 202.890 | PSNR: 5.781 | MSE: 0.26417857 | BPP: 0.0007 | QP: 63
2026-07-20 02:05:55,373 [INFO ]  [2000/4586] | Loss: 203.004 | PSNR: 5.779 | MSE: 0.26432735 | BPP: 0.0005 | QP: 63
2026-07-20 02:06:44,041 [INFO ]  [2500/4586] | Loss: 202.994 | PSNR: 5.779 | MSE: 0.26431513 | BPP: 0.0004 | QP: 63
2026-07-20 02:07:32,340 [INFO ]  [3000/4586] | Loss: 203.046 | PSNR: 5.778 | MSE: 0.26438247 | BPP: 0.0004 | QP: 63
2026-07-20 02:08:21,039 [INFO ]  [3500/4586] | Loss: 203.031 | PSNR: 5.778 | MSE: 0.26436246 | BPP: 0.0003 | QP: 63
2026-07-20 02:09:09,023 [INFO ]  [4000/4586] | Loss: 203.014 | PSNR: 5.778 | MSE: 0.26434038 | BPP: 0.0003 | QP: 63
2026-07-20 02:09:57,614 [INFO ]  [4500/4586] | Loss: 203.044 | PSNR: 5.778 | MSE: 0.26437927 | BPP: 0.0002 | QP: 63
2026-07-20 02:10:05,874 [INFO ]  Train epoch 34: Loss: 203.013 | PSNR: 5.778 | MSE: 0.26434014 | BPP: 0.0002
2026-07-20 02:10:49,879 [INFO ]  Val epoch 34: Loss: 202.827 | PSNR: 5.782 | MSE: 0.26409820 | BPP: 0.0000
2026-07-20 02:10:50,709 [INFO ]  Checkpoint epoch 34: best model saved: no | current loss: 202.827421 | best loss: 5.352725
2026-07-20 02:10:50,710 [INFO ]  Global step updated to: 160510
2026-07-20 02:10:50,710 [INFO ]  ====== Current epoch 35 ======
2026-07-20 02:10:50,710 [INFO ]  Learning rate: 0.0001
2026-07-20 02:10:51,252 [INFO ]  [0/4586] | Loss: 202.789 | PSNR: 5.783 | MSE: 0.26404878 | BPP: 0.0000 | QP: 63
2026-07-20 02:11:39,499 [INFO ]  [500/4586] | Loss: 203.237 | PSNR: 5.774 | MSE: 0.26463130 | BPP: 0.0000 | QP: 63
2026-07-20 02:12:27,435 [INFO ]  [1000/4586] | Loss: 203.337 | PSNR: 5.771 | MSE: 0.26476155 | BPP: 0.0000 | QP: 63
2026-07-20 02:13:15,891 [INFO ]  [1500/4586] | Loss: 203.263 | PSNR: 5.773 | MSE: 0.26466516 | BPP: 0.0000 | QP: 63
2026-07-20 02:14:04,456 [INFO ]  [2000/4586] | Loss: 203.201 | PSNR: 5.774 | MSE: 0.26458444 | BPP: 0.0000 | QP: 63
2026-07-20 02:14:52,641 [INFO ]  [2500/4586] | Loss: 203.238 | PSNR: 5.774 | MSE: 0.26463344 | BPP: 0.0000 | QP: 63
2026-07-20 02:15:40,914 [INFO ]  [3000/4586] | Loss: 203.185 | PSNR: 5.775 | MSE: 0.26456361 | BPP: 0.0000 | QP: 63
2026-07-20 02:16:29,341 [INFO ]  [3500/4586] | Loss: 203.158 | PSNR: 5.775 | MSE: 0.26452908 | BPP: 0.0000 | QP: 63
2026-07-20 02:17:17,397 [INFO ]  [4000/4586] | Loss: 203.157 | PSNR: 5.775 | MSE: 0.26452716 | BPP: 0.0000 | QP: 63
2026-07-20 02:18:05,563 [INFO ]  [4500/4586] | Loss: 203.126 | PSNR: 5.776 | MSE: 0.26448686 | BPP: 0.0000 | QP: 63
2026-07-20 02:18:13,700 [INFO ]  Train epoch 35: Loss: 203.033 | PSNR: 5.778 | MSE: 0.26436598 | BPP: 0.0000
2026-07-20 02:18:57,254 [INFO ]  Val epoch 35: Loss: 202.826 | PSNR: 5.782 | MSE: 0.26409612 | BPP: 0.0000
2026-07-20 02:18:57,949 [INFO ]  Checkpoint epoch 35: best model saved: no | current loss: 202.825820 | best loss: 5.352725
2026-07-20 02:18:57,949 [INFO ]  Global step updated to: 165096
2026-07-20 02:18:57,949 [INFO ]  ====== Current epoch 36 ======
2026-07-20 02:18:57,949 [INFO ]  Learning rate: 0.0001
2026-07-20 02:18:58,493 [INFO ]  [0/4586] | Loss: 187.982 | PSNR: 6.112 | MSE: 0.24476841 | BPP: 0.0000 | QP: 63
2026-07-20 02:19:46,775 [INFO ]  [500/4586] | Loss: 202.953 | PSNR: 5.780 | MSE: 0.26426198 | BPP: 0.0000 | QP: 63
2026-07-20 02:20:35,072 [INFO ]  [1000/4586] | Loss: 202.880 | PSNR: 5.781 | MSE: 0.26416719 | BPP: 0.0000 | QP: 63
2026-07-20 02:21:23,823 [INFO ]  [1500/4586] | Loss: 202.955 | PSNR: 5.780 | MSE: 0.26426418 | BPP: 0.0000 | QP: 63
2026-07-20 02:22:12,100 [INFO ]  [2000/4586] | Loss: 202.956 | PSNR: 5.780 | MSE: 0.26426602 | BPP: 0.0000 | QP: 63
2026-07-20 02:23:00,306 [INFO ]  [2500/4586] | Loss: 203.024 | PSNR: 5.778 | MSE: 0.26435305 | BPP: 0.0005 | QP: 63
2026-07-20 02:23:48,869 [INFO ]  [3000/4586] | Loss: 202.912 | PSNR: 5.781 | MSE: 0.26420788 | BPP: 0.0004 | QP: 63
2026-07-20 02:24:36,737 [INFO ]  [3500/4586] | Loss: 202.927 | PSNR: 5.780 | MSE: 0.26422708 | BPP: 0.0004 | QP: 63
2026-07-20 02:25:24,911 [INFO ]  [4000/4586] | Loss: 203.013 | PSNR: 5.778 | MSE: 0.26433881 | BPP: 0.0003 | QP: 63
2026-07-20 02:26:13,410 [INFO ]  [4500/4586] | Loss: 203.013 | PSNR: 5.778 | MSE: 0.26433990 | BPP: 0.0003 | QP: 63
2026-07-20 02:26:21,564 [INFO ]  Train epoch 36: Loss: 203.022 | PSNR: 5.778 | MSE: 0.26435114 | BPP: 0.0003
2026-07-20 02:27:04,937 [INFO ]  Val epoch 36: Loss: 202.825 | PSNR: 5.782 | MSE: 0.26409479 | BPP: 0.0000
2026-07-20 02:27:05,617 [INFO ]  Checkpoint epoch 36: best model saved: no | current loss: 202.824801 | best loss: 5.352725
2026-07-20 02:27:05,617 [INFO ]  Global step updated to: 169682
2026-07-20 02:27:05,617 [INFO ]  ====== Current epoch 37 ======
2026-07-20 02:27:05,617 [INFO ]  Learning rate: 0.0001
2026-07-20 02:27:06,079 [INFO ]  [0/4586] | Loss: 194.882 | PSNR: 5.956 | MSE: 0.25375223 | BPP: 0.0000 | QP: 63
2026-07-20 02:27:53,704 [INFO ]  [500/4586] | Loss: 202.935 | PSNR: 5.780 | MSE: 0.26423836 | BPP: 0.0000 | QP: 63
2026-07-20 02:28:41,772 [INFO ]  [1000/4586] | Loss: 203.080 | PSNR: 5.777 | MSE: 0.26442674 | BPP: 0.0000 | QP: 63
2026-07-20 02:29:31,113 [INFO ]  [1500/4586] | Loss: 203.114 | PSNR: 5.776 | MSE: 0.26447132 | BPP: 0.0000 | QP: 63
2026-07-20 02:30:19,488 [INFO ]  [2000/4586] | Loss: 203.225 | PSNR: 5.774 | MSE: 0.26461543 | BPP: 0.0000 | QP: 63
2026-07-20 02:31:07,954 [INFO ]  [2500/4586] | Loss: 203.276 | PSNR: 5.773 | MSE: 0.26468279 | BPP: 0.0000 | QP: 63
2026-07-20 02:31:56,392 [INFO ]  [3000/4586] | Loss: 203.238 | PSNR: 5.774 | MSE: 0.26463341 | BPP: 0.0000 | QP: 63
2026-07-20 02:32:44,698 [INFO ]  [3500/4586] | Loss: 203.191 | PSNR: 5.775 | MSE: 0.26457113 | BPP: 0.0000 | QP: 63
2026-07-20 02:33:33,454 [INFO ]  [4000/4586] | Loss: 203.175 | PSNR: 5.775 | MSE: 0.26455047 | BPP: 0.0000 | QP: 63
2026-07-20 02:34:21,924 [INFO ]  [4500/4586] | Loss: 203.137 | PSNR: 5.776 | MSE: 0.26450164 | BPP: 0.0000 | QP: 63
2026-07-20 02:34:29,974 [INFO ]  Train epoch 37: Loss: 203.013 | PSNR: 5.778 | MSE: 0.26433973 | BPP: 0.0000
2026-07-20 02:35:13,700 [INFO ]  Val epoch 37: Loss: 202.827 | PSNR: 5.782 | MSE: 0.26409815 | BPP: 0.0000
2026-07-20 02:35:14,380 [INFO ]  Checkpoint epoch 37: best model saved: no | current loss: 202.827383 | best loss: 5.352725
2026-07-20 02:35:14,380 [INFO ]  Global step updated to: 174268
2026-07-20 02:35:14,380 [INFO ]  ====== Current epoch 38 ======
2026-07-20 02:35:14,380 [INFO ]  Learning rate: 0.0001
2026-07-20 02:35:14,901 [INFO ]  [0/4586] | Loss: 203.462 | PSNR: 5.769 | MSE: 0.26492506 | BPP: 0.0000 | QP: 63
2026-07-20 02:36:03,428 [INFO ]  [500/4586] | Loss: 202.923 | PSNR: 5.780 | MSE: 0.26422330 | BPP: 0.0000 | QP: 63
2026-07-20 02:36:52,104 [INFO ]  [1000/4586] | Loss: 203.133 | PSNR: 5.776 | MSE: 0.26449663 | BPP: 0.0000 | QP: 63
2026-07-20 02:37:40,692 [INFO ]  [1500/4586] | Loss: 203.139 | PSNR: 5.776 | MSE: 0.26450376 | BPP: 0.0000 | QP: 63
2026-07-20 02:38:29,340 [INFO ]  [2000/4586] | Loss: 203.110 | PSNR: 5.776 | MSE: 0.26446643 | BPP: 0.0000 | QP: 63
2026-07-20 02:39:17,803 [INFO ]  [2500/4586] | Loss: 203.024 | PSNR: 5.778 | MSE: 0.26435383 | BPP: 0.0000 | QP: 63
2026-07-20 02:40:06,577 [INFO ]  [3000/4586] | Loss: 202.884 | PSNR: 5.781 | MSE: 0.26417161 | BPP: 0.0004 | QP: 63
2026-07-20 02:40:54,687 [INFO ]  [3500/4586] | Loss: 202.907 | PSNR: 5.781 | MSE: 0.26420108 | BPP: 0.0004 | QP: 63
2026-07-20 02:41:42,970 [INFO ]  [4000/4586] | Loss: 202.960 | PSNR: 5.780 | MSE: 0.26427016 | BPP: 0.0003 | QP: 63
2026-07-20 02:42:31,536 [INFO ]  [4500/4586] | Loss: 202.976 | PSNR: 5.779 | MSE: 0.26429192 | BPP: 0.0003 | QP: 63
2026-07-20 02:42:39,650 [INFO ]  Train epoch 38: Loss: 202.985 | PSNR: 5.779 | MSE: 0.26430278 | BPP: 0.0003
2026-07-20 02:43:23,148 [INFO ]  Val epoch 38: Loss: 202.802 | PSNR: 5.783 | MSE: 0.26406527 | BPP: 0.0000
2026-07-20 02:43:23,839 [INFO ]  Checkpoint epoch 38: best model saved: no | current loss: 202.802128 | best loss: 5.352725
2026-07-20 02:43:23,840 [INFO ]  Global step updated to: 178854
2026-07-20 02:43:23,840 [INFO ]  ====== Current epoch 39 ======
2026-07-20 02:43:23,840 [INFO ]  Learning rate: 0.0001
2026-07-20 02:43:24,322 [INFO ]  [0/4586] | Loss: 218.105 | PSNR: 5.467 | MSE: 0.28399059 | BPP: 0.0000 | QP: 63
2026-07-20 02:44:12,512 [INFO ]  [500/4586] | Loss: 203.268 | PSNR: 5.773 | MSE: 0.26467218 | BPP: 0.0000 | QP: 63
2026-07-20 02:45:00,865 [INFO ]  [1000/4586] | Loss: 203.194 | PSNR: 5.774 | MSE: 0.26457600 | BPP: 0.0000 | QP: 63
2026-07-20 02:45:49,580 [INFO ]  [1500/4586] | Loss: 203.184 | PSNR: 5.775 | MSE: 0.26456193 | BPP: 0.0000 | QP: 63
2026-07-20 02:46:38,126 [INFO ]  [2000/4586] | Loss: 203.026 | PSNR: 5.778 | MSE: 0.26435729 | BPP: 0.0000 | QP: 63
2026-07-20 02:47:26,369 [INFO ]  [2500/4586] | Loss: 203.048 | PSNR: 5.778 | MSE: 0.26438532 | BPP: 0.0000 | QP: 63
2026-07-20 02:48:15,447 [INFO ]  [3000/4586] | Loss: 203.054 | PSNR: 5.777 | MSE: 0.26439328 | BPP: 0.0000 | QP: 63
2026-07-20 02:49:04,181 [INFO ]  [3500/4586] | Loss: 203.106 | PSNR: 5.776 | MSE: 0.26446148 | BPP: 0.0000 | QP: 63
2026-07-20 02:49:52,909 [INFO ]  [4000/4586] | Loss: 203.046 | PSNR: 5.778 | MSE: 0.26438307 | BPP: 0.0000 | QP: 63
2026-07-20 02:50:41,691 [INFO ]  [4500/4586] | Loss: 203.086 | PSNR: 5.777 | MSE: 0.26443550 | BPP: 0.0000 | QP: 63
2026-07-20 02:50:49,694 [INFO ]  Train epoch 39: Loss: 202.932 | PSNR: 5.780 | MSE: 0.26423442 | BPP: 0.0000
2026-07-20 02:51:33,476 [INFO ]  Val epoch 39: Loss: 202.734 | PSNR: 5.784 | MSE: 0.26397687 | BPP: 0.0000
2026-07-20 02:51:34,189 [INFO ]  Checkpoint epoch 39: best model saved: no | current loss: 202.734239 | best loss: 5.352725
2026-07-20 02:51:34,190 [INFO ]  Global step updated to: 183440
2026-07-20 02:51:34,190 [INFO ]  ====== Current epoch 40 ======
2026-07-20 02:51:34,190 [INFO ]  Learning rate: 0.0001
2026-07-20 02:51:34,688 [INFO ]  [0/4586] | Loss: 193.735 | PSNR: 5.982 | MSE: 0.25225970 | BPP: 0.0000 | QP: 63
2026-07-20 02:52:23,298 [INFO ]  [500/4586] | Loss: 202.495 | PSNR: 5.789 | MSE: 0.26366542 | BPP: 0.0000 | QP: 63
2026-07-20 02:53:12,161 [INFO ]  [1000/4586] | Loss: 202.921 | PSNR: 5.780 | MSE: 0.26421994 | BPP: 0.0000 | QP: 63
2026-07-20 02:54:00,491 [INFO ]  [1500/4586] | Loss: 202.501 | PSNR: 5.789 | MSE: 0.26367336 | BPP: 0.0000 | QP: 63
2026-07-20 02:54:48,665 [INFO ]  [2000/4586] | Loss: 202.207 | PSNR: 5.796 | MSE: 0.26329030 | BPP: 0.0000 | QP: 63
2026-07-20 02:55:37,257 [INFO ]  [2500/4586] | Loss: 202.148 | PSNR: 5.797 | MSE: 0.26321419 | BPP: 0.0000 | QP: 63
2026-07-20 02:56:25,292 [INFO ]  [3000/4586] | Loss: 202.053 | PSNR: 5.799 | MSE: 0.26309043 | BPP: 0.0000 | QP: 63
2026-07-20 02:57:13,523 [INFO ]  [3500/4586] | Loss: 202.017 | PSNR: 5.800 | MSE: 0.26304248 | BPP: 0.0000 | QP: 63
2026-07-20 02:58:01,683 [INFO ]  [4000/4586] | Loss: 201.866 | PSNR: 5.803 | MSE: 0.26284677 | BPP: 0.0000 | QP: 63
2026-07-20 02:58:49,722 [INFO ]  [4500/4586] | Loss: 201.817 | PSNR: 5.804 | MSE: 0.26278238 | BPP: 0.0000 | QP: 63
2026-07-20 02:58:57,828 [INFO ]  Train epoch 40: Loss: 201.836 | PSNR: 5.804 | MSE: 0.26280788 | BPP: 0.0000
2026-07-20 02:59:41,437 [INFO ]  Val epoch 40: Loss: 201.261 | PSNR: 5.816 | MSE: 0.26205870 | BPP: 0.0000
2026-07-20 02:59:42,126 [INFO ]  Checkpoint epoch 40: best model saved: no | current loss: 201.261078 | best loss: 5.352725
2026-07-20 02:59:42,126 [INFO ]  Global step updated to: 188026
2026-07-20 02:59:42,126 [INFO ]  ====== Current epoch 41 ======
2026-07-20 02:59:42,127 [INFO ]  Learning rate: 0.0001
2026-07-20 02:59:42,615 [INFO ]  [0/4586] | Loss: 197.753 | PSNR: 5.892 | MSE: 0.25749040 | BPP: 0.0000 | QP: 63
2026-07-20 03:00:31,479 [INFO ]  [500/4586] | Loss: 201.445 | PSNR: 5.812 | MSE: 0.26229806 | BPP: 0.0000 | QP: 63
2026-07-20 03:01:20,394 [INFO ]  [1000/4586] | Loss: 201.654 | PSNR: 5.808 | MSE: 0.26256973 | BPP: 0.0000 | QP: 63
2026-07-20 03:02:08,853 [INFO ]  [1500/4586] | Loss: 201.674 | PSNR: 5.807 | MSE: 0.26259679 | BPP: 0.0000 | QP: 63
2026-07-20 03:02:57,886 [INFO ]  [2000/4586] | Loss: 201.600 | PSNR: 5.809 | MSE: 0.26249996 | BPP: 0.0000 | QP: 63
2026-07-20 03:03:46,552 [INFO ]  [2500/4586] | Loss: 201.596 | PSNR: 5.809 | MSE: 0.26249433 | BPP: 0.0000 | QP: 63
2026-07-20 03:04:35,323 [INFO ]  [3000/4586] | Loss: 201.631 | PSNR: 5.808 | MSE: 0.26253978 | BPP: 0.0004 | QP: 63
2026-07-20 03:05:23,813 [INFO ]  [3500/4586] | Loss: 201.618 | PSNR: 5.808 | MSE: 0.26252335 | BPP: 0.0003 | QP: 63
2026-07-20 03:06:12,681 [INFO ]  [4000/4586] | Loss: 201.616 | PSNR: 5.808 | MSE: 0.26251989 | BPP: 0.0003 | QP: 63
2026-07-20 03:07:01,247 [INFO ]  [4500/4586] | Loss: 201.524 | PSNR: 5.810 | MSE: 0.26240069 | BPP: 0.0003 | QP: 63
2026-07-20 03:07:09,306 [INFO ]  Train epoch 41: Loss: 201.496 | PSNR: 5.811 | MSE: 0.26236485 | BPP: 0.0003
2026-07-20 03:07:52,506 [INFO ]  Val epoch 41: Loss: 201.260 | PSNR: 5.816 | MSE: 0.26205763 | BPP: 0.0000
2026-07-20 03:07:53,207 [INFO ]  Checkpoint epoch 41: best model saved: no | current loss: 201.260259 | best loss: 5.352725
2026-07-20 03:07:53,207 [INFO ]  Global step updated to: 192612
2026-07-20 03:07:53,207 [INFO ]  ====== Current epoch 42 ======
2026-07-20 03:07:53,207 [INFO ]  Learning rate: 0.0001
2026-07-20 03:07:53,709 [INFO ]  [0/4586] | Loss: 191.261 | PSNR: 6.037 | MSE: 0.24903741 | BPP: 0.0000 | QP: 63
2026-07-20 03:08:42,393 [INFO ]  [500/4586] | Loss: 201.179 | PSNR: 5.818 | MSE: 0.26195132 | BPP: 0.0000 | QP: 63
2026-07-20 03:09:31,267 [INFO ]  [1000/4586] | Loss: 201.293 | PSNR: 5.815 | MSE: 0.26210033 | BPP: 0.0000 | QP: 63
2026-07-20 03:10:20,094 [INFO ]  [1500/4586] | Loss: 201.397 | PSNR: 5.813 | MSE: 0.26223540 | BPP: 0.0000 | QP: 63
2026-07-20 03:11:08,944 [INFO ]  [2000/4586] | Loss: 201.354 | PSNR: 5.814 | MSE: 0.26218001 | BPP: 0.0000 | QP: 63
2026-07-20 03:11:57,591 [INFO ]  [2500/4586] | Loss: 201.293 | PSNR: 5.815 | MSE: 0.26210021 | BPP: 0.0000 | QP: 63
2026-07-20 03:12:45,952 [INFO ]  [3000/4586] | Loss: 201.358 | PSNR: 5.814 | MSE: 0.26218474 | BPP: 0.0000 | QP: 63
2026-07-20 03:13:34,502 [INFO ]  [3500/4586] | Loss: 201.343 | PSNR: 5.814 | MSE: 0.26216487 | BPP: 0.0000 | QP: 63
2026-07-20 03:14:23,477 [INFO ]  [4000/4586] | Loss: 201.398 | PSNR: 5.813 | MSE: 0.26223672 | BPP: 0.0000 | QP: 63
2026-07-20 03:15:11,837 [INFO ]  [4500/4586] | Loss: 201.362 | PSNR: 5.814 | MSE: 0.26219024 | BPP: 0.0000 | QP: 63
2026-07-20 03:15:19,918 [INFO ]  Train epoch 42: Loss: 201.525 | PSNR: 5.810 | MSE: 0.26240298 | BPP: 0.0000
2026-07-20 03:16:03,352 [INFO ]  Val epoch 42: Loss: 201.250 | PSNR: 5.816 | MSE: 0.26204417 | BPP: 0.0000
2026-07-20 03:16:04,038 [INFO ]  Checkpoint epoch 42: best model saved: no | current loss: 201.249923 | best loss: 5.352725
2026-07-20 03:16:04,038 [INFO ]  Global step updated to: 197198
2026-07-20 03:16:04,039 [INFO ]  ====== Current epoch 43 ======
2026-07-20 03:16:04,039 [INFO ]  Learning rate: 0.0001
2026-07-20 03:16:04,539 [INFO ]  [0/4586] | Loss: 199.283 | PSNR: 5.859 | MSE: 0.25948250 | BPP: 0.0000 | QP: 63
2026-07-20 03:16:53,537 [INFO ]  [500/4586] | Loss: 200.966 | PSNR: 5.822 | MSE: 0.26167505 | BPP: 0.0000 | QP: 63
2026-07-20 03:17:43,186 [INFO ]  [1000/4586] | Loss: 201.245 | PSNR: 5.816 | MSE: 0.26203738 | BPP: 0.0000 | QP: 63
2026-07-20 03:18:32,060 [INFO ]  [1500/4586] | Loss: 201.474 | PSNR: 5.811 | MSE: 0.26233556 | BPP: 0.0000 | QP: 63
2026-07-20 03:19:20,696 [INFO ]  [2000/4586] | Loss: 201.484 | PSNR: 5.811 | MSE: 0.26234831 | BPP: 0.0000 | QP: 63
2026-07-20 03:20:09,505 [INFO ]  [2500/4586] | Loss: 201.506 | PSNR: 5.811 | MSE: 0.26237773 | BPP: 0.0000 | QP: 63
2026-07-20 03:20:57,700 [INFO ]  [3000/4586] | Loss: 201.479 | PSNR: 5.811 | MSE: 0.26234274 | BPP: 0.0000 | QP: 63
2026-07-20 03:21:46,632 [INFO ]  [3500/4586] | Loss: 201.475 | PSNR: 5.811 | MSE: 0.26233707 | BPP: 0.0000 | QP: 63
2026-07-20 03:22:35,465 [INFO ]  [4000/4586] | Loss: 201.481 | PSNR: 5.811 | MSE: 0.26234500 | BPP: 0.0000 | QP: 63
2026-07-20 03:23:23,775 [INFO ]  [4500/4586] | Loss: 201.496 | PSNR: 5.811 | MSE: 0.26236460 | BPP: 0.0000 | QP: 63
2026-07-20 03:23:31,917 [INFO ]  Train epoch 43: Loss: 201.487 | PSNR: 5.811 | MSE: 0.26235268 | BPP: 0.0000
2026-07-20 03:24:16,067 [INFO ]  Val epoch 43: Loss: 201.250 | PSNR: 5.816 | MSE: 0.26204483 | BPP: 0.0000
2026-07-20 03:24:16,745 [INFO ]  Checkpoint epoch 43: best model saved: no | current loss: 201.250433 | best loss: 5.352725
2026-07-20 03:24:16,746 [INFO ]  Global step updated to: 201784
2026-07-20 03:24:16,746 [INFO ]  ====== Current epoch 44 ======
2026-07-20 03:24:16,746 [INFO ]  Learning rate: 0.0001
2026-07-20 03:24:17,212 [INFO ]  [0/4586] | Loss: 202.476 | PSNR: 5.790 | MSE: 0.26364058 | BPP: 0.0000 | QP: 63
2026-07-20 03:25:05,798 [INFO ]  [500/4586] | Loss: 201.114 | PSNR: 5.819 | MSE: 0.26186420 | BPP: 0.0023 | QP: 63
2026-07-20 03:25:54,160 [INFO ]  [1000/4586] | Loss: 201.212 | PSNR: 5.817 | MSE: 0.26199317 | BPP: 0.0011 | QP: 63
2026-07-20 03:26:42,954 [INFO ]  [1500/4586] | Loss: 201.375 | PSNR: 5.814 | MSE: 0.26220576 | BPP: 0.0008 | QP: 63
2026-07-20 03:27:31,482 [INFO ]  [2000/4586] | Loss: 201.129 | PSNR: 5.819 | MSE: 0.26188612 | BPP: 0.0006 | QP: 63
2026-07-20 03:28:20,106 [INFO ]  [2500/4586] | Loss: 200.977 | PSNR: 5.822 | MSE: 0.26168786 | BPP: 0.0005 | QP: 63
2026-07-20 03:29:08,371 [INFO ]  [3000/4586] | Loss: 200.918 | PSNR: 5.823 | MSE: 0.26161095 | BPP: 0.0004 | QP: 63
2026-07-20 03:29:57,341 [INFO ]  [3500/4586] | Loss: 200.803 | PSNR: 5.826 | MSE: 0.26146207 | BPP: 0.0003 | QP: 63
2026-07-20 03:30:45,658 [INFO ]  [4000/4586] | Loss: 200.772 | PSNR: 5.827 | MSE: 0.26142189 | BPP: 0.0003 | QP: 63
2026-07-20 03:31:33,616 [INFO ]  [4500/4586] | Loss: 200.750 | PSNR: 5.827 | MSE: 0.26139311 | BPP: 0.0003 | QP: 63
2026-07-20 03:31:41,722 [INFO ]  Train epoch 44: Loss: 200.939 | PSNR: 5.823 | MSE: 0.26163856 | BPP: 0.0003
2026-07-20 03:32:25,194 [INFO ]  Val epoch 44: Loss: 200.389 | PSNR: 5.835 | MSE: 0.26092264 | BPP: 0.0000
2026-07-20 03:32:25,895 [INFO ]  Checkpoint epoch 44: best model saved: no | current loss: 200.388590 | best loss: 5.352725
2026-07-20 03:32:25,895 [INFO ]  Global step updated to: 206370
2026-07-20 03:32:25,895 [INFO ]  ====== Current epoch 45 ======
2026-07-20 03:32:25,895 [INFO ]  Learning rate: 0.0001
2026-07-20 03:32:26,416 [INFO ]  [0/4586] | Loss: 196.588 | PSNR: 5.918 | MSE: 0.25597382 | BPP: 0.0000 | QP: 63
2026-07-20 03:33:14,900 [INFO ]  [500/4586] | Loss: 200.680 | PSNR: 5.829 | MSE: 0.26130255 | BPP: 0.0000 | QP: 63
2026-07-20 03:34:02,994 [INFO ]  [1000/4586] | Loss: 200.722 | PSNR: 5.828 | MSE: 0.26135712 | BPP: 0.0000 | QP: 63
2026-07-20 03:34:51,161 [INFO ]  [1500/4586] | Loss: 200.667 | PSNR: 5.829 | MSE: 0.26128529 | BPP: 0.0000 | QP: 63
2026-07-20 03:35:39,810 [INFO ]  [2000/4586] | Loss: 200.827 | PSNR: 5.825 | MSE: 0.26149337 | BPP: 0.0000 | QP: 63
2026-07-20 03:36:28,106 [INFO ]  [2500/4586] | Loss: 200.928 | PSNR: 5.823 | MSE: 0.26162530 | BPP: 0.0000 | QP: 63
2026-07-20 03:37:15,347 [INFO ]  [3000/4586] | Loss: 200.937 | PSNR: 5.823 | MSE: 0.26163716 | BPP: 0.0000 | QP: 63
2026-07-20 03:38:03,248 [INFO ]  [3500/4586] | Loss: 200.930 | PSNR: 5.823 | MSE: 0.26162727 | BPP: 0.0000 | QP: 63
2026-07-20 03:38:51,917 [INFO ]  [4000/4586] | Loss: 200.934 | PSNR: 5.823 | MSE: 0.26163302 | BPP: 0.0000 | QP: 63
2026-07-20 03:39:39,898 [INFO ]  [4500/4586] | Loss: 200.912 | PSNR: 5.824 | MSE: 0.26160461 | BPP: 0.0000 | QP: 63
2026-07-20 03:39:48,087 [INFO ]  Train epoch 45: Loss: 200.689 | PSNR: 5.828 | MSE: 0.26131412 | BPP: 0.0000
2026-07-20 03:40:32,302 [INFO ]  Val epoch 45: Loss: 200.389 | PSNR: 5.835 | MSE: 0.26092347 | BPP: 0.0000
2026-07-20 03:40:33,018 [INFO ]  Checkpoint epoch 45: best model saved: no | current loss: 200.389224 | best loss: 5.352725
2026-07-20 03:40:33,018 [INFO ]  Global step updated to: 210956
2026-07-20 03:40:33,019 [INFO ]  ====== Current epoch 46 ======
2026-07-20 03:40:33,019 [INFO ]  Learning rate: 0.0001
2026-07-20 03:40:33,486 [INFO ]  [0/4586] | Loss: 203.010 | PSNR: 5.778 | MSE: 0.26433617 | BPP: 0.0000 | QP: 63
2026-07-20 03:41:22,646 [INFO ]  [500/4586] | Loss: 200.895 | PSNR: 5.824 | MSE: 0.26158252 | BPP: 0.0000 | QP: 63
2026-07-20 03:42:11,123 [INFO ]  [1000/4586] | Loss: 200.547 | PSNR: 5.831 | MSE: 0.26112955 | BPP: 0.0000 | QP: 63
2026-07-20 03:42:59,191 [INFO ]  [1500/4586] | Loss: 202.035 | PSNR: 5.799 | MSE: 0.26306617 | BPP: 0.0000 | QP: 63
2026-07-20 03:43:48,046 [INFO ]  [2000/4586] | Loss: 202.823 | PSNR: 5.782 | MSE: 0.26409222 | BPP: 0.0000 | QP: 63
2026-07-20 03:44:36,277 [INFO ]  [2500/4586] | Loss: 203.319 | PSNR: 5.772 | MSE: 0.26473802 | BPP: 0.0000 | QP: 63
2026-07-20 03:45:24,426 [INFO ]  [3000/4586] | Loss: 203.650 | PSNR: 5.765 | MSE: 0.26516907 | BPP: 0.0004 | QP: 63
2026-07-20 03:46:13,416 [INFO ]  [3500/4586] | Loss: 203.932 | PSNR: 5.759 | MSE: 0.26553648 | BPP: 0.0004 | QP: 63
2026-07-20 03:47:02,058 [INFO ]  [4000/4586] | Loss: 204.164 | PSNR: 5.754 | MSE: 0.26583873 | BPP: 0.0003 | QP: 63
2026-07-20 03:47:50,396 [INFO ]  [4500/4586] | Loss: 204.327 | PSNR: 5.750 | MSE: 0.26605096 | BPP: 0.0003 | QP: 63
2026-07-20 03:47:58,517 [INFO ]  Train epoch 46: Loss: 204.237 | PSNR: 5.752 | MSE: 0.26593345 | BPP: 0.0003
2026-07-20 03:48:41,581 [INFO ]  Val epoch 46: Loss: 205.223 | PSNR: 5.731 | MSE: 0.26721698 | BPP: 0.0000
2026-07-20 03:48:42,280 [INFO ]  Checkpoint epoch 46: best model saved: no | current loss: 205.222644 | best loss: 5.352725
2026-07-20 03:48:42,280 [INFO ]  Global step updated to: 215542
2026-07-20 03:48:42,280 [INFO ]  ====== Current epoch 47 ======
2026-07-20 03:48:42,280 [INFO ]  Learning rate: 0.0001
2026-07-20 03:48:42,825 [INFO ]  [0/4586] | Loss: 200.948 | PSNR: 5.823 | MSE: 0.26165056 | BPP: 0.0000 | QP: 63
2026-07-20 03:49:31,455 [INFO ]  [500/4586] | Loss: 205.074 | PSNR: 5.735 | MSE: 0.26702346 | BPP: 0.0000 | QP: 63
2026-07-20 03:50:19,736 [INFO ]  [1000/4586] | Loss: 204.683 | PSNR: 5.743 | MSE: 0.26651441 | BPP: 0.0000 | QP: 63
2026-07-20 03:51:07,860 [INFO ]  [1500/4586] | Loss: 203.943 | PSNR: 5.759 | MSE: 0.26555051 | BPP: 0.0000 | QP: 63
2026-07-20 03:51:56,471 [INFO ]  [2000/4586] | Loss: 203.634 | PSNR: 5.765 | MSE: 0.26514871 | BPP: 0.0000 | QP: 63
2026-07-20 03:52:44,938 [INFO ]  [2500/4586] | Loss: 203.375 | PSNR: 5.771 | MSE: 0.26481111 | BPP: 0.0000 | QP: 63
2026-07-20 03:53:33,366 [INFO ]  [3000/4586] | Loss: 203.195 | PSNR: 5.774 | MSE: 0.26457739 | BPP: 0.0000 | QP: 63
2026-07-20 03:54:22,062 [INFO ]  [3500/4586] | Loss: 203.233 | PSNR: 5.774 | MSE: 0.26462629 | BPP: 0.0000 | QP: 63
2026-07-20 03:55:10,476 [INFO ]  [4000/4586] | Loss: 203.139 | PSNR: 5.776 | MSE: 0.26450358 | BPP: 0.0000 | QP: 63
2026-07-20 03:55:59,012 [INFO ]  [4500/4586] | Loss: 203.073 | PSNR: 5.777 | MSE: 0.26441836 | BPP: 0.0000 | QP: 63
2026-07-20 03:56:07,045 [INFO ]  Train epoch 47: Loss: 203.081 | PSNR: 5.777 | MSE: 0.26442820 | BPP: 0.0000
2026-07-20 03:56:50,675 [INFO ]  Val epoch 47: Loss: 202.389 | PSNR: 5.792 | MSE: 0.26352689 | BPP: 0.0000
2026-07-20 03:56:51,500 [INFO ]  Checkpoint epoch 47: best model saved: no | current loss: 202.388651 | best loss: 5.352725
2026-07-20 03:56:51,500 [INFO ]  Global step updated to: 220128
2026-07-20 03:56:51,500 [INFO ]  ====== Current epoch 48 ======
2026-07-20 03:56:51,500 [INFO ]  Learning rate: 0.0001
2026-07-20 03:56:52,021 [INFO ]  [0/4586] | Loss: 226.501 | PSNR: 5.303 | MSE: 0.29492301 | BPP: 0.0000 | QP: 63
2026-07-20 03:57:41,007 [INFO ]  [500/4586] | Loss: 90.529 | PSNR: 5.763 | MSE: 0.26529231 | BPP: 0.0104 | QP: 37
2026-07-20 03:58:29,539 [INFO ]  [1000/4586] | Loss: 89.520 | PSNR: 5.758 | MSE: 0.26558872 | BPP: 0.0103 | QP: 16
2026-07-20 03:59:18,306 [INFO ]  [1500/4586] | Loss: 89.523 | PSNR: 5.752 | MSE: 0.26592185 | BPP: 0.0110 | QP: 63
2026-07-20 04:00:07,029 [INFO ]  [2000/4586] | Loss: 88.813 | PSNR: 5.746 | MSE: 0.26629110 | BPP: 0.0108 | QP: 44
2026-07-20 04:00:55,503 [INFO ]  [2500/4586] | Loss: 89.395 | PSNR: 5.752 | MSE: 0.26596685 | BPP: 0.0106 | QP: 58
2026-07-20 04:01:44,160 [INFO ]  [3000/4586] | Loss: 89.199 | PSNR: 5.754 | MSE: 0.26582964 | BPP: 0.0104 | QP: 63
2026-07-20 04:02:32,892 [INFO ]  [3500/4586] | Loss: 88.976 | PSNR: 5.756 | MSE: 0.26568031 | BPP: 0.0103 | QP: 16
2026-07-20 04:03:21,025 [INFO ]  [4000/4586] | Loss: 88.851 | PSNR: 5.759 | MSE: 0.26554259 | BPP: 0.0102 | QP: 38
2026-07-20 04:04:09,240 [INFO ]  [4500/4586] | Loss: 88.529 | PSNR: 5.760 | MSE: 0.26543114 | BPP: 0.0102 | QP: 63
2026-07-20 04:04:17,526 [INFO ]  Train epoch 48: Loss: 88.422 | PSNR: 5.760 | MSE: 0.26543701 | BPP: 0.0102
2026-07-20 04:05:00,941 [INFO ]  Val epoch 48: Loss: 203.184 | PSNR: 5.775 | MSE: 0.26456273 | BPP: 0.0000
2026-07-20 04:05:01,633 [INFO ]  Checkpoint epoch 48: best model saved: no | current loss: 203.184178 | best loss: 5.352725
2026-07-20 04:05:01,633 [INFO ]  Global step updated to: 224714
2026-07-20 04:05:01,633 [INFO ]  ====== Current epoch 49 ======
2026-07-20 04:05:01,633 [INFO ]  Learning rate: 0.0001
2026-07-20 04:05:02,173 [INFO ]  [0/4586] | Loss: 196.684 | PSNR: 5.916 | MSE: 0.25609943 | BPP: 0.0000 | QP: 63
2026-07-20 04:05:50,540 [INFO ]  [500/4586] | Loss: 89.547 | PSNR: 5.781 | MSE: 0.26420654 | BPP: 0.0093 | QP: 20
2026-07-20 04:06:38,721 [INFO ]  [1000/4586] | Loss: 88.900 | PSNR: 5.775 | MSE: 0.26452451 | BPP: 0.0092 | QP: 34
2026-07-20 04:07:27,243 [INFO ]  [1500/4586] | Loss: 87.887 | PSNR: 5.772 | MSE: 0.26470793 | BPP: 0.0092 | QP: 63
2026-07-20 04:08:15,419 [INFO ]  [2000/4586] | Loss: 88.046 | PSNR: 5.773 | MSE: 0.26465040 | BPP: 0.0092 | QP: 44
2026-07-20 04:09:04,172 [INFO ]  [2500/4586] | Loss: 87.912 | PSNR: 5.772 | MSE: 0.26473753 | BPP: 0.0092 | QP: 0
2026-07-20 04:09:52,775 [INFO ]  [3000/4586] | Loss: 88.522 | PSNR: 5.771 | MSE: 0.26478141 | BPP: 0.0091 | QP: 63
2026-07-20 04:10:41,536 [INFO ]  [3500/4586] | Loss: 88.107 | PSNR: 5.772 | MSE: 0.26475732 | BPP: 0.0091 | QP: 2
2026-07-20 04:11:29,587 [INFO ]  [4000/4586] | Loss: 88.176 | PSNR: 5.771 | MSE: 0.26479727 | BPP: 0.0090 | QP: 22
2026-07-20 04:12:18,192 [INFO ]  [4500/4586] | Loss: 88.342 | PSNR: 5.772 | MSE: 0.26473635 | BPP: 0.0090 | QP: 63
2026-07-20 04:12:26,329 [INFO ]  Train epoch 49: Loss: 88.421 | PSNR: 5.771 | MSE: 0.26478360 | BPP: 0.0090
2026-07-20 04:13:09,398 [INFO ]  Val epoch 49: Loss: 203.176 | PSNR: 5.775 | MSE: 0.26455229 | BPP: 0.0000
2026-07-20 04:13:10,097 [INFO ]  Checkpoint epoch 49: best model saved: no | current loss: 203.176162 | best loss: 5.352725
2026-07-20 04:13:10,097 [INFO ]  Global step updated to: 229300
2026-07-20 04:13:10,097 [INFO ]  ====== Current epoch 50 ======
2026-07-20 04:13:10,097 [INFO ]  Learning rate: 0.0001
2026-07-20 04:13:10,592 [INFO ]  [0/4586] | Loss: 199.383 | PSNR: 5.857 | MSE: 0.25961354 | BPP: 0.0000 | QP: 63
2026-07-20 04:13:59,141 [INFO ]  [500/4586] | Loss: 89.622 | PSNR: 5.768 | MSE: 0.26496573 | BPP: 0.0084 | QP: 27
2026-07-20 04:14:47,383 [INFO ]  [1000/4586] | Loss: 90.349 | PSNR: 5.766 | MSE: 0.26508546 | BPP: 0.0083 | QP: 37
2026-07-20 04:15:35,984 [INFO ]  [1500/4586] | Loss: 88.871 | PSNR: 5.771 | MSE: 0.26476017 | BPP: 0.0083 | QP: 63
2026-07-20 04:16:24,428 [INFO ]  [2000/4586] | Loss: 89.385 | PSNR: 5.771 | MSE: 0.26477615 | BPP: 0.0083 | QP: 43
2026-07-20 04:17:12,847 [INFO ]  [2500/4586] | Loss: 89.341 | PSNR: 5.773 | MSE: 0.26468367 | BPP: 0.0082 | QP: 58
2026-07-20 04:18:01,540 [INFO ]  [3000/4586] | Loss: 89.575 | PSNR: 5.774 | MSE: 0.26462326 | BPP: 0.0082 | QP: 63
2026-07-20 04:18:50,265 [INFO ]  [3500/4586] | Loss: 89.431 | PSNR: 5.774 | MSE: 0.26459822 | BPP: 0.0081 | QP: 28
2026-07-20 04:19:38,683 [INFO ]  [4000/4586] | Loss: 89.115 | PSNR: 5.773 | MSE: 0.26469137 | BPP: 0.0081 | QP: 48
2026-07-20 04:20:27,618 [INFO ]  [4500/4586] | Loss: 89.290 | PSNR: 5.772 | MSE: 0.26472217 | BPP: 0.0080 | QP: 63
2026-07-20 04:20:35,852 [INFO ]  Train epoch 50: Loss: 89.586 | PSNR: 5.771 | MSE: 0.26476159 | BPP: 0.0080
2026-07-20 04:21:19,111 [INFO ]  Val epoch 50: Loss: 203.170 | PSNR: 5.775 | MSE: 0.26454401 | BPP: 0.0000
2026-07-20 04:21:19,800 [INFO ]  Checkpoint epoch 50: best model saved: no | current loss: 203.169799 | best loss: 5.352725
2026-07-20 04:21:19,801 [INFO ]  Global step updated to: 233886
2026-07-20 04:21:19,801 [INFO ]  ====== Current epoch 51 ======
2026-07-20 04:21:19,801 [INFO ]  Learning rate: 0.0001
2026-07-20 04:21:20,289 [INFO ]  [0/4586] | Loss: 207.986 | PSNR: 5.673 | MSE: 0.27081525 | BPP: 0.0000 | QP: 63
2026-07-20 04:22:08,825 [INFO ]  [500/4586] | Loss: 88.332 | PSNR: 5.771 | MSE: 0.26481889 | BPP: 0.0076 | QP: 55
2026-07-20 04:22:57,255 [INFO ]  [1000/4586] | Loss: 89.409 | PSNR: 5.768 | MSE: 0.26494280 | BPP: 0.0087 | QP: 37
2026-07-20 04:23:46,374 [INFO ]  [1500/4586] | Loss: 90.043 | PSNR: 5.769 | MSE: 0.26491631 | BPP: 0.0083 | QP: 63
2026-07-20 04:24:34,881 [INFO ]  [2000/4586] | Loss: 89.657 | PSNR: 5.772 | MSE: 0.26474183 | BPP: 0.0080 | QP: 5
2026-07-20 04:25:23,981 [INFO ]  [2500/4586] | Loss: 89.707 | PSNR: 5.772 | MSE: 0.26473167 | BPP: 0.0079 | QP: 57
2026-07-20 04:26:12,846 [INFO ]  [3000/4586] | Loss: 89.262 | PSNR: 5.772 | MSE: 0.26475751 | BPP: 0.0078 | QP: 63
2026-07-20 04:27:01,486 [INFO ]  [3500/4586] | Loss: 88.823 | PSNR: 5.771 | MSE: 0.26479469 | BPP: 0.0077 | QP: 20
2026-07-20 04:27:49,546 [INFO ]  [4000/4586] | Loss: 88.526 | PSNR: 5.772 | MSE: 0.26471727 | BPP: 0.0076 | QP: 49
2026-07-20 04:28:38,593 [INFO ]  [4500/4586] | Loss: 88.777 | PSNR: 5.773 | MSE: 0.26467338 | BPP: 0.0075 | QP: 63
2026-07-20 04:28:46,727 [INFO ]  Train epoch 51: Loss: 88.842 | PSNR: 5.772 | MSE: 0.26474745 | BPP: 0.0075
2026-07-20 04:29:29,780 [INFO ]  Val epoch 51: Loss: 203.160 | PSNR: 5.775 | MSE: 0.26453128 | BPP: 0.0000
2026-07-20 04:29:30,461 [INFO ]  Checkpoint epoch 51: best model saved: no | current loss: 203.160025 | best loss: 5.352725
2026-07-20 04:29:30,461 [INFO ]  Global step updated to: 238472
2026-07-20 04:29:30,461 [INFO ]  ====== Current epoch 52 ======
2026-07-20 04:29:30,462 [INFO ]  Learning rate: 0.0001
2026-07-20 04:29:30,991 [INFO ]  [0/4586] | Loss: 199.435 | PSNR: 5.856 | MSE: 0.25968069 | BPP: 0.0000 | QP: 63
2026-07-20 04:30:19,401 [INFO ]  [500/4586] | Loss: 89.982 | PSNR: 5.774 | MSE: 0.26462910 | BPP: 0.0067 | QP: 2
2026-07-20 04:31:08,070 [INFO ]  [1000/4586] | Loss: 90.179 | PSNR: 5.773 | MSE: 0.26466073 | BPP: 0.0067 | QP: 63
2026-07-20 04:31:56,793 [INFO ]  [1500/4586] | Loss: 89.499 | PSNR: 5.770 | MSE: 0.26484419 | BPP: 0.0067 | QP: 63
2026-07-20 04:32:45,261 [INFO ]  [2000/4586] | Loss: 88.933 | PSNR: 5.771 | MSE: 0.26481257 | BPP: 0.0066 | QP: 10
2026-07-20 04:33:33,508 [INFO ]  [2500/4586] | Loss: 88.723 | PSNR: 5.771 | MSE: 0.26477167 | BPP: 0.0066 | QP: 53
2026-07-20 04:34:22,032 [INFO ]  [3000/4586] | Loss: 89.266 | PSNR: 5.773 | MSE: 0.26468051 | BPP: 0.0065 | QP: 63
2026-07-20 04:35:10,050 [INFO ]  [3500/4586] | Loss: 88.702 | PSNR: 5.773 | MSE: 0.26468217 | BPP: 0.0065 | QP: 30
2026-07-20 04:35:58,018 [INFO ]  [4000/4586] | Loss: 88.819 | PSNR: 5.774 | MSE: 0.26461240 | BPP: 0.0065 | QP: 47
2026-07-20 04:36:46,087 [INFO ]  [4500/4586] | Loss: 88.776 | PSNR: 5.775 | MSE: 0.26457341 | BPP: 0.0064 | QP: 63
2026-07-20 04:36:54,109 [INFO ]  Train epoch 52: Loss: 88.884 | PSNR: 5.773 | MSE: 0.26469282 | BPP: 0.0064
2026-07-20 04:37:37,583 [INFO ]  Val epoch 52: Loss: 203.085 | PSNR: 5.777 | MSE: 0.26443311 | BPP: 0.0000
2026-07-20 04:37:38,284 [INFO ]  Checkpoint epoch 52: best model saved: no | current loss: 203.084629 | best loss: 5.352725
2026-07-20 04:37:38,285 [INFO ]  Global step updated to: 243058
2026-07-20 04:37:38,285 [INFO ]  ====== Current epoch 53 ======
2026-07-20 04:37:38,285 [INFO ]  Learning rate: 0.0001
2026-07-20 04:37:38,780 [INFO ]  [0/4586] | Loss: 198.643 | PSNR: 5.873 | MSE: 0.25864941 | BPP: 0.0000 | QP: 63
2026-07-20 04:38:26,697 [INFO ]  [500/4586] | Loss: 90.474 | PSNR: 5.776 | MSE: 0.26448217 | BPP: 0.0059 | QP: 50
2026-07-20 04:39:15,107 [INFO ]  [1000/4586] | Loss: 89.315 | PSNR: 5.774 | MSE: 0.26461713 | BPP: 0.0059 | QP: 1
2026-07-20 04:40:03,548 [INFO ]  [1500/4586] | Loss: 89.398 | PSNR: 5.771 | MSE: 0.26475971 | BPP: 0.0059 | QP: 63
2026-07-20 04:40:51,550 [INFO ]  [2000/4586] | Loss: 89.180 | PSNR: 5.768 | MSE: 0.26495227 | BPP: 0.0058 | QP: 41
2026-07-20 04:41:39,549 [INFO ]  [2500/4586] | Loss: 89.201 | PSNR: 5.769 | MSE: 0.26491394 | BPP: 0.0058 | QP: 32
2026-07-20 04:42:28,287 [INFO ]  [3000/4586] | Loss: 89.415 | PSNR: 5.769 | MSE: 0.26491273 | BPP: 0.0058 | QP: 63
2026-07-20 04:43:16,705 [INFO ]  [3500/4586] | Loss: 89.350 | PSNR: 5.768 | MSE: 0.26496944 | BPP: 0.0057 | QP: 13
2026-07-20 04:44:05,005 [INFO ]  [4000/4586] | Loss: 89.510 | PSNR: 5.769 | MSE: 0.26488459 | BPP: 0.0060 | QP: 38
2026-07-20 04:44:53,822 [INFO ]  [4500/4586] | Loss: 89.261 | PSNR: 5.770 | MSE: 0.26483163 | BPP: 0.0059 | QP: 63
2026-07-20 04:45:01,925 [INFO ]  Train epoch 53: Loss: 89.203 | PSNR: 5.773 | MSE: 0.26469256 | BPP: 0.0059
2026-07-20 04:45:45,245 [INFO ]  Val epoch 53: Loss: 203.042 | PSNR: 5.778 | MSE: 0.26437697 | BPP: 0.0000
2026-07-20 04:45:45,939 [INFO ]  Checkpoint epoch 53: best model saved: no | current loss: 203.041510 | best loss: 5.352725
2026-07-20 04:45:45,939 [INFO ]  Global step updated to: 247644
2026-07-20 04:45:45,939 [INFO ]  ====== Current epoch 54 ======
2026-07-20 04:45:45,939 [INFO ]  Learning rate: 0.0001
2026-07-20 04:45:46,487 [INFO ]  [0/4586] | Loss: 200.044 | PSNR: 5.842 | MSE: 0.26047423 | BPP: 0.0000 | QP: 63
2026-07-20 04:46:34,726 [INFO ]  [500/4586] | Loss: 87.875 | PSNR: 5.772 | MSE: 0.26471454 | BPP: 0.0053 | QP: 58
2026-07-20 04:47:22,916 [INFO ]  [1000/4586] | Loss: 88.710 | PSNR: 5.773 | MSE: 0.26465737 | BPP: 0.0052 | QP: 7
2026-07-20 04:48:11,313 [INFO ]  [1500/4586] | Loss: 89.523 | PSNR: 5.773 | MSE: 0.26466620 | BPP: 0.0052 | QP: 63
2026-07-20 04:48:59,744 [INFO ]  [2000/4586] | Loss: 89.442 | PSNR: 5.771 | MSE: 0.26476444 | BPP: 0.0052 | QP: 52
2026-07-20 04:49:48,081 [INFO ]  [2500/4586] | Loss: 89.344 | PSNR: 5.771 | MSE: 0.26479023 | BPP: 0.0051 | QP: 35
2026-07-20 04:50:36,464 [INFO ]  [3000/4586] | Loss: 89.267 | PSNR: 5.772 | MSE: 0.26475273 | BPP: 0.0051 | QP: 63
2026-07-20 04:51:24,471 [INFO ]  [3500/4586] | Loss: 89.487 | PSNR: 5.772 | MSE: 0.26475201 | BPP: 0.0050 | QP: 39
2026-07-20 04:52:12,790 [INFO ]  [4000/4586] | Loss: 89.292 | PSNR: 5.773 | MSE: 0.26464081 | BPP: 0.0050 | QP: 0
2026-07-20 04:53:01,314 [INFO ]  [4500/4586] | Loss: 89.534 | PSNR: 5.774 | MSE: 0.26462591 | BPP: 0.0050 | QP: 63
2026-07-20 04:53:09,373 [INFO ]  Train epoch 54: Loss: 89.607 | PSNR: 5.773 | MSE: 0.26464307 | BPP: 0.0049
2026-07-20 04:53:52,530 [INFO ]  Val epoch 54: Loss: 203.037 | PSNR: 5.778 | MSE: 0.26437105 | BPP: 0.0000
2026-07-20 04:53:53,208 [INFO ]  Checkpoint epoch 54: best model saved: no | current loss: 203.036969 | best loss: 5.352725
2026-07-20 04:53:53,209 [INFO ]  Global step updated to: 252230
2026-07-20 04:53:53,209 [INFO ]  ====== Current epoch 55 ======
2026-07-20 04:53:53,209 [INFO ]  Learning rate: 0.0001
2026-07-20 04:53:53,706 [INFO ]  [0/4586] | Loss: 213.309 | PSNR: 5.564 | MSE: 0.27774572 | BPP: 0.0000 | QP: 63
2026-07-20 04:54:42,078 [INFO ]  [500/4586] | Loss: 89.007 | PSNR: 5.776 | MSE: 0.26449711 | BPP: 0.0046 | QP: 50
2026-07-20 04:55:30,461 [INFO ]  [1000/4586] | Loss: 88.167 | PSNR: 5.773 | MSE: 0.26464968 | BPP: 0.0045 | QP: 11
2026-07-20 04:56:19,297 [INFO ]  [1500/4586] | Loss: 88.454 | PSNR: 5.778 | MSE: 0.26438714 | BPP: 0.0045 | QP: 63
2026-07-20 04:57:07,214 [INFO ]  [2000/4586] | Loss: 88.085 | PSNR: 5.777 | MSE: 0.26441378 | BPP: 0.0044 | QP: 34
2026-07-20 04:57:55,830 [INFO ]  [2500/4586] | Loss: 88.435 | PSNR: 5.775 | MSE: 0.26452732 | BPP: 0.0044 | QP: 32
2026-07-20 04:58:44,441 [INFO ]  [3000/4586] | Loss: 89.042 | PSNR: 5.775 | MSE: 0.26451668 | BPP: 0.0044 | QP: 63
2026-07-20 04:59:32,700 [INFO ]  [3500/4586] | Loss: 88.662 | PSNR: 5.776 | MSE: 0.26451188 | BPP: 0.0043 | QP: 0
2026-07-20 05:00:21,540 [INFO ]  [4000/4586] | Loss: 88.998 | PSNR: 5.775 | MSE: 0.26452670 | BPP: 0.0043 | QP: 61
2026-07-20 05:01:10,231 [INFO ]  [4500/4586] | Loss: 88.951 | PSNR: 5.776 | MSE: 0.26451345 | BPP: 0.0043 | QP: 63
2026-07-20 05:01:18,411 [INFO ]  Train epoch 55: Loss: 89.017 | PSNR: 5.774 | MSE: 0.26461511 | BPP: 0.0043
2026-07-20 05:02:01,856 [INFO ]  Val epoch 55: Loss: 203.040 | PSNR: 5.778 | MSE: 0.26437542 | BPP: 0.0000
2026-07-20 05:02:02,575 [INFO ]  Checkpoint epoch 55: best model saved: no | current loss: 203.040324 | best loss: 5.352725
2026-07-20 05:02:02,575 [INFO ]  Global step updated to: 256816
2026-07-20 05:02:02,575 [INFO ]  ====== Current epoch 56 ======
2026-07-20 05:02:02,575 [INFO ]  Learning rate: 0.0001
2026-07-20 05:02:03,150 [INFO ]  [0/4586] | Loss: 191.168 | PSNR: 6.039 | MSE: 0.24891698 | BPP: 0.0000 | QP: 63
2026-07-20 05:02:51,748 [INFO ]  [500/4586] | Loss: 89.634 | PSNR: 5.773 | MSE: 0.26469304 | BPP: 0.0039 | QP: 17
2026-07-20 05:03:40,303 [INFO ]  [1000/4586] | Loss: 89.874 | PSNR: 5.774 | MSE: 0.26460967 | BPP: 0.0039 | QP: 3
2026-07-20 05:04:28,473 [INFO ]  [1500/4586] | Loss: 89.449 | PSNR: 5.774 | MSE: 0.26457672 | BPP: 0.0039 | QP: 63
2026-07-20 05:05:16,554 [INFO ]  [2000/4586] | Loss: 88.655 | PSNR: 5.772 | MSE: 0.26471428 | BPP: 0.0043 | QP: 4
2026-07-20 05:06:05,053 [INFO ]  [2500/4586] | Loss: 89.267 | PSNR: 5.773 | MSE: 0.26464791 | BPP: 0.0042 | QP: 51
2026-07-20 05:06:53,277 [INFO ]  [3000/4586] | Loss: 88.998 | PSNR: 5.772 | MSE: 0.26473014 | BPP: 0.0041 | QP: 63
2026-07-20 05:07:41,268 [INFO ]  [3500/4586] | Loss: 88.701 | PSNR: 5.772 | MSE: 0.26471247 | BPP: 0.0040 | QP: 53
2026-07-20 05:08:30,027 [INFO ]  [4000/4586] | Loss: 88.684 | PSNR: 5.774 | MSE: 0.26461770 | BPP: 0.0039 | QP: 45
2026-07-20 05:09:18,434 [INFO ]  [4500/4586] | Loss: 88.853 | PSNR: 5.774 | MSE: 0.26462082 | BPP: 0.0039 | QP: 63
2026-07-20 05:09:26,567 [INFO ]  Train epoch 56: Loss: 88.812 | PSNR: 5.774 | MSE: 0.26458501 | BPP: 0.0039
2026-07-20 05:10:10,103 [INFO ]  Val epoch 56: Loss: 203.039 | PSNR: 5.778 | MSE: 0.26437363 | BPP: 0.0000
2026-07-20 05:10:10,798 [INFO ]  Checkpoint epoch 56: best model saved: no | current loss: 203.038950 | best loss: 5.352725
2026-07-20 05:10:10,798 [INFO ]  Global step updated to: 261402
2026-07-20 05:10:10,799 [INFO ]  ====== Current epoch 57 ======
2026-07-20 05:10:10,799 [INFO ]  Learning rate: 0.0001
2026-07-20 05:10:11,347 [INFO ]  [0/4586] | Loss: 192.739 | PSNR: 6.004 | MSE: 0.25096199 | BPP: 0.0000 | QP: 63
2026-07-20 05:10:59,643 [INFO ]  [500/4586] | Loss: 88.176 | PSNR: 5.782 | MSE: 0.26413455 | BPP: 0.0033 | QP: 41
2026-07-20 05:11:48,120 [INFO ]  [1000/4586] | Loss: 89.685 | PSNR: 5.781 | MSE: 0.26417235 | BPP: 0.0033 | QP: 58
2026-07-20 05:12:36,344 [INFO ]  [1500/4586] | Loss: 89.277 | PSNR: 5.776 | MSE: 0.26450183 | BPP: 0.0033 | QP: 63
2026-07-20 05:13:24,609 [INFO ]  [2000/4586] | Loss: 88.886 | PSNR: 5.773 | MSE: 0.26466709 | BPP: 0.0032 | QP: 11
2026-07-20 05:14:13,205 [INFO ]  [2500/4586] | Loss: 89.114 | PSNR: 5.775 | MSE: 0.26456753 | BPP: 0.0032 | QP: 23
2026-07-20 05:15:01,837 [INFO ]  [3000/4586] | Loss: 89.240 | PSNR: 5.774 | MSE: 0.26460035 | BPP: 0.0032 | QP: 63
2026-07-20 05:15:50,265 [INFO ]  [3500/4586] | Loss: 89.398 | PSNR: 5.773 | MSE: 0.26465091 | BPP: 0.0031 | QP: 17
2026-07-20 05:16:39,050 [INFO ]  [4000/4586] | Loss: 89.107 | PSNR: 5.774 | MSE: 0.26459058 | BPP: 0.0031 | QP: 26
2026-07-20 05:17:27,622 [INFO ]  [4500/4586] | Loss: 89.045 | PSNR: 5.774 | MSE: 0.26458583 | BPP: 0.0031 | QP: 63
2026-07-20 05:17:35,705 [INFO ]  Train epoch 57: Loss: 89.173 | PSNR: 5.775 | MSE: 0.26457526 | BPP: 0.0031
2026-07-20 05:18:19,817 [INFO ]  Val epoch 57: Loss: 203.037 | PSNR: 5.778 | MSE: 0.26437117 | BPP: 0.0000
2026-07-20 05:18:20,510 [INFO ]  Checkpoint epoch 57: best model saved: no | current loss: 203.037061 | best loss: 5.352725
2026-07-20 05:18:20,511 [INFO ]  Global step updated to: 265988
2026-07-20 05:18:20,511 [INFO ]  ====== Current epoch 58 ======
2026-07-20 05:18:20,511 [INFO ]  Learning rate: 0.0001
2026-07-20 05:18:21,078 [INFO ]  [0/4586] | Loss: 205.412 | PSNR: 5.727 | MSE: 0.26746380 | BPP: 0.0000 | QP: 63
2026-07-20 05:19:09,720 [INFO ]  [500/4586] | Loss: 87.175 | PSNR: 5.782 | MSE: 0.26413944 | BPP: 0.0028 | QP: 38
2026-07-20 05:19:58,081 [INFO ]  [1000/4586] | Loss: 88.876 | PSNR: 5.783 | MSE: 0.26406650 | BPP: 0.0028 | QP: 45
2026-07-20 05:20:46,748 [INFO ]  [1500/4586] | Loss: 88.951 | PSNR: 5.780 | MSE: 0.26424901 | BPP: 0.0035 | QP: 63
2026-07-20 05:21:35,381 [INFO ]  [2000/4586] | Loss: 88.543 | PSNR: 5.778 | MSE: 0.26434261 | BPP: 0.0033 | QP: 40
2026-07-20 05:22:23,850 [INFO ]  [2500/4586] | Loss: 88.329 | PSNR: 5.779 | MSE: 0.26431688 | BPP: 0.0031 | QP: 29
2026-07-20 05:23:12,097 [INFO ]  [3000/4586] | Loss: 88.398 | PSNR: 5.780 | MSE: 0.26423093 | BPP: 0.0030 | QP: 63
2026-07-20 05:24:00,497 [INFO ]  [3500/4586] | Loss: 88.551 | PSNR: 5.779 | MSE: 0.26430100 | BPP: 0.0030 | QP: 42
2026-07-20 05:24:49,032 [INFO ]  [4000/4586] | Loss: 88.632 | PSNR: 5.778 | MSE: 0.26437685 | BPP: 0.0029 | QP: 13
2026-07-20 05:25:37,425 [INFO ]  [4500/4586] | Loss: 88.975 | PSNR: 5.777 | MSE: 0.26441844 | BPP: 0.0028 | QP: 63
2026-07-20 05:25:45,454 [INFO ]  Train epoch 58: Loss: 89.157 | PSNR: 5.774 | MSE: 0.26459287 | BPP: 0.0028
2026-07-20 05:26:29,347 [INFO ]  Val epoch 58: Loss: 203.032 | PSNR: 5.778 | MSE: 0.26436508 | BPP: 0.0000
2026-07-20 05:26:30,048 [INFO ]  Checkpoint epoch 58: best model saved: no | current loss: 203.032384 | best loss: 5.352725
2026-07-20 05:26:30,048 [INFO ]  Global step updated to: 270574
2026-07-20 05:26:30,048 [INFO ]  ====== Current epoch 59 ======
2026-07-20 05:26:30,048 [INFO ]  Learning rate: 0.0001
2026-07-20 05:26:30,522 [INFO ]  [0/4586] | Loss: 203.087 | PSNR: 5.777 | MSE: 0.26443580 | BPP: 0.0000 | QP: 63
2026-07-20 05:27:18,814 [INFO ]  [500/4586] | Loss: 93.608 | PSNR: 5.768 | MSE: 0.26495064 | BPP: 0.0023 | QP: 41
2026-07-20 05:28:07,359 [INFO ]  [1000/4586] | Loss: 89.201 | PSNR: 5.770 | MSE: 0.26486156 | BPP: 0.0023 | QP: 3
2026-07-20 05:28:55,459 [INFO ]  [1500/4586] | Loss: 89.946 | PSNR: 5.771 | MSE: 0.26477380 | BPP: 0.0023 | QP: 63
2026-07-20 05:29:43,884 [INFO ]  [2000/4586] | Loss: 89.711 | PSNR: 5.772 | MSE: 0.26475837 | BPP: 0.0023 | QP: 29
2026-07-20 05:30:32,292 [INFO ]  [2500/4586] | Loss: 89.092 | PSNR: 5.772 | MSE: 0.26473307 | BPP: 0.0022 | QP: 34
2026-07-20 05:31:20,486 [INFO ]  [3000/4586] | Loss: 89.279 | PSNR: 5.771 | MSE: 0.26479490 | BPP: 0.0022 | QP: 63
2026-07-20 05:32:08,838 [INFO ]  [3500/4586] | Loss: 89.098 | PSNR: 5.771 | MSE: 0.26479210 | BPP: 0.0022 | QP: 5
2026-07-20 05:32:57,300 [INFO ]  [4000/4586] | Loss: 89.119 | PSNR: 5.771 | MSE: 0.26476048 | BPP: 0.0022 | QP: 44
2026-07-20 05:33:45,055 [INFO ]  [4500/4586] | Loss: 89.195 | PSNR: 5.773 | MSE: 0.26468450 | BPP: 0.0021 | QP: 63
2026-07-20 05:33:53,207 [INFO ]  Train epoch 59: Loss: 89.092 | PSNR: 5.775 | MSE: 0.26457540 | BPP: 0.0021
2026-07-20 05:34:37,051 [INFO ]  Val epoch 59: Loss: 203.033 | PSNR: 5.778 | MSE: 0.26436584 | BPP: 0.0000
2026-07-20 05:34:37,784 [INFO ]  Checkpoint epoch 59: best model saved: no | current loss: 203.032965 | best loss: 5.352725
2026-07-20 05:34:37,784 [INFO ]  Global step updated to: 275160
2026-07-20 05:34:37,784 [INFO ]  ====== Current epoch 60 ======
2026-07-20 05:34:37,784 [INFO ]  Learning rate: 4e-05
2026-07-20 05:34:38,339 [INFO ]  [0/4586] | Loss: 210.128 | PSNR: 5.629 | MSE: 0.27360374 | BPP: 0.0000 | QP: 63
2026-07-20 05:35:27,138 [INFO ]  [500/4586] | Loss: 90.183 | PSNR: 5.779 | MSE: 0.26428455 | BPP: 0.0019 | QP: 10
2026-07-20 05:36:16,051 [INFO ]  [1000/4586] | Loss: 89.487 | PSNR: 5.771 | MSE: 0.26481621 | BPP: 0.0019 | QP: 16
2026-07-20 05:37:04,539 [INFO ]  [1500/4586] | Loss: 89.112 | PSNR: 5.769 | MSE: 0.26493761 | BPP: 0.0019 | QP: 63
2026-07-20 05:37:53,136 [INFO ]  [2000/4586] | Loss: 88.824 | PSNR: 5.770 | MSE: 0.26487285 | BPP: 0.0019 | QP: 61
2026-07-20 05:38:41,988 [INFO ]  [2500/4586] | Loss: 89.075 | PSNR: 5.772 | MSE: 0.26474726 | BPP: 0.0019 | QP: 33
2026-07-20 05:39:30,526 [INFO ]  [3000/4586] | Loss: 89.034 | PSNR: 5.773 | MSE: 0.26465689 | BPP: 0.0019 | QP: 63
2026-07-20 05:40:18,964 [INFO ]  [3500/4586] | Loss: 88.362 | PSNR: 5.775 | MSE: 0.26455865 | BPP: 0.0019 | QP: 32
2026-07-20 05:41:07,906 [INFO ]  [4000/4586] | Loss: 88.594 | PSNR: 5.775 | MSE: 0.26454016 | BPP: 0.0019 | QP: 37
2026-07-20 05:41:56,529 [INFO ]  [4500/4586] | Loss: 88.936 | PSNR: 5.775 | MSE: 0.26453500 | BPP: 0.0019 | QP: 63
2026-07-20 05:42:04,726 [INFO ]  Train epoch 60: Loss: 88.863 | PSNR: 5.775 | MSE: 0.26457504 | BPP: 0.0019
2026-07-20 05:42:48,618 [INFO ]  Val epoch 60: Loss: 203.033 | PSNR: 5.778 | MSE: 0.26436541 | BPP: 0.0000
2026-07-20 05:42:49,326 [INFO ]  Checkpoint epoch 60: best model saved: no | current loss: 203.032631 | best loss: 5.352725
2026-07-20 05:42:49,327 [INFO ]  Global step updated to: 279746
2026-07-20 05:42:49,327 [INFO ]  ====== Current epoch 61 ======
2026-07-20 05:42:49,327 [INFO ]  Learning rate: 4e-05
2026-07-20 05:42:49,845 [INFO ]  [0/4586] | Loss: 204.296 | PSNR: 5.751 | MSE: 0.26601076 | BPP: 0.0000 | QP: 63
2026-07-20 05:43:38,539 [INFO ]  [500/4586] | Loss: 90.597 | PSNR: 5.773 | MSE: 0.26464048 | BPP: 0.0018 | QP: 23
2026-07-20 05:44:26,902 [INFO ]  [1000/4586] | Loss: 89.031 | PSNR: 5.768 | MSE: 0.26498422 | BPP: 0.0018 | QP: 61
2026-07-20 05:45:15,114 [INFO ]  [1500/4586] | Loss: 89.576 | PSNR: 5.767 | MSE: 0.26501484 | BPP: 0.0018 | QP: 63
2026-07-20 05:46:04,042 [INFO ]  [2000/4586] | Loss: 88.989 | PSNR: 5.770 | MSE: 0.26482399 | BPP: 0.0018 | QP: 25
2026-07-20 05:46:52,642 [INFO ]  [2500/4586] | Loss: 88.990 | PSNR: 5.771 | MSE: 0.26478417 | BPP: 0.0017 | QP: 23
2026-07-20 05:47:41,404 [INFO ]  [3000/4586] | Loss: 88.804 | PSNR: 5.771 | MSE: 0.26480333 | BPP: 0.0017 | QP: 63
2026-07-20 05:48:30,301 [INFO ]  [3500/4586] | Loss: 88.463 | PSNR: 5.771 | MSE: 0.26479663 | BPP: 0.0017 | QP: 53
2026-07-20 05:49:18,745 [INFO ]  [4000/4586] | Loss: 88.230 | PSNR: 5.771 | MSE: 0.26476545 | BPP: 0.0017 | QP: 17
2026-07-20 05:50:07,287 [INFO ]  [4500/4586] | Loss: 88.103 | PSNR: 5.775 | MSE: 0.26452624 | BPP: 0.0017 | QP: 63
2026-07-20 05:50:15,464 [INFO ]  Train epoch 61: Loss: 88.010 | PSNR: 5.778 | MSE: 0.26438472 | BPP: 0.0017
2026-07-20 05:50:59,459 [INFO ]  Val epoch 61: Loss: 202.133 | PSNR: 5.797 | MSE: 0.26319449 | BPP: 0.0000
2026-07-20 05:51:00,169 [INFO ]  Checkpoint epoch 61: best model saved: no | current loss: 202.133367 | best loss: 5.352725
2026-07-20 05:51:00,170 [INFO ]  Global step updated to: 284332
2026-07-20 05:51:00,170 [INFO ]  ====== Current epoch 62 ======
2026-07-20 05:51:00,170 [INFO ]  Learning rate: 4e-05
2026-07-20 05:51:00,633 [INFO ]  [0/4586] | Loss: 195.354 | PSNR: 5.945 | MSE: 0.25436783 | BPP: 0.0000 | QP: 63
2026-07-20 05:51:49,948 [INFO ]  [500/4586] | Loss: 90.363 | PSNR: 5.789 | MSE: 0.26367216 | BPP: 0.0016 | QP: 8
2026-07-20 05:52:38,428 [INFO ]  [1000/4586] | Loss: 88.543 | PSNR: 5.794 | MSE: 0.26340874 | BPP: 0.0016 | QP: 20
2026-07-20 05:53:27,144 [INFO ]  [1500/4586] | Loss: 89.498 | PSNR: 5.790 | MSE: 0.26363347 | BPP: 0.0016 | QP: 63
2026-07-20 05:54:15,760 [INFO ]  [2000/4586] | Loss: 89.055 | PSNR: 5.791 | MSE: 0.26359949 | BPP: 0.0016 | QP: 1
2026-07-20 05:55:04,368 [INFO ]  [2500/4586] | Loss: 88.777 | PSNR: 5.791 | MSE: 0.26359130 | BPP: 0.0016 | QP: 57
2026-07-20 05:55:53,007 [INFO ]  [3000/4586] | Loss: 89.273 | PSNR: 5.791 | MSE: 0.26358334 | BPP: 0.0016 | QP: 63
2026-07-20 05:56:41,673 [INFO ]  [3500/4586] | Loss: 88.661 | PSNR: 5.793 | MSE: 0.26345993 | BPP: 0.0016 | QP: 8
2026-07-20 05:57:29,799 [INFO ]  [4000/4586] | Loss: 89.009 | PSNR: 5.791 | MSE: 0.26357751 | BPP: 0.0016 | QP: 45
2026-07-20 05:58:17,965 [INFO ]  [4500/4586] | Loss: 88.851 | PSNR: 5.791 | MSE: 0.26356185 | BPP: 0.0016 | QP: 63
2026-07-20 05:58:26,151 [INFO ]  Train epoch 62: Loss: 88.817 | PSNR: 5.794 | MSE: 0.26338887 | BPP: 0.0016
2026-07-20 05:59:09,986 [INFO ]  Val epoch 62: Loss: 202.127 | PSNR: 5.797 | MSE: 0.26318626 | BPP: 0.0000
2026-07-20 05:59:10,685 [INFO ]  Checkpoint epoch 62: best model saved: no | current loss: 202.127050 | best loss: 5.352725
2026-07-20 05:59:10,686 [INFO ]  Global step updated to: 288918
2026-07-20 05:59:10,686 [INFO ]  ====== Current epoch 63 ======
2026-07-20 05:59:10,686 [INFO ]  Learning rate: 4e-05
2026-07-20 05:59:11,228 [INFO ]  [0/4586] | Loss: 193.232 | PSNR: 5.993 | MSE: 0.25160441 | BPP: 0.0000 | QP: 63
2026-07-20 05:59:59,967 [INFO ]  [500/4586] | Loss: 88.752 | PSNR: 5.786 | MSE: 0.26388996 | BPP: 0.0015 | QP: 15
2026-07-20 06:00:48,530 [INFO ]  [1000/4586] | Loss: 87.438 | PSNR: 5.789 | MSE: 0.26370404 | BPP: 0.0015 | QP: 7
2026-07-20 06:01:37,112 [INFO ]  [1500/4586] | Loss: 88.359 | PSNR: 5.791 | MSE: 0.26358814 | BPP: 0.0015 | QP: 63
2026-07-20 06:02:26,108 [INFO ]  [2000/4586] | Loss: 88.682 | PSNR: 5.791 | MSE: 0.26359798 | BPP: 0.0015 | QP: 18
2026-07-20 06:03:14,448 [INFO ]  [2500/4586] | Loss: 88.267 | PSNR: 5.792 | MSE: 0.26348678 | BPP: 0.0015 | QP: 41
2026-07-20 06:04:02,949 [INFO ]  [3000/4586] | Loss: 88.625 | PSNR: 5.796 | MSE: 0.26329361 | BPP: 0.0015 | QP: 63
2026-07-20 06:04:51,446 [INFO ]  [3500/4586] | Loss: 88.491 | PSNR: 5.793 | MSE: 0.26345021 | BPP: 0.0015 | QP: 51
2026-07-20 06:05:39,367 [INFO ]  [4000/4586] | Loss: 88.770 | PSNR: 5.792 | MSE: 0.26353596 | BPP: 0.0014 | QP: 54
2026-07-20 06:06:27,652 [INFO ]  [4500/4586] | Loss: 88.811 | PSNR: 5.793 | MSE: 0.26344357 | BPP: 0.0014 | QP: 63
2026-07-20 06:06:35,712 [INFO ]  Train epoch 63: Loss: 88.903 | PSNR: 5.794 | MSE: 0.26338260 | BPP: 0.0014
2026-07-20 06:07:19,364 [INFO ]  Val epoch 63: Loss: 202.122 | PSNR: 5.797 | MSE: 0.26318000 | BPP: 0.0000
2026-07-20 06:07:20,085 [INFO ]  Checkpoint epoch 63: best model saved: no | current loss: 202.122238 | best loss: 5.352725
2026-07-20 06:07:20,085 [INFO ]  Global step updated to: 293504
2026-07-20 06:07:20,086 [INFO ]  ====== Current epoch 64 ======
2026-07-20 06:07:20,086 [INFO ]  Learning rate: 4e-05
2026-07-20 06:07:20,571 [INFO ]  [0/4586] | Loss: 196.526 | PSNR: 5.919 | MSE: 0.25589281 | BPP: 0.0000 | QP: 63
2026-07-20 06:08:08,966 [INFO ]  [500/4586] | Loss: 85.153 | PSNR: 5.791 | MSE: 0.26356401 | BPP: 0.0014 | QP: 52
2026-07-20 06:08:56,999 [INFO ]  [1000/4586] | Loss: 87.122 | PSNR: 5.792 | MSE: 0.26352392 | BPP: 0.0014 | QP: 61
2026-07-20 06:09:46,063 [INFO ]  [1500/4586] | Loss: 86.594 | PSNR: 5.791 | MSE: 0.26359770 | BPP: 0.0014 | QP: 63
2026-07-20 06:10:34,554 [INFO ]  [2000/4586] | Loss: 86.922 | PSNR: 5.792 | MSE: 0.26354028 | BPP: 0.0013 | QP: 53
2026-07-20 06:11:23,083 [INFO ]  [2500/4586] | Loss: 87.348 | PSNR: 5.791 | MSE: 0.26356797 | BPP: 0.0013 | QP: 56
2026-07-20 06:12:12,122 [INFO ]  [3000/4586] | Loss: 87.590 | PSNR: 5.793 | MSE: 0.26343510 | BPP: 0.0013 | QP: 63
2026-07-20 06:13:01,058 [INFO ]  [3500/4586] | Loss: 87.455 | PSNR: 5.794 | MSE: 0.26339147 | BPP: 0.0014 | QP: 63
2026-07-20 06:13:49,534 [INFO ]  [4000/4586] | Loss: 87.248 | PSNR: 5.794 | MSE: 0.26341483 | BPP: 0.0013 | QP: 20
2026-07-20 06:14:38,356 [INFO ]  [4500/4586] | Loss: 87.524 | PSNR: 5.794 | MSE: 0.26337572 | BPP: 0.0013 | QP: 63
2026-07-20 06:14:46,590 [INFO ]  Train epoch 64: Loss: 87.544 | PSNR: 5.794 | MSE: 0.26337744 | BPP: 0.0013
2026-07-20 06:15:29,919 [INFO ]  Val epoch 64: Loss: 202.120 | PSNR: 5.798 | MSE: 0.26317711 | BPP: 0.0000
2026-07-20 06:15:30,616 [INFO ]  Checkpoint epoch 64: best model saved: no | current loss: 202.120021 | best loss: 5.352725
2026-07-20 06:15:30,617 [INFO ]  Global step updated to: 298090
2026-07-20 06:15:30,617 [INFO ]  ====== Current epoch 65 ======
2026-07-20 06:15:30,617 [INFO ]  Learning rate: 4e-05
2026-07-20 06:15:31,143 [INFO ]  [0/4586] | Loss: 198.295 | PSNR: 5.880 | MSE: 0.25819671 | BPP: 0.0000 | QP: 63
2026-07-20 06:16:20,417 [INFO ]  [500/4586] | Loss: 88.329 | PSNR: 5.791 | MSE: 0.26354245 | BPP: 0.0012 | QP: 3
2026-07-20 06:17:09,711 [INFO ]  [1000/4586] | Loss: 89.381 | PSNR: 5.786 | MSE: 0.26390180 | BPP: 0.0012 | QP: 18
2026-07-20 06:17:58,461 [INFO ]  [1500/4586] | Loss: 88.839 | PSNR: 5.786 | MSE: 0.26385779 | BPP: 0.0012 | QP: 63
2026-07-20 06:18:46,952 [INFO ]  [2000/4586] | Loss: 88.353 | PSNR: 5.788 | MSE: 0.26377571 | BPP: 0.0012 | QP: 53
2026-07-20 06:19:35,244 [INFO ]  [2500/4586] | Loss: 88.344 | PSNR: 5.790 | MSE: 0.26361799 | BPP: 0.0012 | QP: 7
2026-07-20 06:20:24,017 [INFO ]  [3000/4586] | Loss: 87.870 | PSNR: 5.790 | MSE: 0.26364325 | BPP: 0.0012 | QP: 63
2026-07-20 06:21:12,677 [INFO ]  [3500/4586] | Loss: 87.879 | PSNR: 5.790 | MSE: 0.26364676 | BPP: 0.0012 | QP: 57
2026-07-20 06:22:00,871 [INFO ]  [4000/4586] | Loss: 87.805 | PSNR: 5.791 | MSE: 0.26355827 | BPP: 0.0012 | QP: 48
2026-07-20 06:22:49,584 [INFO ]  [4500/4586] | Loss: 88.104 | PSNR: 5.792 | MSE: 0.26351784 | BPP: 0.0012 | QP: 63
2026-07-20 06:22:57,717 [INFO ]  Train epoch 65: Loss: 88.095 | PSNR: 5.794 | MSE: 0.26341491 | BPP: 0.0012
2026-07-20 06:23:41,082 [INFO ]  Val epoch 65: Loss: 202.195 | PSNR: 5.796 | MSE: 0.26327448 | BPP: 0.0000
2026-07-20 06:23:41,807 [INFO ]  Checkpoint epoch 65: best model saved: no | current loss: 202.194803 | best loss: 5.352725
2026-07-20 06:23:41,808 [INFO ]  Global step updated to: 302676
2026-07-20 06:23:41,808 [INFO ]  ====== Current epoch 66 ======
2026-07-20 06:23:41,808 [INFO ]  Learning rate: 4e-05
2026-07-20 06:23:42,312 [INFO ]  [0/4586] | Loss: 201.197 | PSNR: 5.817 | MSE: 0.26197582 | BPP: 0.0000 | QP: 63
2026-07-20 06:24:31,084 [INFO ]  [500/4586] | Loss: 88.299 | PSNR: 5.791 | MSE: 0.26358174 | BPP: 0.0011 | QP: 27
2026-07-20 06:25:19,550 [INFO ]  [1000/4586] | Loss: 88.500 | PSNR: 5.787 | MSE: 0.26378944 | BPP: 0.0011 | QP: 35
2026-07-20 06:26:08,375 [INFO ]  [1500/4586] | Loss: 89.668 | PSNR: 5.788 | MSE: 0.26375474 | BPP: 0.0011 | QP: 63
2026-07-20 06:26:57,079 [INFO ]  [2000/4586] | Loss: 89.127 | PSNR: 5.790 | MSE: 0.26364010 | BPP: 0.0011 | QP: 57
2026-07-20 06:27:45,882 [INFO ]  [2500/4586] | Loss: 89.241 | PSNR: 5.790 | MSE: 0.26364903 | BPP: 0.0011 | QP: 3
2026-07-20 06:28:35,061 [INFO ]  [3000/4586] | Loss: 89.118 | PSNR: 5.791 | MSE: 0.26354522 | BPP: 0.0011 | QP: 63
2026-07-20 06:29:24,163 [INFO ]  [3500/4586] | Loss: 88.832 | PSNR: 5.791 | MSE: 0.26357074 | BPP: 0.0011 | QP: 5
2026-07-20 06:30:13,390 [INFO ]  [4000/4586] | Loss: 88.983 | PSNR: 5.792 | MSE: 0.26350177 | BPP: 0.0011 | QP: 56
2026-07-20 06:31:02,039 [INFO ]  [4500/4586] | Loss: 88.711 | PSNR: 5.793 | MSE: 0.26347970 | BPP: 0.0011 | QP: 63
2026-07-20 06:31:10,186 [INFO ]  Train epoch 66: Loss: 88.537 | PSNR: 5.793 | MSE: 0.26344994 | BPP: 0.0011
2026-07-20 06:31:53,721 [INFO ]  Val epoch 66: Loss: 202.187 | PSNR: 5.796 | MSE: 0.26326430 | BPP: 0.0000
2026-07-20 06:31:54,413 [INFO ]  Checkpoint epoch 66: best model saved: no | current loss: 202.186981 | best loss: 5.352725
2026-07-20 06:31:54,414 [INFO ]  Global step updated to: 307262
2026-07-20 06:31:54,414 [INFO ]  ====== Current epoch 67 ======
2026-07-20 06:31:54,414 [INFO ]  Learning rate: 4e-05
2026-07-20 06:31:54,956 [INFO ]  [0/4586] | Loss: 209.659 | PSNR: 5.638 | MSE: 0.27299380 | BPP: 0.0000 | QP: 63
2026-07-20 06:32:43,413 [INFO ]  [500/4586] | Loss: 88.131 | PSNR: 5.795 | MSE: 0.26330826 | BPP: 0.0010 | QP: 6
2026-07-20 06:33:32,314 [INFO ]  [1000/4586] | Loss: 89.278 | PSNR: 5.782 | MSE: 0.26411215 | BPP: 0.0010 | QP: 6
2026-07-20 06:34:21,519 [INFO ]  [1500/4586] | Loss: 88.704 | PSNR: 5.778 | MSE: 0.26436088 | BPP: 0.0010 | QP: 63
2026-07-20 06:35:10,323 [INFO ]  [2000/4586] | Loss: 87.942 | PSNR: 5.779 | MSE: 0.26429569 | BPP: 0.0010 | QP: 11
2026-07-20 06:35:58,631 [INFO ]  [2500/4586] | Loss: 88.577 | PSNR: 5.778 | MSE: 0.26435537 | BPP: 0.0010 | QP: 59
2026-07-20 06:36:47,410 [INFO ]  [3000/4586] | Loss: 88.028 | PSNR: 5.777 | MSE: 0.26440017 | BPP: 0.0010 | QP: 63
2026-07-20 06:37:36,288 [INFO ]  [3500/4586] | Loss: 88.073 | PSNR: 5.776 | MSE: 0.26448622 | BPP: 0.0010 | QP: 29
2026-07-20 06:38:25,677 [INFO ]  [4000/4586] | Loss: 88.087 | PSNR: 5.776 | MSE: 0.26449245 | BPP: 0.0010 | QP: 45
2026-07-20 06:39:14,647 [INFO ]  [4500/4586] | Loss: 88.321 | PSNR: 5.777 | MSE: 0.26445350 | BPP: 0.0010 | QP: 63
2026-07-20 06:39:22,717 [INFO ]  Train epoch 67: Loss: 88.169 | PSNR: 5.775 | MSE: 0.26454181 | BPP: 0.0010
2026-07-20 06:40:05,707 [INFO ]  Val epoch 67: Loss: 203.158 | PSNR: 5.775 | MSE: 0.26452929 | BPP: 0.0000
2026-07-20 06:40:06,430 [INFO ]  Checkpoint epoch 67: best model saved: no | current loss: 203.158492 | best loss: 5.352725
2026-07-20 06:40:06,431 [INFO ]  Global step updated to: 311848
2026-07-20 06:40:06,431 [INFO ]  ====== Current epoch 68 ======
2026-07-20 06:40:06,431 [INFO ]  Learning rate: 4e-05
2026-07-20 06:40:06,987 [INFO ]  [0/4586] | Loss: 204.956 | PSNR: 5.737 | MSE: 0.26687032 | BPP: 0.0000 | QP: 63
2026-07-20 06:40:55,538 [INFO ]  [500/4586] | Loss: 89.056 | PSNR: 5.772 | MSE: 0.26473563 | BPP: 0.0010 | QP: 55
2026-07-20 06:41:44,217 [INFO ]  [1000/4586] | Loss: 89.576 | PSNR: 5.774 | MSE: 0.26457767 | BPP: 0.0009 | QP: 24
2026-07-20 06:42:32,661 [INFO ]  [1500/4586] | Loss: 90.010 | PSNR: 5.781 | MSE: 0.26415506 | BPP: 0.0009 | QP: 63
2026-07-20 06:43:21,008 [INFO ]  [2000/4586] | Loss: 89.766 | PSNR: 5.779 | MSE: 0.26432771 | BPP: 0.0009 | QP: 57
2026-07-20 06:44:09,728 [INFO ]  [2500/4586] | Loss: 89.895 | PSNR: 5.778 | MSE: 0.26434628 | BPP: 0.0009 | QP: 32
2026-07-20 06:44:58,431 [INFO ]  [3000/4586] | Loss: 89.702 | PSNR: 5.778 | MSE: 0.26438924 | BPP: 0.0009 | QP: 63
2026-07-20 06:45:46,736 [INFO ]  [3500/4586] | Loss: 89.963 | PSNR: 5.778 | MSE: 0.26437886 | BPP: 0.0009 | QP: 62
2026-07-20 06:46:35,005 [INFO ]  [4000/4586] | Loss: 89.961 | PSNR: 5.777 | MSE: 0.26445215 | BPP: 0.0009 | QP: 9
2026-07-20 06:47:23,558 [INFO ]  [4500/4586] | Loss: 89.558 | PSNR: 5.776 | MSE: 0.26445471 | BPP: 0.0009 | QP: 63
2026-07-20 06:47:31,698 [INFO ]  Train epoch 68: Loss: 89.688 | PSNR: 5.773 | MSE: 0.26466249 | BPP: 0.0009
2026-07-20 06:48:15,169 [INFO ]  Val epoch 68: Loss: 203.153 | PSNR: 5.775 | MSE: 0.26452199 | BPP: 0.0000
2026-07-20 06:48:15,890 [INFO ]  Checkpoint epoch 68: best model saved: no | current loss: 203.152888 | best loss: 5.352725
2026-07-20 06:48:15,890 [INFO ]  Global step updated to: 316434
2026-07-20 06:48:15,891 [INFO ]  ====== Current epoch 69 ======
2026-07-20 06:48:15,891 [INFO ]  Learning rate: 4e-05
2026-07-20 06:48:16,380 [INFO ]  [0/4586] | Loss: 211.783 | PSNR: 5.595 | MSE: 0.27575848 | BPP: 0.0000 | QP: 63
2026-07-20 06:49:05,031 [INFO ]  [500/4586] | Loss: 86.951 | PSNR: 5.768 | MSE: 0.26495051 | BPP: 0.0008 | QP: 44
2026-07-20 06:49:53,607 [INFO ]  [1000/4586] | Loss: 87.905 | PSNR: 5.766 | MSE: 0.26507038 | BPP: 0.0008 | QP: 47
2026-07-20 06:50:42,141 [INFO ]  [1500/4586] | Loss: 87.832 | PSNR: 5.767 | MSE: 0.26502034 | BPP: 0.0008 | QP: 63
2026-07-20 06:51:30,683 [INFO ]  [2000/4586] | Loss: 87.768 | PSNR: 5.768 | MSE: 0.26499084 | BPP: 0.0008 | QP: 30
2026-07-20 06:52:19,411 [INFO ]  [2500/4586] | Loss: 87.775 | PSNR: 5.769 | MSE: 0.26493099 | BPP: 0.0008 | QP: 25
2026-07-20 06:53:07,746 [INFO ]  [3000/4586] | Loss: 87.556 | PSNR: 5.770 | MSE: 0.26484787 | BPP: 0.0008 | QP: 63
2026-07-20 06:53:56,123 [INFO ]  [3500/4586] | Loss: 87.361 | PSNR: 5.770 | MSE: 0.26482067 | BPP: 0.0008 | QP: 19
2026-07-20 06:54:44,770 [INFO ]  [4000/4586] | Loss: 87.270 | PSNR: 5.770 | MSE: 0.26484823 | BPP: 0.0008 | QP: 54
2026-07-20 06:55:33,322 [INFO ]  [4500/4586] | Loss: 87.655 | PSNR: 5.768 | MSE: 0.26498718 | BPP: 0.0008 | QP: 63
2026-07-20 06:55:41,422 [INFO ]  Train epoch 69: Loss: 87.579 | PSNR: 5.770 | MSE: 0.26487517 | BPP: 0.0008
2026-07-20 06:56:24,648 [INFO ]  Val epoch 69: Loss: 204.420 | PSNR: 5.748 | MSE: 0.26617207 | BPP: 0.0000
2026-07-20 06:56:25,355 [INFO ]  Checkpoint epoch 69: best model saved: no | current loss: 204.420147 | best loss: 5.352725
2026-07-20 06:56:25,355 [INFO ]  Global step updated to: 321020
2026-07-20 06:56:25,355 [INFO ]  ====== Current epoch 70 ======
2026-07-20 06:56:25,355 [INFO ]  Learning rate: 4e-05
2026-07-20 06:56:25,809 [INFO ]  [0/4586] | Loss: 203.920 | PSNR: 5.759 | MSE: 0.26552054 | BPP: 0.0000 | QP: 63
2026-07-20 06:57:14,288 [INFO ]  [500/4586] | Loss: 90.272 | PSNR: 5.750 | MSE: 0.26608781 | BPP: 0.0008 | QP: 21
2026-07-20 06:58:03,058 [INFO ]  [1000/4586] | Loss: 89.238 | PSNR: 5.749 | MSE: 0.26614550 | BPP: 0.0008 | QP: 42
2026-07-20 06:58:51,481 [INFO ]  [1500/4586] | Loss: 89.278 | PSNR: 5.748 | MSE: 0.26618353 | BPP: 0.0008 | QP: 63
2026-07-20 06:59:39,890 [INFO ]  [2000/4586] | Loss: 89.393 | PSNR: 5.750 | MSE: 0.26606516 | BPP: 0.0008 | QP: 39
2026-07-20 07:00:28,695 [INFO ]  [2500/4586] | Loss: 90.794 | PSNR: 5.749 | MSE: 0.26612865 | BPP: 0.0007 | QP: 43
2026-07-20 07:01:16,792 [INFO ]  [3000/4586] | Loss: 90.617 | PSNR: 5.749 | MSE: 0.26612365 | BPP: 0.0007 | QP: 63
2026-07-20 07:02:05,278 [INFO ]  [3500/4586] | Loss: 90.461 | PSNR: 5.749 | MSE: 0.26611074 | BPP: 0.0007 | QP: 8
2026-07-20 07:02:53,943 [INFO ]  [4000/4586] | Loss: 90.088 | PSNR: 5.749 | MSE: 0.26612363 | BPP: 0.0007 | QP: 21
2026-07-20 07:03:42,477 [INFO ]  [4500/4586] | Loss: 89.912 | PSNR: 5.749 | MSE: 0.26611976 | BPP: 0.0007 | QP: 63
2026-07-20 07:03:50,648 [INFO ]  Train epoch 70: Loss: 89.719 | PSNR: 5.746 | MSE: 0.26628835 | BPP: 0.0007
2026-07-20 07:04:33,852 [INFO ]  Val epoch 70: Loss: 204.416 | PSNR: 5.748 | MSE: 0.26616726 | BPP: 0.0000
2026-07-20 07:04:34,566 [INFO ]  Checkpoint epoch 70: best model saved: no | current loss: 204.416459 | best loss: 5.352725
2026-07-20 07:04:34,567 [INFO ]  Global step updated to: 325606
2026-07-20 07:04:34,567 [INFO ]  ====== Current epoch 71 ======
2026-07-20 07:04:34,567 [INFO ]  Learning rate: 4e-05
2026-07-20 07:04:35,086 [INFO ]  [0/4586] | Loss: 215.477 | PSNR: 5.520 | MSE: 0.28056908 | BPP: 0.0000 | QP: 63
2026-07-20 07:05:23,487 [INFO ]  [500/4586] | Loss: 88.942 | PSNR: 5.756 | MSE: 0.26572782 | BPP: 0.0007 | QP: 3
2026-07-20 07:06:11,804 [INFO ]  [1000/4586] | Loss: 88.290 | PSNR: 5.755 | MSE: 0.26578030 | BPP: 0.0007 | QP: 9
2026-07-20 07:07:00,192 [INFO ]  [1500/4586] | Loss: 88.527 | PSNR: 5.748 | MSE: 0.26617807 | BPP: 0.0007 | QP: 63
2026-07-20 07:07:48,822 [INFO ]  [2000/4586] | Loss: 89.538 | PSNR: 5.748 | MSE: 0.26617966 | BPP: 0.0007 | QP: 61
2026-07-20 07:08:37,449 [INFO ]  [2500/4586] | Loss: 89.777 | PSNR: 5.746 | MSE: 0.26628937 | BPP: 0.0007 | QP: 19
2026-07-20 07:09:25,664 [INFO ]  [3000/4586] | Loss: 89.880 | PSNR: 5.748 | MSE: 0.26621647 | BPP: 0.0007 | QP: 63
2026-07-20 07:10:14,079 [INFO ]  [3500/4586] | Loss: 89.731 | PSNR: 5.748 | MSE: 0.26618579 | BPP: 0.0007 | QP: 52
2026-07-20 07:11:02,836 [INFO ]  [4000/4586] | Loss: 89.276 | PSNR: 5.748 | MSE: 0.26618887 | BPP: 0.0007 | QP: 30
2026-07-20 07:11:51,105 [INFO ]  [4500/4586] | Loss: 89.361 | PSNR: 5.748 | MSE: 0.26616883 | BPP: 0.0007 | QP: 63
2026-07-20 07:11:59,176 [INFO ]  Train epoch 71: Loss: 89.617 | PSNR: 5.746 | MSE: 0.26630244 | BPP: 0.0007
2026-07-20 07:12:43,018 [INFO ]  Val epoch 71: Loss: 204.416 | PSNR: 5.748 | MSE: 0.26616683 | BPP: 0.0000
2026-07-20 07:12:43,714 [INFO ]  Checkpoint epoch 71: best model saved: no | current loss: 204.416125 | best loss: 5.352725
2026-07-20 07:12:43,714 [INFO ]  Global step updated to: 330192
2026-07-20 07:12:43,714 [INFO ]  ====== Current epoch 72 ======
2026-07-20 07:12:43,714 [INFO ]  Learning rate: 4e-05
2026-07-20 07:12:44,214 [INFO ]  [0/4586] | Loss: 203.714 | PSNR: 5.763 | MSE: 0.26525268 | BPP: 0.0000 | QP: 63
2026-07-20 07:13:32,668 [INFO ]  [500/4586] | Loss: 89.965 | PSNR: 5.760 | MSE: 0.26544369 | BPP: 0.0006 | QP: 63
2026-07-20 07:14:21,211 [INFO ]  [1000/4586] | Loss: 90.191 | PSNR: 5.751 | MSE: 0.26598272 | BPP: 0.0006 | QP: 18
2026-07-20 07:15:09,579 [INFO ]  [1500/4586] | Loss: 90.032 | PSNR: 5.752 | MSE: 0.26594374 | BPP: 0.0006 | QP: 63
2026-07-20 07:15:58,194 [INFO ]  [2000/4586] | Loss: 89.135 | PSNR: 5.751 | MSE: 0.26603884 | BPP: 0.0006 | QP: 26
2026-07-20 07:16:46,915 [INFO ]  [2500/4586] | Loss: 88.967 | PSNR: 5.751 | MSE: 0.26602733 | BPP: 0.0006 | QP: 38
2026-07-20 07:17:35,648 [INFO ]  [3000/4586] | Loss: 89.131 | PSNR: 5.749 | MSE: 0.26612276 | BPP: 0.0006 | QP: 63
2026-07-20 07:18:24,283 [INFO ]  [3500/4586] | Loss: 89.411 | PSNR: 5.749 | MSE: 0.26613672 | BPP: 0.0006 | QP: 0
2026-07-20 07:19:13,295 [INFO ]  [4000/4586] | Loss: 89.153 | PSNR: 5.749 | MSE: 0.26615556 | BPP: 0.0006 | QP: 32
2026-07-20 07:20:02,035 [INFO ]  [4500/4586] | Loss: 89.329 | PSNR: 5.748 | MSE: 0.26620855 | BPP: 0.0006 | QP: 63
2026-07-20 07:20:10,182 [INFO ]  Train epoch 72: Loss: 89.309 | PSNR: 5.747 | MSE: 0.26627682 | BPP: 0.0006
2026-07-20 07:20:53,080 [INFO ]  Val epoch 72: Loss: 204.421 | PSNR: 5.748 | MSE: 0.26617383 | BPP: 0.0000
2026-07-20 07:20:53,783 [INFO ]  Checkpoint epoch 72: best model saved: no | current loss: 204.421499 | best loss: 5.352725
2026-07-20 07:20:53,783 [INFO ]  Global step updated to: 334778
2026-07-20 07:20:53,783 [INFO ]  ====== Current epoch 73 ======
2026-07-20 07:20:53,783 [INFO ]  Learning rate: 4e-05
2026-07-20 07:20:54,304 [INFO ]  [0/4586] | Loss: 193.876 | PSNR: 5.978 | MSE: 0.25244319 | BPP: 0.0000 | QP: 63
2026-07-20 07:21:42,154 [INFO ]  [500/4586] | Loss: 89.968 | PSNR: 5.754 | MSE: 0.26583497 | BPP: 0.0006 | QP: 52
2026-07-20 07:22:30,770 [INFO ]  [1000/4586] | Loss: 88.998 | PSNR: 5.750 | MSE: 0.26606246 | BPP: 0.0006 | QP: 27
2026-07-20 07:23:19,005 [INFO ]  [1500/4586] | Loss: 89.412 | PSNR: 5.747 | MSE: 0.26628482 | BPP: 0.0006 | QP: 63
2026-07-20 07:24:07,124 [INFO ]  [2000/4586] | Loss: 88.870 | PSNR: 5.746 | MSE: 0.26630261 | BPP: 0.0006 | QP: 22
2026-07-20 07:24:55,253 [INFO ]  [2500/4586] | Loss: 89.133 | PSNR: 5.745 | MSE: 0.26635274 | BPP: 0.0006 | QP: 63
2026-07-20 07:25:43,136 [INFO ]  [3000/4586] | Loss: 88.918 | PSNR: 5.746 | MSE: 0.26633531 | BPP: 0.0006 | QP: 63
2026-07-20 07:26:31,070 [INFO ]  [3500/4586] | Loss: 89.346 | PSNR: 5.746 | MSE: 0.26631101 | BPP: 0.0006 | QP: 15
2026-07-20 07:27:19,364 [INFO ]  [4000/4586] | Loss: 89.566 | PSNR: 5.745 | MSE: 0.26636585 | BPP: 0.0006 | QP: 43
2026-07-20 07:28:08,018 [INFO ]  [4500/4586] | Loss: 89.707 | PSNR: 5.744 | MSE: 0.26642761 | BPP: 0.0005 | QP: 63
2026-07-20 07:28:16,013 [INFO ]  Train epoch 73: Loss: 89.740 | PSNR: 5.746 | MSE: 0.26629512 | BPP: 0.0005
2026-07-20 07:28:58,973 [INFO ]  Val epoch 73: Loss: 204.423 | PSNR: 5.748 | MSE: 0.26617570 | BPP: 0.0000
2026-07-20 07:28:59,688 [INFO ]  Checkpoint epoch 73: best model saved: no | current loss: 204.422940 | best loss: 5.352725
2026-07-20 07:28:59,688 [INFO ]  Global step updated to: 339364
2026-07-20 07:28:59,689 [INFO ]  ====== Current epoch 74 ======
2026-07-20 07:28:59,689 [INFO ]  Learning rate: 4e-05
2026-07-20 07:29:00,139 [INFO ]  [0/4586] | Loss: 209.709 | PSNR: 5.637 | MSE: 0.27305874 | BPP: 0.0000 | QP: 63
2026-07-20 07:29:48,763 [INFO ]  [500/4586] | Loss: 88.165 | PSNR: 5.758 | MSE: 0.26556593 | BPP: 0.0005 | QP: 53
2026-07-20 07:30:36,891 [INFO ]  [1000/4586] | Loss: 88.382 | PSNR: 5.754 | MSE: 0.26584993 | BPP: 0.0005 | QP: 1
2026-07-20 07:31:26,457 [INFO ]  [1500/4586] | Loss: 88.039 | PSNR: 5.753 | MSE: 0.26590798 | BPP: 0.0005 | QP: 63
2026-07-20 07:32:16,001 [INFO ]  [2000/4586] | Loss: 88.074 | PSNR: 5.750 | MSE: 0.26606620 | BPP: 0.0005 | QP: 9
2026-07-20 07:33:04,761 [INFO ]  [2500/4586] | Loss: 87.952 | PSNR: 5.748 | MSE: 0.26617574 | BPP: 0.0005 | QP: 44
2026-07-20 07:33:53,477 [INFO ]  [3000/4586] | Loss: 88.350 | PSNR: 5.748 | MSE: 0.26621048 | BPP: 0.0005 | QP: 63
2026-07-20 07:34:42,140 [INFO ]  [3500/4586] | Loss: 88.202 | PSNR: 5.748 | MSE: 0.26621339 | BPP: 0.0005 | QP: 41
2026-07-20 07:35:30,841 [INFO ]  [4000/4586] | Loss: 88.311 | PSNR: 5.749 | MSE: 0.26615979 | BPP: 0.0005 | QP: 55
2026-07-20 07:36:20,113 [INFO ]  [4500/4586] | Loss: 88.360 | PSNR: 5.747 | MSE: 0.26623108 | BPP: 0.0005 | QP: 63
2026-07-20 07:36:28,377 [INFO ]  Train epoch 74: Loss: 88.289 | PSNR: 5.747 | MSE: 0.26627613 | BPP: 0.0005
2026-07-20 07:37:11,444 [INFO ]  Val epoch 74: Loss: 204.422 | PSNR: 5.748 | MSE: 0.26617454 | BPP: 0.0000
2026-07-20 07:37:12,166 [INFO ]  Checkpoint epoch 74: best model saved: no | current loss: 204.422045 | best loss: 5.352725
2026-07-20 07:37:12,167 [INFO ]  Global step updated to: 343950
2026-07-20 07:37:12,167 [INFO ]  ====== Current epoch 75 ======
2026-07-20 07:37:12,167 [INFO ]  Learning rate: 4e-05
2026-07-20 07:37:12,676 [INFO ]  [0/4586] | Loss: 200.905 | PSNR: 5.824 | MSE: 0.26159531 | BPP: 0.0000 | QP: 63
2026-07-20 07:38:01,127 [INFO ]  [500/4586] | Loss: 92.457 | PSNR: 5.748 | MSE: 0.26619323 | BPP: 0.0004 | QP: 61
2026-07-20 07:38:49,414 [INFO ]  [1000/4586] | Loss: 90.972 | PSNR: 5.746 | MSE: 0.26629372 | BPP: 0.0004 | QP: 48
2026-07-20 07:39:37,801 [INFO ]  [1500/4586] | Loss: 90.220 | PSNR: 5.749 | MSE: 0.26612418 | BPP: 0.0004 | QP: 63
2026-07-20 07:40:26,328 [INFO ]  [2000/4586] | Loss: 90.589 | PSNR: 5.748 | MSE: 0.26622369 | BPP: 0.0004 | QP: 40
2026-07-20 07:41:14,924 [INFO ]  [2500/4586] | Loss: 90.597 | PSNR: 5.746 | MSE: 0.26631579 | BPP: 0.0004 | QP: 18
2026-07-20 07:42:03,243 [INFO ]  [3000/4586] | Loss: 90.142 | PSNR: 5.746 | MSE: 0.26633879 | BPP: 0.0004 | QP: 63
2026-07-20 07:42:51,756 [INFO ]  [3500/4586] | Loss: 90.029 | PSNR: 5.746 | MSE: 0.26633449 | BPP: 0.0004 | QP: 41
2026-07-20 07:43:39,914 [INFO ]  [4000/4586] | Loss: 89.408 | PSNR: 5.746 | MSE: 0.26629785 | BPP: 0.0004 | QP: 4
2026-07-20 07:44:28,254 [INFO ]  [4500/4586] | Loss: 89.287 | PSNR: 5.747 | MSE: 0.26625447 | BPP: 0.0004 | QP: 63
2026-07-20 07:44:36,372 [INFO ]  Train epoch 75: Loss: 89.395 | PSNR: 5.746 | MSE: 0.26633275 | BPP: 0.0004
2026-07-20 07:45:19,265 [INFO ]  Val epoch 75: Loss: 204.567 | PSNR: 5.745 | MSE: 0.26636378 | BPP: 0.0000
2026-07-20 07:45:19,951 [INFO ]  Checkpoint epoch 75: best model saved: no | current loss: 204.567380 | best loss: 5.352725
2026-07-20 07:45:19,952 [INFO ]  Global step updated to: 348536
2026-07-20 07:45:19,952 [INFO ]  ====== Current epoch 76 ======
2026-07-20 07:45:19,952 [INFO ]  Learning rate: 4e-05
2026-07-20 07:45:20,455 [INFO ]  [0/4586] | Loss: 198.911 | PSNR: 5.867 | MSE: 0.25899911 | BPP: 0.0000 | QP: 63
2026-07-20 07:46:09,451 [INFO ]  [500/4586] | Loss: 89.167 | PSNR: 5.745 | MSE: 0.26640926 | BPP: 0.0004 | QP: 6
2026-07-20 07:46:57,913 [INFO ]  [1000/4586] | Loss: 90.012 | PSNR: 5.746 | MSE: 0.26632472 | BPP: 0.0004 | QP: 31
2026-07-20 07:47:46,364 [INFO ]  [1500/4586] | Loss: 90.121 | PSNR: 5.744 | MSE: 0.26641837 | BPP: 0.0004 | QP: 63
2026-07-20 07:48:34,816 [INFO ]  [2000/4586] | Loss: 90.141 | PSNR: 5.744 | MSE: 0.26645999 | BPP: 0.0004 | QP: 53
2026-07-20 07:49:22,898 [INFO ]  [2500/4586] | Loss: 89.876 | PSNR: 5.742 | MSE: 0.26657749 | BPP: 0.0004 | QP: 12
2026-07-20 07:50:11,383 [INFO ]  [3000/4586] | Loss: 89.605 | PSNR: 5.742 | MSE: 0.26657277 | BPP: 0.0004 | QP: 63
2026-07-20 07:50:59,941 [INFO ]  [3500/4586] | Loss: 89.171 | PSNR: 5.742 | MSE: 0.26655140 | BPP: 0.0004 | QP: 29
2026-07-20 07:51:47,867 [INFO ]  [4000/4586] | Loss: 88.920 | PSNR: 5.743 | MSE: 0.26652231 | BPP: 0.0004 | QP: 0
2026-07-20 07:52:36,263 [INFO ]  [4500/4586] | Loss: 88.745 | PSNR: 5.743 | MSE: 0.26652853 | BPP: 0.0004 | QP: 63
2026-07-20 07:52:44,470 [INFO ]  Train epoch 76: Loss: 88.604 | PSNR: 5.744 | MSE: 0.26642175 | BPP: 0.0004
2026-07-20 07:53:27,608 [INFO ]  Val epoch 76: Loss: 204.574 | PSNR: 5.745 | MSE: 0.26637216 | BPP: 0.0000
2026-07-20 07:53:28,316 [INFO ]  Checkpoint epoch 76: best model saved: no | current loss: 204.573817 | best loss: 5.352725
2026-07-20 07:53:28,317 [INFO ]  Global step updated to: 353122
2026-07-20 07:53:28,317 [INFO ]  ====== Current epoch 77 ======
2026-07-20 07:53:28,317 [INFO ]  Learning rate: 4e-05
2026-07-20 07:53:28,797 [INFO ]  [0/4586] | Loss: 203.796 | PSNR: 5.762 | MSE: 0.26535895 | BPP: 0.0000 | QP: 63
2026-07-20 07:54:17,785 [INFO ]  [500/4586] | Loss: 86.937 | PSNR: 5.744 | MSE: 0.26641723 | BPP: 0.0004 | QP: 0
2026-07-20 07:55:06,130 [INFO ]  [1000/4586] | Loss: 88.134 | PSNR: 5.744 | MSE: 0.26643327 | BPP: 0.0004 | QP: 17
2026-07-20 07:55:54,596 [INFO ]  [1500/4586] | Loss: 88.655 | PSNR: 5.744 | MSE: 0.26645201 | BPP: 0.0004 | QP: 63
2026-07-20 07:56:43,160 [INFO ]  [2000/4586] | Loss: 88.419 | PSNR: 5.744 | MSE: 0.26644033 | BPP: 0.0004 | QP: 47
2026-07-20 07:57:31,586 [INFO ]  [2500/4586] | Loss: 88.888 | PSNR: 5.744 | MSE: 0.26643156 | BPP: 0.0004 | QP: 0
2026-07-20 07:58:19,964 [INFO ]  [3000/4586] | Loss: 89.090 | PSNR: 5.743 | MSE: 0.26650621 | BPP: 0.0004 | QP: 63
2026-07-20 07:59:08,530 [INFO ]  [3500/4586] | Loss: 89.421 | PSNR: 5.743 | MSE: 0.26651870 | BPP: 0.0004 | QP: 4
2026-07-20 07:59:56,990 [INFO ]  [4000/4586] | Loss: 89.160 | PSNR: 5.743 | MSE: 0.26648886 | BPP: 0.0004 | QP: 2
2026-07-20 08:00:45,324 [INFO ]  [4500/4586] | Loss: 89.251 | PSNR: 5.744 | MSE: 0.26645806 | BPP: 0.0004 | QP: 63
2026-07-20 08:00:53,530 [INFO ]  Train epoch 77: Loss: 89.283 | PSNR: 5.744 | MSE: 0.26642751 | BPP: 0.0004
2026-07-20 08:01:36,589 [INFO ]  Val epoch 77: Loss: 204.571 | PSNR: 5.745 | MSE: 0.26636814 | BPP: 0.0000
2026-07-20 08:01:37,296 [INFO ]  Checkpoint epoch 77: best model saved: no | current loss: 204.570731 | best loss: 5.352725
2026-07-20 08:01:37,297 [INFO ]  Global step updated to: 357708
2026-07-20 08:01:37,297 [INFO ]  ====== Current epoch 78 ======
2026-07-20 08:01:37,297 [INFO ]  Learning rate: 4e-05
2026-07-20 08:01:37,795 [INFO ]  [0/4586] | Loss: 208.249 | PSNR: 5.668 | MSE: 0.27115774 | BPP: 0.0000 | QP: 63
2026-07-20 08:02:26,358 [INFO ]  [500/4586] | Loss: 89.268 | PSNR: 5.736 | MSE: 0.26691898 | BPP: 0.0003 | QP: 63
2026-07-20 08:03:14,346 [INFO ]  [1000/4586] | Loss: 88.334 | PSNR: 5.739 | MSE: 0.26674240 | BPP: 0.0003 | QP: 41
2026-07-20 08:04:02,605 [INFO ]  [1500/4586] | Loss: 89.555 | PSNR: 5.741 | MSE: 0.26660307 | BPP: 0.0003 | QP: 63
2026-07-20 08:04:51,302 [INFO ]  [2000/4586] | Loss: 89.556 | PSNR: 5.743 | MSE: 0.26650971 | BPP: 0.0003 | QP: 43
2026-07-20 08:05:39,137 [INFO ]  [2500/4586] | Loss: 90.044 | PSNR: 5.743 | MSE: 0.26649871 | BPP: 0.0003 | QP: 37
2026-07-20 08:06:27,432 [INFO ]  [3000/4586] | Loss: 89.732 | PSNR: 5.744 | MSE: 0.26641217 | BPP: 0.0003 | QP: 63
2026-07-20 08:07:15,538 [INFO ]  [3500/4586] | Loss: 89.693 | PSNR: 5.745 | MSE: 0.26635948 | BPP: 0.0003 | QP: 25
2026-07-20 08:08:03,697 [INFO ]  [4000/4586] | Loss: 89.819 | PSNR: 5.745 | MSE: 0.26637258 | BPP: 0.0003 | QP: 26
2026-07-20 08:08:52,013 [INFO ]  [4500/4586] | Loss: 89.795 | PSNR: 5.746 | MSE: 0.26632953 | BPP: 0.0003 | QP: 63
2026-07-20 08:09:00,099 [INFO ]  Train epoch 78: Loss: 89.778 | PSNR: 5.744 | MSE: 0.26643071 | BPP: 0.0003
2026-07-20 08:09:42,748 [INFO ]  Val epoch 78: Loss: 204.576 | PSNR: 5.745 | MSE: 0.26637532 | BPP: 0.0000
2026-07-20 08:09:43,459 [INFO ]  Checkpoint epoch 78: best model saved: no | current loss: 204.576245 | best loss: 5.352725
2026-07-20 08:09:43,460 [INFO ]  Global step updated to: 362294
2026-07-20 08:09:43,460 [INFO ]  ====== Current epoch 79 ======
2026-07-20 08:09:43,460 [INFO ]  Learning rate: 4e-05
2026-07-20 08:09:43,954 [INFO ]  [0/4586] | Loss: 203.835 | PSNR: 5.761 | MSE: 0.26541001 | BPP: 0.0000 | QP: 63
2026-07-20 08:10:32,521 [INFO ]  [500/4586] | Loss: 91.390 | PSNR: 5.741 | MSE: 0.26659838 | BPP: 0.0003 | QP: 48
2026-07-20 08:11:20,643 [INFO ]  [1000/4586] | Loss: 90.831 | PSNR: 5.743 | MSE: 0.26651306 | BPP: 0.0003 | QP: 9
2026-07-20 08:12:08,998 [INFO ]  [1500/4586] | Loss: 89.541 | PSNR: 5.743 | MSE: 0.26651719 | BPP: 0.0003 | QP: 63
2026-07-20 08:12:57,494 [INFO ]  [2000/4586] | Loss: 89.395 | PSNR: 5.742 | MSE: 0.26654282 | BPP: 0.0003 | QP: 51
2026-07-20 08:13:45,718 [INFO ]  [2500/4586] | Loss: 90.167 | PSNR: 5.744 | MSE: 0.26645672 | BPP: 0.0003 | QP: 63
2026-07-20 08:14:34,209 [INFO ]  [3000/4586] | Loss: 90.295 | PSNR: 5.744 | MSE: 0.26641658 | BPP: 0.0003 | QP: 63
2026-07-20 08:15:22,307 [INFO ]  [3500/4586] | Loss: 89.960 | PSNR: 5.744 | MSE: 0.26643256 | BPP: 0.0003 | QP: 7
2026-07-20 08:16:10,693 [INFO ]  [4000/4586] | Loss: 90.260 | PSNR: 5.744 | MSE: 0.26642643 | BPP: 0.0003 | QP: 49
2026-07-20 08:16:59,283 [INFO ]  [4500/4586] | Loss: 90.382 | PSNR: 5.744 | MSE: 0.26642763 | BPP: 0.0003 | QP: 63
2026-07-20 08:17:07,416 [INFO ]  Train epoch 79: Loss: 90.427 | PSNR: 5.744 | MSE: 0.26646977 | BPP: 0.0003
2026-07-20 08:17:50,249 [INFO ]  Val epoch 79: Loss: 204.577 | PSNR: 5.745 | MSE: 0.26637594 | BPP: 0.0000
2026-07-20 08:17:50,934 [INFO ]  Checkpoint epoch 79: best model saved: no | current loss: 204.576718 | best loss: 5.352725
2026-07-20 08:17:50,934 [INFO ]  Global step updated to: 366880
2026-07-20 08:17:50,934 [INFO ]  ====== Current epoch 80 ======
2026-07-20 08:17:50,934 [INFO ]  Learning rate: 4e-05
2026-07-20 08:17:51,416 [INFO ]  [0/4586] | Loss: 224.990 | PSNR: 5.332 | MSE: 0.29295582 | BPP: 0.0000 | QP: 63
2026-07-20 08:18:39,813 [INFO ]  [500/4586] | Loss: 88.998 | PSNR: 5.757 | MSE: 0.26563106 | BPP: 0.0002 | QP: 46
2026-07-20 08:19:28,195 [INFO ]  [1000/4586] | Loss: 89.106 | PSNR: 5.747 | MSE: 0.26627905 | BPP: 0.0002 | QP: 17
2026-07-20 08:20:16,299 [INFO ]  [1500/4586] | Loss: 89.330 | PSNR: 5.746 | MSE: 0.26631464 | BPP: 0.0002 | QP: 63
2026-07-20 08:21:03,715 [INFO ]  [2000/4586] | Loss: 89.011 | PSNR: 5.748 | MSE: 0.26619980 | BPP: 0.0002 | QP: 56
2026-07-20 08:21:51,234 [INFO ]  [2500/4586] | Loss: 89.255 | PSNR: 5.748 | MSE: 0.26620199 | BPP: 0.0002 | QP: 55
2026-07-20 08:22:39,956 [INFO ]  [3000/4586] | Loss: 89.717 | PSNR: 5.745 | MSE: 0.26636483 | BPP: 0.0002 | QP: 63
2026-07-20 08:23:27,961 [INFO ]  [3500/4586] | Loss: 89.451 | PSNR: 5.745 | MSE: 0.26640961 | BPP: 0.0002 | QP: 57
2026-07-20 08:24:16,062 [INFO ]  [4000/4586] | Loss: 89.774 | PSNR: 5.744 | MSE: 0.26642227 | BPP: 0.0002 | QP: 4
2026-07-20 08:25:04,773 [INFO ]  [4500/4586] | Loss: 89.862 | PSNR: 5.744 | MSE: 0.26646117 | BPP: 0.0002 | QP: 63
2026-07-20 08:25:12,845 [INFO ]  Train epoch 80: Loss: 89.821 | PSNR: 5.743 | MSE: 0.26647706 | BPP: 0.0002
2026-07-20 08:25:55,601 [INFO ]  Val epoch 80: Loss: 204.585 | PSNR: 5.745 | MSE: 0.26638694 | BPP: 0.0000
2026-07-20 08:25:56,294 [INFO ]  Checkpoint epoch 80: best model saved: no | current loss: 204.585167 | best loss: 5.352725
2026-07-20 08:25:56,295 [INFO ]  Global step updated to: 371466
2026-07-20 08:25:56,295 [INFO ]  ====== Current epoch 81 ======
2026-07-20 08:25:56,295 [INFO ]  Learning rate: 4e-05
2026-07-20 08:25:56,811 [INFO ]  [0/4586] | Loss: 199.471 | PSNR: 5.855 | MSE: 0.25972790 | BPP: 0.0000 | QP: 63
2026-07-20 08:26:45,164 [INFO ]  [500/4586] | Loss: 93.468 | PSNR: 5.734 | MSE: 0.26706862 | BPP: 0.0002 | QP: 49
2026-07-20 08:27:33,148 [INFO ]  [1000/4586] | Loss: 89.679 | PSNR: 5.745 | MSE: 0.26637697 | BPP: 0.0003 | QP: 29
2026-07-20 08:28:21,595 [INFO ]  [1500/4586] | Loss: 89.782 | PSNR: 5.744 | MSE: 0.26645012 | BPP: 0.0003 | QP: 63
2026-07-20 08:29:09,976 [INFO ]  [2000/4586] | Loss: 90.017 | PSNR: 5.743 | MSE: 0.26652399 | BPP: 0.0002 | QP: 0
2026-07-20 08:29:58,084 [INFO ]  [2500/4586] | Loss: 90.374 | PSNR: 5.743 | MSE: 0.26651590 | BPP: 0.0002 | QP: 34
2026-07-20 08:30:46,448 [INFO ]  [3000/4586] | Loss: 89.918 | PSNR: 5.744 | MSE: 0.26644707 | BPP: 0.0002 | QP: 63
2026-07-20 08:31:34,332 [INFO ]  [3500/4586] | Loss: 89.806 | PSNR: 5.743 | MSE: 0.26650393 | BPP: 0.0002 | QP: 18
2026-07-20 08:32:22,844 [INFO ]  [4000/4586] | Loss: 89.626 | PSNR: 5.742 | MSE: 0.26656181 | BPP: 0.0002 | QP: 42
2026-07-20 08:33:11,466 [INFO ]  [4500/4586] | Loss: 89.519 | PSNR: 5.746 | MSE: 0.26634605 | BPP: 0.0002 | QP: 63
2026-07-20 08:33:19,660 [INFO ]  Train epoch 81: Loss: 89.378 | PSNR: 5.748 | MSE: 0.26618245 | BPP: 0.0002
2026-07-20 08:34:02,162 [INFO ]  Val epoch 81: Loss: 202.379 | PSNR: 5.792 | MSE: 0.26351431 | BPP: 0.0000
2026-07-20 08:34:02,840 [INFO ]  Checkpoint epoch 81: best model saved: no | current loss: 202.378988 | best loss: 5.352725
2026-07-20 08:34:02,840 [INFO ]  Global step updated to: 376052
2026-07-20 08:34:02,841 [INFO ]  ====== Current epoch 82 ======
2026-07-20 08:34:02,841 [INFO ]  Learning rate: 4e-05
2026-07-20 08:34:03,318 [INFO ]  [0/4586] | Loss: 201.255 | PSNR: 5.816 | MSE: 0.26205039 | BPP: 0.0000 | QP: 63
2026-07-20 08:34:51,608 [INFO ]  [500/4586] | Loss: 86.593 | PSNR: 5.798 | MSE: 0.26316969 | BPP: 0.0002 | QP: 40
2026-07-20 08:35:40,038 [INFO ]  [1000/4586] | Loss: 87.083 | PSNR: 5.794 | MSE: 0.26337706 | BPP: 0.0002 | QP: 27
2026-07-20 08:36:28,191 [INFO ]  [1500/4586] | Loss: 87.515 | PSNR: 5.795 | MSE: 0.26333184 | BPP: 0.0002 | QP: 63
2026-07-20 08:37:16,409 [INFO ]  [2000/4586] | Loss: 88.541 | PSNR: 5.796 | MSE: 0.26326610 | BPP: 0.0002 | QP: 37
2026-07-20 08:38:04,949 [INFO ]  [2500/4586] | Loss: 89.705 | PSNR: 5.795 | MSE: 0.26333877 | BPP: 0.0002 | QP: 47
2026-07-20 08:38:53,433 [INFO ]  [3000/4586] | Loss: 89.532 | PSNR: 5.793 | MSE: 0.26346863 | BPP: 0.0002 | QP: 63
2026-07-20 08:39:41,755 [INFO ]  [3500/4586] | Loss: 89.310 | PSNR: 5.795 | MSE: 0.26333190 | BPP: 0.0002 | QP: 57
2026-07-20 08:40:29,981 [INFO ]  [4000/4586] | Loss: 89.698 | PSNR: 5.794 | MSE: 0.26337989 | BPP: 0.0002 | QP: 7
2026-07-20 08:41:18,418 [INFO ]  [4500/4586] | Loss: 89.579 | PSNR: 5.793 | MSE: 0.26342382 | BPP: 0.0002 | QP: 63
2026-07-20 08:41:26,603 [INFO ]  Train epoch 82: Loss: 89.511 | PSNR: 5.791 | MSE: 0.26359498 | BPP: 0.0002
2026-07-20 08:42:09,769 [INFO ]  Val epoch 82: Loss: 202.376 | PSNR: 5.792 | MSE: 0.26349885 | BPP: 0.0084
2026-07-20 08:42:10,426 [INFO ]  Checkpoint epoch 82: best model saved: no | current loss: 202.375555 | best loss: 5.352725
2026-07-20 08:42:10,426 [INFO ]  Global step updated to: 380638
2026-07-20 08:42:10,426 [INFO ]  ====== Current epoch 83 ======
2026-07-20 08:42:10,426 [INFO ]  Learning rate: 4e-05
2026-07-20 08:42:10,855 [INFO ]  [0/4586] | Loss: 202.155 | PSNR: 5.797 | MSE: 0.26321137 | BPP: 0.0082 | QP: 63
2026-07-20 08:42:59,570 [INFO ]  [500/4586] | Loss: 88.181 | PSNR: 5.788 | MSE: 0.26377731 | BPP: 0.0004 | QP: 23
2026-07-20 08:43:48,095 [INFO ]  [1000/4586] | Loss: 88.584 | PSNR: 5.789 | MSE: 0.26367895 | BPP: 0.0003 | QP: 56
2026-07-20 08:44:37,342 [INFO ]  [1500/4586] | Loss: 87.741 | PSNR: 5.790 | MSE: 0.26365306 | BPP: 0.0002 | QP: 63
2026-07-20 08:45:26,064 [INFO ]  [2000/4586] | Loss: 87.683 | PSNR: 5.790 | MSE: 0.26366113 | BPP: 0.0002 | QP: 0
2026-07-20 08:46:14,975 [INFO ]  [2500/4586] | Loss: 88.011 | PSNR: 5.790 | MSE: 0.26360438 | BPP: 0.0002 | QP: 61
2026-07-20 08:47:03,872 [INFO ]  [3000/4586] | Loss: 87.848 | PSNR: 5.790 | MSE: 0.26362146 | BPP: 0.0002 | QP: 63
2026-07-20 08:47:52,218 [INFO ]  [3500/4586] | Loss: 88.018 | PSNR: 5.787 | MSE: 0.26383584 | BPP: 0.0002 | QP: 9
2026-07-20 08:48:40,840 [INFO ]  [4000/4586] | Loss: 88.105 | PSNR: 5.784 | MSE: 0.26401017 | BPP: 0.0002 | QP: 11
2026-07-20 08:49:29,278 [INFO ]  [4500/4586] | Loss: 88.353 | PSNR: 5.783 | MSE: 0.26405615 | BPP: 0.0002 | QP: 63
2026-07-20 08:49:37,421 [INFO ]  Train epoch 83: Loss: 88.457 | PSNR: 5.781 | MSE: 0.26417249 | BPP: 0.0002
2026-07-20 08:50:20,633 [INFO ]  Val epoch 83: Loss: 205.460 | PSNR: 5.726 | MSE: 0.26752650 | BPP: 0.0000
2026-07-20 08:50:21,306 [INFO ]  Checkpoint epoch 83: best model saved: no | current loss: 205.460353 | best loss: 5.352725
2026-07-20 08:50:21,306 [INFO ]  Global step updated to: 385224
2026-07-20 08:50:21,306 [INFO ]  ====== Current epoch 84 ======
2026-07-20 08:50:21,306 [INFO ]  Learning rate: 4e-05
2026-07-20 08:50:21,832 [INFO ]  [0/4586] | Loss: 200.495 | PSNR: 5.833 | MSE: 0.26106125 | BPP: 0.0000 | QP: 63
2026-07-20 08:51:09,905 [INFO ]  [500/4586] | Loss: 88.880 | PSNR: 5.729 | MSE: 0.26738288 | BPP: 0.0001 | QP: 36
2026-07-20 08:51:58,380 [INFO ]  [1000/4586] | Loss: 89.947 | PSNR: 5.732 | MSE: 0.26719882 | BPP: 0.0001 | QP: 45
2026-07-20 08:52:47,946 [INFO ]  [1500/4586] | Loss: 89.391 | PSNR: 5.729 | MSE: 0.26738889 | BPP: 0.0001 | QP: 63
2026-07-20 08:53:36,655 [INFO ]  [2000/4586] | Loss: 89.166 | PSNR: 5.727 | MSE: 0.26747343 | BPP: 0.0001 | QP: 37
2026-07-20 08:54:25,244 [INFO ]  [2500/4586] | Loss: 89.821 | PSNR: 5.728 | MSE: 0.26743858 | BPP: 0.0001 | QP: 55
2026-07-20 08:55:14,148 [INFO ]  [3000/4586] | Loss: 90.050 | PSNR: 5.727 | MSE: 0.26750007 | BPP: 0.0001 | QP: 63
2026-07-20 08:56:02,973 [INFO ]  [3500/4586] | Loss: 89.920 | PSNR: 5.727 | MSE: 0.26745903 | BPP: 0.0001 | QP: 10
2026-07-20 08:56:52,058 [INFO ]  [4000/4586] | Loss: 89.742 | PSNR: 5.726 | MSE: 0.26751916 | BPP: 0.0001 | QP: 33
2026-07-20 08:57:40,843 [INFO ]  [4500/4586] | Loss: 89.527 | PSNR: 5.726 | MSE: 0.26755561 | BPP: 0.0001 | QP: 63
2026-07-20 08:57:48,889 [INFO ]  Train epoch 84: Loss: 89.542 | PSNR: 5.726 | MSE: 0.26752558 | BPP: 0.0001
2026-07-20 08:58:32,152 [INFO ]  Val epoch 84: Loss: 205.462 | PSNR: 5.726 | MSE: 0.26752873 | BPP: 0.0000
2026-07-20 08:58:32,841 [INFO ]  Checkpoint epoch 84: best model saved: no | current loss: 205.462062 | best loss: 5.352725
2026-07-20 08:58:32,842 [INFO ]  Global step updated to: 389810
2026-07-20 08:58:32,842 [INFO ]  ====== Current epoch 85 ======
2026-07-20 08:58:32,842 [INFO ]  Learning rate: 4e-05
2026-07-20 08:58:33,310 [INFO ]  [0/4586] | Loss: 214.906 | PSNR: 5.531 | MSE: 0.27982527 | BPP: 0.0000 | QP: 63
2026-07-20 08:59:22,264 [INFO ]  [500/4586] | Loss: 90.373 | PSNR: 5.721 | MSE: 0.26783669 | BPP: 0.0001 | QP: 61
2026-07-20 09:00:11,209 [INFO ]  [1000/4586] | Loss: 91.833 | PSNR: 5.721 | MSE: 0.26782577 | BPP: 0.0001 | QP: 22
2026-07-20 09:00:59,877 [INFO ]  [1500/4586] | Loss: 90.153 | PSNR: 5.736 | MSE: 0.26690976 | BPP: 0.0001 | QP: 63
