2026-07-22 10:17:13,413 [INFO ]  Logging file is ./pretrained_uf/DCVCUFIntra/4/20260722_101713.log
2026-07-22 10:17:13,414 [INFO ]  ======================= 2026-07-22_10_17_12 =======================
2026-07-22 10:17:13,414 [INFO ]  model: DCVCUFIntra
2026-07-22 10:17:13,414 [INFO ]  train_root: None
2026-07-22 10:17:13,414 [INFO ]  train_filelist: /home/admin1/Data/data/vimeo_septuplet/train_filelist.txt
2026-07-22 10:17:13,414 [INFO ]  val_dataset: None
2026-07-22 10:17:13,414 [INFO ]  val_filelist: /home/admin1/Data/data/vimeo_septuplet/val_filelist.txt
2026-07-22 10:17:13,415 [INFO ]  epochs: 120
2026-07-22 10:17:13,415 [INFO ]  learning_rate: 0.0001
2026-07-22 10:17:13,415 [INFO ]  num_workers: 4
2026-07-22 10:17:13,415 [INFO ]  quality_level: 4
2026-07-22 10:17:13,415 [INFO ]  batch_size: 4
2026-07-22 10:17:13,415 [INFO ]  val_batch_size: 1
2026-07-22 10:17:13,415 [INFO ]  patch_size: (256, 256)
2026-07-22 10:17:13,415 [INFO ]  chunk_size: 8
2026-07-22 10:17:13,415 [INFO ]  gop: 8
2026-07-22 10:17:13,415 [INFO ]  val_gop: 8
2026-07-22 10:17:13,416 [INFO ]  q_num: 64
2026-07-22 10:17:13,416 [INFO ]  test_qp: 63
2026-07-22 10:17:13,416 [INFO ]  warmup_epochs: 20
2026-07-22 10:17:13,416 [INFO ]  qp_warmup_epochs: 48
2026-07-22 10:17:13,416 [INFO ]  cuda: True
2026-07-22 10:17:13,416 [INFO ]  save: True
2026-07-22 10:17:13,416 [INFO ]  seed: 7
2026-07-22 10:17:13,416 [INFO ]  clip_max_norm: 1.0
2026-07-22 10:17:13,416 [INFO ]  local_rank: 0
2026-07-22 10:17:13,416 [INFO ]  checkpoint: None
2026-07-22 10:17:13,416 [INFO ]  output_dir: ./pretrained_uf
2026-07-22 10:17:13,417 [INFO ]  name: 2026-07-22_10_17_12
2026-07-22 10:17:13,417 [INFO ]  log_interval: 500
2026-07-22 10:17:13,417 [INFO ]  check_exists: False
2026-07-22 10:17:13,417 [INFO ]  max_samples: None
2026-07-22 10:17:13,417 [INFO ]  pad_last: True
2026-07-22 10:17:13,417 [INFO ]  drop_last: False
2026-07-22 10:17:13,417 [INFO ]  distributed: True
2026-07-22 10:17:13,417 [INFO ]  ========================================
2026-07-22 10:17:17,387 [INFO ]  TensorBoard logging to: ./pretrained_uf/DCVCUFIntra/4/tensorboard/2026-07-22_10_17_12
2026-07-22 10:17:18,182 [INFO ]  ====== Current epoch 0 ======
2026-07-22 10:17:18,182 [INFO ]  Learning rate: 0.0001
2026-07-22 10:17:19,614 [INFO ]  [0/4586] | Loss: 959.752 | PSNR: 7.168 | MSE: 0.19194989 | BPP: 0.2955 | QP: 63
2026-07-22 10:18:08,708 [INFO ]  [500/4586] | Loss: 202.091 | PSNR: 13.934 | MSE: 0.04041798 | BPP: 0.0822 | QP: 63
2026-07-22 10:18:57,947 [INFO ]  [1000/4586] | Loss: 170.796 | PSNR: 14.665 | MSE: 0.03415901 | BPP: 0.0773 | QP: 63
2026-07-22 10:19:47,443 [INFO ]  [1500/4586] | Loss: 147.096 | PSNR: 15.314 | MSE: 0.02941903 | BPP: 0.0764 | QP: 63
2026-07-22 10:20:36,585 [INFO ]  [2000/4586] | Loss: 128.576 | PSNR: 15.898 | MSE: 0.02571510 | BPP: 0.0751 | QP: 63
2026-07-22 10:21:25,792 [INFO ]  [2500/4586] | Loss: 113.321 | PSNR: 16.447 | MSE: 0.02266402 | BPP: 0.0742 | QP: 63
2026-07-22 10:22:15,769 [INFO ]  [3000/4586] | Loss: 101.156 | PSNR: 16.940 | MSE: 0.02023101 | BPP: 0.0747 | QP: 63
2026-07-22 10:23:05,276 [INFO ]  [3500/4586] | Loss: 90.584 | PSNR: 17.419 | MSE: 0.01811663 | BPP: 0.0753 | QP: 63
2026-07-22 10:23:54,699 [INFO ]  [4000/4586] | Loss: 81.798 | PSNR: 17.862 | MSE: 0.01635951 | BPP: 0.0758 | QP: 63
2026-07-22 10:24:44,591 [INFO ]  [4500/4586] | Loss: 74.688 | PSNR: 18.257 | MSE: 0.01493743 | BPP: 0.0762 | QP: 63
2026-07-22 10:24:53,068 [INFO ]  Train epoch 0: Loss: 73.565 | PSNR: 18.323 | MSE: 0.01471283 | BPP: 0.0764
2026-07-22 10:25:39,502 [INFO ]  Val epoch 0: Loss: 16.413 | PSNR: 24.838 | MSE: 0.00328244 | BPP: 0.0754
2026-07-22 10:25:40,508 [INFO ]  Checkpoint epoch 0: best model saved: yes | current loss: 16.412941 | best loss: 16.412941
2026-07-22 10:25:40,508 [INFO ]  Global step updated to: 4586
2026-07-22 10:25:40,508 [INFO ]  ====== Current epoch 1 ======
2026-07-22 10:25:40,508 [INFO ]  Learning rate: 0.0001
2026-07-22 10:25:41,035 [INFO ]  [0/4586] | Loss: 17.778 | PSNR: 24.491 | MSE: 0.00355537 | BPP: 0.0897 | QP: 63
2026-07-22 10:26:30,289 [INFO ]  [500/4586] | Loss: 15.563 | PSNR: 25.069 | MSE: 0.00311244 | BPP: 0.0808 | QP: 63
2026-07-22 10:27:19,798 [INFO ]  [1000/4586] | Loss: 14.347 | PSNR: 25.422 | MSE: 0.00286924 | BPP: 0.0817 | QP: 63
2026-07-22 10:28:09,726 [INFO ]  [1500/4586] | Loss: 13.680 | PSNR: 25.629 | MSE: 0.00273574 | BPP: 0.0831 | QP: 63
2026-07-22 10:28:59,060 [INFO ]  [2000/4586] | Loss: 12.922 | PSNR: 25.877 | MSE: 0.00258415 | BPP: 0.0842 | QP: 63
2026-07-22 10:29:48,541 [INFO ]  [2500/4586] | Loss: 12.300 | PSNR: 26.091 | MSE: 0.00245990 | BPP: 0.0854 | QP: 63
2026-07-22 10:30:38,634 [INFO ]  [3000/4586] | Loss: 11.748 | PSNR: 26.290 | MSE: 0.00234939 | BPP: 0.0867 | QP: 63
2026-07-22 10:31:27,875 [INFO ]  [3500/4586] | Loss: 11.283 | PSNR: 26.466 | MSE: 0.00225649 | BPP: 0.0885 | QP: 63
2026-07-22 10:32:17,917 [INFO ]  [4000/4586] | Loss: 10.883 | PSNR: 26.622 | MSE: 0.00217651 | BPP: 0.0899 | QP: 63
2026-07-22 10:33:07,363 [INFO ]  [4500/4586] | Loss: 10.543 | PSNR: 26.761 | MSE: 0.00210838 | BPP: 0.0912 | QP: 63
2026-07-22 10:33:15,804 [INFO ]  Train epoch 1: Loss: 10.492 | PSNR: 26.782 | MSE: 0.00209814 | BPP: 0.0915
2026-07-22 10:33:59,584 [INFO ]  Val epoch 1: Loss: 7.654 | PSNR: 28.151 | MSE: 0.00153061 | BPP: 0.1060
2026-07-22 10:34:00,698 [INFO ]  Checkpoint epoch 1: best model saved: yes | current loss: 7.654125 | best loss: 7.654125
2026-07-22 10:34:00,698 [INFO ]  Global step updated to: 9172
2026-07-22 10:34:00,698 [INFO ]  ====== Current epoch 2 ======
2026-07-22 10:34:00,698 [INFO ]  Learning rate: 0.0001
2026-07-22 10:34:01,127 [INFO ]  [0/4586] | Loss: 9.356 | PSNR: 27.279 | MSE: 0.00187102 | BPP: 0.1178 | QP: 63
2026-07-22 10:34:50,538 [INFO ]  [500/4586] | Loss: 7.678 | PSNR: 28.138 | MSE: 0.00153533 | BPP: 0.1043 | QP: 63
2026-07-22 10:35:40,027 [INFO ]  [1000/4586] | Loss: 7.593 | PSNR: 28.186 | MSE: 0.00151843 | BPP: 0.1047 | QP: 63
2026-07-22 10:36:29,054 [INFO ]  [1500/4586] | Loss: 7.484 | PSNR: 28.249 | MSE: 0.00149660 | BPP: 0.1058 | QP: 63
2026-07-22 10:37:18,267 [INFO ]  [2000/4586] | Loss: 7.229 | PSNR: 28.400 | MSE: 0.00144550 | BPP: 0.1066 | QP: 63
2026-07-22 10:38:08,227 [INFO ]  [2500/4586] | Loss: 7.061 | PSNR: 28.502 | MSE: 0.00141201 | BPP: 0.1074 | QP: 63
2026-07-22 10:38:57,194 [INFO ]  [3000/4586] | Loss: 6.934 | PSNR: 28.580 | MSE: 0.00138668 | BPP: 0.1080 | QP: 63
2026-07-22 10:39:46,682 [INFO ]  [3500/4586] | Loss: 6.794 | PSNR: 28.669 | MSE: 0.00135859 | BPP: 0.1084 | QP: 63
2026-07-22 10:40:36,645 [INFO ]  [4000/4586] | Loss: 6.568 | PSNR: 28.816 | MSE: 0.00131330 | BPP: 0.1089 | QP: 63
2026-07-22 10:41:26,386 [INFO ]  [4500/4586] | Loss: 6.379 | PSNR: 28.943 | MSE: 0.00127566 | BPP: 0.1092 | QP: 63
2026-07-22 10:41:34,713 [INFO ]  Train epoch 2: Loss: 6.357 | PSNR: 28.958 | MSE: 0.00127110 | BPP: 0.1094
2026-07-22 10:42:19,682 [INFO ]  Val epoch 2: Loss: 4.618 | PSNR: 30.346 | MSE: 0.00092334 | BPP: 0.1111
2026-07-22 10:42:20,793 [INFO ]  Checkpoint epoch 2: best model saved: yes | current loss: 4.617835 | best loss: 4.617835
2026-07-22 10:42:20,794 [INFO ]  Global step updated to: 13758
2026-07-22 10:42:20,794 [INFO ]  ====== Current epoch 3 ======
2026-07-22 10:42:20,794 [INFO ]  Learning rate: 0.0001
2026-07-22 10:42:21,215 [INFO ]  [0/4586] | Loss: 5.779 | PSNR: 29.372 | MSE: 0.00115561 | BPP: 0.1303 | QP: 63
2026-07-22 10:43:10,761 [INFO ]  [500/4586] | Loss: 4.825 | PSNR: 30.155 | MSE: 0.00096486 | BPP: 0.1128 | QP: 63
2026-07-22 10:43:59,855 [INFO ]  [1000/4586] | Loss: 4.805 | PSNR: 30.174 | MSE: 0.00096072 | BPP: 0.1128 | QP: 63
2026-07-22 10:44:48,538 [INFO ]  [1500/4586] | Loss: 4.792 | PSNR: 30.185 | MSE: 0.00095819 | BPP: 0.1128 | QP: 63
2026-07-22 10:45:38,190 [INFO ]  [2000/4586] | Loss: 4.729 | PSNR: 30.243 | MSE: 0.00094558 | BPP: 0.1125 | QP: 63
2026-07-22 10:46:27,791 [INFO ]  [2500/4586] | Loss: 4.713 | PSNR: 30.257 | MSE: 0.00094247 | BPP: 0.1130 | QP: 63
2026-07-22 10:47:17,523 [INFO ]  [3000/4586] | Loss: 4.678 | PSNR: 30.290 | MSE: 0.00093540 | BPP: 0.1133 | QP: 63
2026-07-22 10:48:07,170 [INFO ]  [3500/4586] | Loss: 4.653 | PSNR: 30.313 | MSE: 0.00093036 | BPP: 0.1141 | QP: 63
2026-07-22 10:48:56,478 [INFO ]  [4000/4586] | Loss: 4.611 | PSNR: 30.353 | MSE: 0.00092192 | BPP: 0.1146 | QP: 63
2026-07-22 10:49:46,243 [INFO ]  [4500/4586] | Loss: 4.589 | PSNR: 30.374 | MSE: 0.00091753 | BPP: 0.1153 | QP: 63
2026-07-22 10:49:54,522 [INFO ]  Train epoch 3: Loss: 4.580 | PSNR: 30.382 | MSE: 0.00091576 | BPP: 0.1156
2026-07-22 10:50:39,530 [INFO ]  Val epoch 3: Loss: 3.255 | PSNR: 31.866 | MSE: 0.00065076 | BPP: 0.1153
2026-07-22 10:50:40,596 [INFO ]  Checkpoint epoch 3: best model saved: yes | current loss: 3.254952 | best loss: 3.254952
2026-07-22 10:50:40,596 [INFO ]  Global step updated to: 18344
2026-07-22 10:50:40,596 [INFO ]  ====== Current epoch 4 ======
2026-07-22 10:50:40,596 [INFO ]  Learning rate: 0.0001
2026-07-22 10:50:41,015 [INFO ]  [0/4586] | Loss: 5.779 | PSNR: 29.372 | MSE: 0.00115561 | BPP: 0.1220 | QP: 63
2026-07-22 10:51:30,806 [INFO ]  [500/4586] | Loss: 3.484 | PSNR: 31.571 | MSE: 0.00069649 | BPP: 0.1220 | QP: 63
2026-07-22 10:52:21,021 [INFO ]  [1000/4586] | Loss: 3.435 | PSNR: 31.632 | MSE: 0.00068670 | BPP: 0.1222 | QP: 63
2026-07-22 10:53:10,772 [INFO ]  [1500/4586] | Loss: 3.399 | PSNR: 31.678 | MSE: 0.00067957 | BPP: 0.1222 | QP: 63
2026-07-22 10:54:00,916 [INFO ]  [2000/4586] | Loss: 3.386 | PSNR: 31.694 | MSE: 0.00067705 | BPP: 0.1224 | QP: 63
2026-07-22 10:54:50,599 [INFO ]  [2500/4586] | Loss: 3.369 | PSNR: 31.716 | MSE: 0.00067363 | BPP: 0.1225 | QP: 63
2026-07-22 10:55:39,945 [INFO ]  [3000/4586] | Loss: 3.365 | PSNR: 31.722 | MSE: 0.00067267 | BPP: 0.1227 | QP: 63
2026-07-22 10:56:29,801 [INFO ]  [3500/4586] | Loss: 3.345 | PSNR: 31.747 | MSE: 0.00066883 | BPP: 0.1229 | QP: 63
2026-07-22 10:57:19,262 [INFO ]  [4000/4586] | Loss: 3.329 | PSNR: 31.768 | MSE: 0.00066563 | BPP: 0.1232 | QP: 63
2026-07-22 10:58:08,975 [INFO ]  [4500/4586] | Loss: 3.316 | PSNR: 31.786 | MSE: 0.00066288 | BPP: 0.1235 | QP: 63
2026-07-22 10:58:17,319 [INFO ]  Train epoch 4: Loss: 3.296 | PSNR: 31.811 | MSE: 0.00065904 | BPP: 0.1236
2026-07-22 10:59:03,111 [INFO ]  Val epoch 4: Loss: 2.991 | PSNR: 32.234 | MSE: 0.00059787 | BPP: 0.1249
2026-07-22 10:59:04,201 [INFO ]  Checkpoint epoch 4: best model saved: yes | current loss: 2.990612 | best loss: 2.990612
2026-07-22 10:59:04,202 [INFO ]  Global step updated to: 22930
2026-07-22 10:59:04,202 [INFO ]  ====== Current epoch 5 ======
2026-07-22 10:59:04,202 [INFO ]  Learning rate: 0.0001
2026-07-22 10:59:04,709 [INFO ]  [0/4586] | Loss: 4.332 | PSNR: 30.624 | MSE: 0.00086610 | BPP: 0.1412 | QP: 63
2026-07-22 10:59:54,807 [INFO ]  [500/4586] | Loss: 3.139 | PSNR: 32.023 | MSE: 0.00062762 | BPP: 0.1276 | QP: 63
2026-07-22 11:00:44,548 [INFO ]  [1000/4586] | Loss: 3.108 | PSNR: 32.067 | MSE: 0.00062133 | BPP: 0.1282 | QP: 63
2026-07-22 11:01:34,173 [INFO ]  [1500/4586] | Loss: 3.096 | PSNR: 32.083 | MSE: 0.00061895 | BPP: 0.1289 | QP: 63
2026-07-22 11:02:24,269 [INFO ]  [2000/4586] | Loss: 3.102 | PSNR: 32.075 | MSE: 0.00062012 | BPP: 0.1294 | QP: 63
2026-07-22 11:03:13,909 [INFO ]  [2500/4586] | Loss: 3.084 | PSNR: 32.100 | MSE: 0.00061661 | BPP: 0.1301 | QP: 63
2026-07-22 11:04:03,042 [INFO ]  [3000/4586] | Loss: 3.067 | PSNR: 32.125 | MSE: 0.00061304 | BPP: 0.1305 | QP: 63
2026-07-22 11:04:52,932 [INFO ]  [3500/4586] | Loss: 3.048 | PSNR: 32.151 | MSE: 0.00060938 | BPP: 0.1308 | QP: 63
2026-07-22 11:05:42,599 [INFO ]  [4000/4586] | Loss: 3.014 | PSNR: 32.200 | MSE: 0.00060261 | BPP: 0.1311 | QP: 63
2026-07-22 11:06:32,549 [INFO ]  [4500/4586] | Loss: 2.940 | PSNR: 32.308 | MSE: 0.00058779 | BPP: 0.1313 | QP: 63
2026-07-22 11:06:41,017 [INFO ]  Train epoch 5: Loss: 2.910 | PSNR: 32.352 | MSE: 0.00058183 | BPP: 0.1314
2026-07-22 11:07:26,653 [INFO ]  Val epoch 5: Loss: 2.100 | PSNR: 33.770 | MSE: 0.00041972 | BPP: 0.1297
2026-07-22 11:07:27,673 [INFO ]  Checkpoint epoch 5: best model saved: yes | current loss: 2.099896 | best loss: 2.099896
2026-07-22 11:07:27,674 [INFO ]  Global step updated to: 27516
2026-07-22 11:07:27,674 [INFO ]  ====== Current epoch 6 ======
2026-07-22 11:07:27,674 [INFO ]  Learning rate: 0.0001
2026-07-22 11:07:28,140 [INFO ]  [0/4586] | Loss: 1.086 | PSNR: 36.637 | MSE: 0.00021694 | BPP: 0.1213 | QP: 63
2026-07-22 11:08:18,391 [INFO ]  [500/4586] | Loss: 2.227 | PSNR: 33.516 | MSE: 0.00044505 | BPP: 0.1348 | QP: 63
2026-07-22 11:09:08,230 [INFO ]  [1000/4586] | Loss: 2.257 | PSNR: 33.457 | MSE: 0.00045109 | BPP: 0.1346 | QP: 63
2026-07-22 11:09:57,705 [INFO ]  [1500/4586] | Loss: 2.240 | PSNR: 33.489 | MSE: 0.00044780 | BPP: 0.1344 | QP: 63
2026-07-22 11:10:47,582 [INFO ]  [2000/4586] | Loss: 2.233 | PSNR: 33.504 | MSE: 0.00044628 | BPP: 0.1345 | QP: 63
2026-07-22 11:11:37,634 [INFO ]  [2500/4586] | Loss: 2.218 | PSNR: 33.533 | MSE: 0.00044333 | BPP: 0.1345 | QP: 63
2026-07-22 11:12:27,446 [INFO ]  [3000/4586] | Loss: 2.204 | PSNR: 33.561 | MSE: 0.00044050 | BPP: 0.1345 | QP: 63
2026-07-22 11:13:17,351 [INFO ]  [3500/4586] | Loss: 2.200 | PSNR: 33.567 | MSE: 0.00043981 | BPP: 0.1346 | QP: 63
2026-07-22 11:14:06,707 [INFO ]  [4000/4586] | Loss: 2.195 | PSNR: 33.579 | MSE: 0.00043865 | BPP: 0.1347 | QP: 63
2026-07-22 11:14:56,531 [INFO ]  [4500/4586] | Loss: 2.195 | PSNR: 33.577 | MSE: 0.00043879 | BPP: 0.1351 | QP: 63
2026-07-22 11:15:05,099 [INFO ]  Train epoch 6: Loss: 2.202 | PSNR: 33.563 | MSE: 0.00044022 | BPP: 0.1353
2026-07-22 11:15:50,423 [INFO ]  Val epoch 6: Loss: 1.916 | PSNR: 34.169 | MSE: 0.00038292 | BPP: 0.1328
2026-07-22 11:15:51,492 [INFO ]  Checkpoint epoch 6: best model saved: yes | current loss: 1.915913 | best loss: 1.915913
2026-07-22 11:15:51,492 [INFO ]  Global step updated to: 32102
2026-07-22 11:15:51,492 [INFO ]  ====== Current epoch 7 ======
2026-07-22 11:15:51,492 [INFO ]  Learning rate: 0.0001
2026-07-22 11:15:52,031 [INFO ]  [0/4586] | Loss: 3.804 | PSNR: 31.190 | MSE: 0.00076041 | BPP: 0.1512 | QP: 63
2026-07-22 11:16:41,821 [INFO ]  [500/4586] | Loss: 2.092 | PSNR: 33.787 | MSE: 0.00041814 | BPP: 0.1387 | QP: 63
2026-07-22 11:17:31,637 [INFO ]  [1000/4586] | Loss: 2.095 | PSNR: 33.781 | MSE: 0.00041873 | BPP: 0.1391 | QP: 63
2026-07-22 11:18:21,724 [INFO ]  [1500/4586] | Loss: 2.064 | PSNR: 33.845 | MSE: 0.00041255 | BPP: 0.1392 | QP: 63
2026-07-22 11:19:11,454 [INFO ]  [2000/4586] | Loss: 2.064 | PSNR: 33.845 | MSE: 0.00041256 | BPP: 0.1399 | QP: 63
2026-07-22 11:20:00,894 [INFO ]  [2500/4586] | Loss: 2.068 | PSNR: 33.838 | MSE: 0.00041328 | BPP: 0.1405 | QP: 63
2026-07-22 11:20:50,691 [INFO ]  [3000/4586] | Loss: 2.058 | PSNR: 33.857 | MSE: 0.00041141 | BPP: 0.1411 | QP: 63
2026-07-22 11:21:40,449 [INFO ]  [3500/4586] | Loss: 2.050 | PSNR: 33.876 | MSE: 0.00040963 | BPP: 0.1415 | QP: 63
2026-07-22 11:22:30,153 [INFO ]  [4000/4586] | Loss: 2.051 | PSNR: 33.872 | MSE: 0.00040999 | BPP: 0.1422 | QP: 63
2026-07-22 11:23:20,156 [INFO ]  [4500/4586] | Loss: 2.039 | PSNR: 33.899 | MSE: 0.00040750 | BPP: 0.1425 | QP: 63
2026-07-22 11:23:28,467 [INFO ]  Train epoch 7: Loss: 2.023 | PSNR: 33.932 | MSE: 0.00040436 | BPP: 0.1425
2026-07-22 11:24:12,814 [INFO ]  Val epoch 7: Loss: 1.881 | PSNR: 34.249 | MSE: 0.00037592 | BPP: 0.1423
2026-07-22 11:24:13,826 [INFO ]  Checkpoint epoch 7: best model saved: yes | current loss: 1.881041 | best loss: 1.881041
2026-07-22 11:24:13,826 [INFO ]  Global step updated to: 36688
2026-07-22 11:24:13,826 [INFO ]  ====== Current epoch 8 ======
2026-07-22 11:24:13,826 [INFO ]  Learning rate: 0.0001
2026-07-22 11:24:14,271 [INFO ]  [0/4586] | Loss: 1.344 | PSNR: 35.709 | MSE: 0.00026859 | BPP: 0.1340 | QP: 63
2026-07-22 11:25:03,475 [INFO ]  [500/4586] | Loss: 1.926 | PSNR: 34.147 | MSE: 0.00038483 | BPP: 0.1452 | QP: 63
2026-07-22 11:25:53,395 [INFO ]  [1000/4586] | Loss: 1.909 | PSNR: 34.184 | MSE: 0.00038160 | BPP: 0.1451 | QP: 63
2026-07-22 11:26:43,471 [INFO ]  [1500/4586] | Loss: 1.910 | PSNR: 34.182 | MSE: 0.00038180 | BPP: 0.1453 | QP: 63
2026-07-22 11:27:32,843 [INFO ]  [2000/4586] | Loss: 1.911 | PSNR: 34.180 | MSE: 0.00038193 | BPP: 0.1456 | QP: 63
2026-07-22 11:28:22,588 [INFO ]  [2500/4586] | Loss: 1.898 | PSNR: 34.211 | MSE: 0.00037924 | BPP: 0.1459 | QP: 63
2026-07-22 11:29:12,624 [INFO ]  [3000/4586] | Loss: 1.889 | PSNR: 34.231 | MSE: 0.00037747 | BPP: 0.1463 | QP: 63
2026-07-22 11:30:02,538 [INFO ]  [3500/4586] | Loss: 1.888 | PSNR: 34.233 | MSE: 0.00037733 | BPP: 0.1468 | QP: 63
2026-07-22 11:30:52,354 [INFO ]  [4000/4586] | Loss: 1.876 | PSNR: 34.260 | MSE: 0.00037496 | BPP: 0.1472 | QP: 63
2026-07-22 11:31:42,514 [INFO ]  [4500/4586] | Loss: 1.876 | PSNR: 34.262 | MSE: 0.00037484 | BPP: 0.1477 | QP: 63
2026-07-22 11:31:50,854 [INFO ]  Train epoch 8: Loss: 1.886 | PSNR: 34.238 | MSE: 0.00037685 | BPP: 0.1479
2026-07-22 11:32:35,303 [INFO ]  Val epoch 8: Loss: 1.669 | PSNR: 34.770 | MSE: 0.00033344 | BPP: 0.1446
2026-07-22 11:32:36,321 [INFO ]  Checkpoint epoch 8: best model saved: yes | current loss: 1.668665 | best loss: 1.668665
2026-07-22 11:32:36,322 [INFO ]  Global step updated to: 41274
2026-07-22 11:32:36,322 [INFO ]  ====== Current epoch 9 ======
2026-07-22 11:32:36,322 [INFO ]  Learning rate: 0.0001
2026-07-22 11:32:36,780 [INFO ]  [0/4586] | Loss: 1.086 | PSNR: 36.636 | MSE: 0.00021696 | BPP: 0.1293 | QP: 63
2026-07-22 11:33:26,104 [INFO ]  [500/4586] | Loss: 1.826 | PSNR: 34.377 | MSE: 0.00036497 | BPP: 0.1513 | QP: 63
2026-07-22 11:34:15,878 [INFO ]  [1000/4586] | Loss: 1.857 | PSNR: 34.304 | MSE: 0.00037116 | BPP: 0.1519 | QP: 63
2026-07-22 11:35:05,509 [INFO ]  [1500/4586] | Loss: 1.831 | PSNR: 34.366 | MSE: 0.00036596 | BPP: 0.1517 | QP: 63
2026-07-22 11:35:55,084 [INFO ]  [2000/4586] | Loss: 1.827 | PSNR: 34.375 | MSE: 0.00036514 | BPP: 0.1517 | QP: 63
2026-07-22 11:36:45,071 [INFO ]  [2500/4586] | Loss: 1.818 | PSNR: 34.399 | MSE: 0.00036320 | BPP: 0.1519 | QP: 63
2026-07-22 11:37:34,462 [INFO ]  [3000/4586] | Loss: 1.804 | PSNR: 34.432 | MSE: 0.00036040 | BPP: 0.1519 | QP: 63
2026-07-22 11:38:23,692 [INFO ]  [3500/4586] | Loss: 1.795 | PSNR: 34.453 | MSE: 0.00035869 | BPP: 0.1520 | QP: 63
2026-07-22 11:39:13,772 [INFO ]  [4000/4586] | Loss: 1.793 | PSNR: 34.457 | MSE: 0.00035836 | BPP: 0.1521 | QP: 63
2026-07-22 11:40:03,483 [INFO ]  [4500/4586] | Loss: 1.790 | PSNR: 34.466 | MSE: 0.00035760 | BPP: 0.1522 | QP: 63
2026-07-22 11:40:11,722 [INFO ]  Train epoch 9: Loss: 1.780 | PSNR: 34.489 | MSE: 0.00035574 | BPP: 0.1522
2026-07-22 11:40:56,248 [INFO ]  Val epoch 9: Loss: 1.591 | PSNR: 34.978 | MSE: 0.00031787 | BPP: 0.1471
2026-07-22 11:40:57,336 [INFO ]  Checkpoint epoch 9: best model saved: yes | current loss: 1.590804 | best loss: 1.590804
2026-07-22 11:40:57,336 [INFO ]  Global step updated to: 45860
2026-07-22 11:40:57,337 [INFO ]  ====== Current epoch 10 ======
2026-07-22 11:40:57,337 [INFO ]  Learning rate: 0.0001
2026-07-22 11:40:57,857 [INFO ]  [0/4586] | Loss: 1.870 | PSNR: 34.276 | MSE: 0.00037359 | BPP: 0.1665 | QP: 63
2026-07-22 11:41:47,412 [INFO ]  [500/4586] | Loss: 1.797 | PSNR: 34.448 | MSE: 0.00035910 | BPP: 0.1537 | QP: 63
2026-07-22 11:42:37,552 [INFO ]  [1000/4586] | Loss: 1.739 | PSNR: 34.591 | MSE: 0.00034749 | BPP: 0.1533 | QP: 63
2026-07-22 11:43:26,862 [INFO ]  [1500/4586] | Loss: 1.759 | PSNR: 34.540 | MSE: 0.00035159 | BPP: 0.1541 | QP: 63
2026-07-22 11:44:15,982 [INFO ]  [2000/4586] | Loss: 1.735 | PSNR: 34.601 | MSE: 0.00034665 | BPP: 0.1539 | QP: 63
2026-07-22 11:45:05,713 [INFO ]  [2500/4586] | Loss: 1.725 | PSNR: 34.625 | MSE: 0.00034472 | BPP: 0.1542 | QP: 63
2026-07-22 11:45:55,322 [INFO ]  [3000/4586] | Loss: 1.709 | PSNR: 34.667 | MSE: 0.00034143 | BPP: 0.1544 | QP: 63
2026-07-22 11:46:45,282 [INFO ]  [3500/4586] | Loss: 1.704 | PSNR: 34.678 | MSE: 0.00034053 | BPP: 0.1548 | QP: 63
2026-07-22 11:47:35,250 [INFO ]  [4000/4586] | Loss: 1.702 | PSNR: 34.683 | MSE: 0.00034015 | BPP: 0.1552 | QP: 63
2026-07-22 11:48:24,886 [INFO ]  [4500/4586] | Loss: 1.698 | PSNR: 34.695 | MSE: 0.00033923 | BPP: 0.1555 | QP: 63
2026-07-22 11:48:33,175 [INFO ]  Train epoch 10: Loss: 1.698 | PSNR: 34.695 | MSE: 0.00033922 | BPP: 0.1555
2026-07-22 11:49:18,009 [INFO ]  Val epoch 10: Loss: 1.599 | PSNR: 34.955 | MSE: 0.00031949 | BPP: 0.1542
2026-07-22 11:49:18,699 [INFO ]  Checkpoint epoch 10: best model saved: no | current loss: 1.598998 | best loss: 1.590804
2026-07-22 11:49:18,699 [INFO ]  Global step updated to: 50446
2026-07-22 11:49:18,699 [INFO ]  ====== Current epoch 11 ======
2026-07-22 11:49:18,699 [INFO ]  Learning rate: 0.0001
2026-07-22 11:49:19,155 [INFO ]  [0/4586] | Loss: 0.707 | PSNR: 38.507 | MSE: 0.00014101 | BPP: 0.1431 | QP: 63
2026-07-22 11:50:08,972 [INFO ]  [500/4586] | Loss: 1.664 | PSNR: 34.783 | MSE: 0.00033242 | BPP: 0.1585 | QP: 63
2026-07-22 11:50:58,619 [INFO ]  [1000/4586] | Loss: 1.636 | PSNR: 34.857 | MSE: 0.00032683 | BPP: 0.1585 | QP: 63
2026-07-22 11:51:48,142 [INFO ]  [1500/4586] | Loss: 1.640 | PSNR: 34.845 | MSE: 0.00032770 | BPP: 0.1588 | QP: 63
2026-07-22 11:52:38,112 [INFO ]  [2000/4586] | Loss: 1.631 | PSNR: 34.869 | MSE: 0.00032588 | BPP: 0.1586 | QP: 63
2026-07-22 11:53:28,002 [INFO ]  [2500/4586] | Loss: 1.629 | PSNR: 34.874 | MSE: 0.00032552 | BPP: 0.1588 | QP: 63
2026-07-22 11:54:17,647 [INFO ]  [3000/4586] | Loss: 1.623 | PSNR: 34.890 | MSE: 0.00032435 | BPP: 0.1589 | QP: 63
2026-07-22 11:55:07,749 [INFO ]  [3500/4586] | Loss: 1.611 | PSNR: 34.924 | MSE: 0.00032183 | BPP: 0.1592 | QP: 63
2026-07-22 11:55:57,456 [INFO ]  [4000/4586] | Loss: 1.605 | PSNR: 34.940 | MSE: 0.00032065 | BPP: 0.1595 | QP: 63
2026-07-22 11:56:47,195 [INFO ]  [4500/4586] | Loss: 1.597 | PSNR: 34.962 | MSE: 0.00031903 | BPP: 0.1597 | QP: 63
2026-07-22 11:56:55,529 [INFO ]  Train epoch 11: Loss: 1.614 | PSNR: 34.916 | MSE: 0.00032239 | BPP: 0.1601
2026-07-22 11:57:41,221 [INFO ]  Val epoch 11: Loss: 1.432 | PSNR: 35.436 | MSE: 0.00028600 | BPP: 0.1592
2026-07-22 11:57:42,313 [INFO ]  Checkpoint epoch 11: best model saved: yes | current loss: 1.431593 | best loss: 1.431593
2026-07-22 11:57:42,313 [INFO ]  Global step updated to: 55032
2026-07-22 11:57:42,313 [INFO ]  ====== Current epoch 12 ======
2026-07-22 11:57:42,313 [INFO ]  Learning rate: 0.0001
2026-07-22 11:57:42,863 [INFO ]  [0/4586] | Loss: 1.833 | PSNR: 34.362 | MSE: 0.00036628 | BPP: 0.1832 | QP: 63
2026-07-22 11:58:33,055 [INFO ]  [500/4586] | Loss: 1.575 | PSNR: 35.022 | MSE: 0.00031467 | BPP: 0.1639 | QP: 63
2026-07-22 11:59:23,009 [INFO ]  [1000/4586] | Loss: 1.571 | PSNR: 35.031 | MSE: 0.00031396 | BPP: 0.1634 | QP: 63
2026-07-22 12:00:12,520 [INFO ]  [1500/4586] | Loss: 1.567 | PSNR: 35.044 | MSE: 0.00031301 | BPP: 0.1634 | QP: 63
2026-07-22 12:01:03,125 [INFO ]  [2000/4586] | Loss: 1.565 | PSNR: 35.050 | MSE: 0.00031264 | BPP: 0.1636 | QP: 63
2026-07-22 12:01:52,947 [INFO ]  [2500/4586] | Loss: 1.560 | PSNR: 35.062 | MSE: 0.00031172 | BPP: 0.1636 | QP: 63
2026-07-22 12:02:42,804 [INFO ]  [3000/4586] | Loss: 1.548 | PSNR: 35.096 | MSE: 0.00030934 | BPP: 0.1639 | QP: 63
2026-07-22 12:03:33,039 [INFO ]  [3500/4586] | Loss: 1.545 | PSNR: 35.104 | MSE: 0.00030872 | BPP: 0.1643 | QP: 63
2026-07-22 12:04:23,059 [INFO ]  [4000/4586] | Loss: 1.545 | PSNR: 35.106 | MSE: 0.00030859 | BPP: 0.1647 | QP: 63
2026-07-22 12:05:13,138 [INFO ]  [4500/4586] | Loss: 1.539 | PSNR: 35.122 | MSE: 0.00030750 | BPP: 0.1651 | QP: 63
2026-07-22 12:05:21,427 [INFO ]  Train epoch 12: Loss: 1.537 | PSNR: 35.129 | MSE: 0.00030699 | BPP: 0.1650
2026-07-22 12:06:06,086 [INFO ]  Val epoch 12: Loss: 1.433 | PSNR: 35.433 | MSE: 0.00028622 | BPP: 0.1657
2026-07-22 12:06:06,791 [INFO ]  Checkpoint epoch 12: best model saved: no | current loss: 1.432750 | best loss: 1.431593
2026-07-22 12:06:06,791 [INFO ]  Global step updated to: 59618
2026-07-22 12:06:06,791 [INFO ]  ====== Current epoch 13 ======
2026-07-22 12:06:06,791 [INFO ]  Learning rate: 0.0001
2026-07-22 12:06:07,272 [INFO ]  [0/4586] | Loss: 1.489 | PSNR: 35.265 | MSE: 0.00029754 | BPP: 0.1759 | QP: 63
2026-07-22 12:06:57,344 [INFO ]  [500/4586] | Loss: 1.487 | PSNR: 35.272 | MSE: 0.00029701 | BPP: 0.1675 | QP: 63
2026-07-22 12:07:46,995 [INFO ]  [1000/4586] | Loss: 1.467 | PSNR: 35.330 | MSE: 0.00029306 | BPP: 0.1671 | QP: 63
2026-07-22 12:08:36,693 [INFO ]  [1500/4586] | Loss: 1.470 | PSNR: 35.322 | MSE: 0.00029363 | BPP: 0.1676 | QP: 63
2026-07-22 12:09:26,843 [INFO ]  [2000/4586] | Loss: 1.479 | PSNR: 35.296 | MSE: 0.00029542 | BPP: 0.1677 | QP: 63
2026-07-22 12:10:16,449 [INFO ]  [2500/4586] | Loss: 1.481 | PSNR: 35.289 | MSE: 0.00029585 | BPP: 0.1682 | QP: 63
2026-07-22 12:11:06,312 [INFO ]  [3000/4586] | Loss: 1.477 | PSNR: 35.301 | MSE: 0.00029503 | BPP: 0.1684 | QP: 63
2026-07-22 12:11:56,497 [INFO ]  [3500/4586] | Loss: 1.487 | PSNR: 35.271 | MSE: 0.00029709 | BPP: 0.1689 | QP: 63
2026-07-22 12:12:46,096 [INFO ]  [4000/4586] | Loss: 1.479 | PSNR: 35.296 | MSE: 0.00029536 | BPP: 0.1692 | QP: 63
2026-07-22 12:13:35,959 [INFO ]  [4500/4586] | Loss: 1.471 | PSNR: 35.318 | MSE: 0.00029388 | BPP: 0.1696 | QP: 63
2026-07-22 12:13:44,556 [INFO ]  Train epoch 13: Loss: 1.467 | PSNR: 35.332 | MSE: 0.00029298 | BPP: 0.1697
2026-07-22 12:14:29,387 [INFO ]  Val epoch 13: Loss: 1.329 | PSNR: 35.759 | MSE: 0.00026552 | BPP: 0.1709
2026-07-22 12:14:30,448 [INFO ]  Checkpoint epoch 13: best model saved: yes | current loss: 1.329330 | best loss: 1.329330
2026-07-22 12:14:30,448 [INFO ]  Global step updated to: 64204
2026-07-22 12:14:30,448 [INFO ]  ====== Current epoch 14 ======
2026-07-22 12:14:30,448 [INFO ]  Learning rate: 0.0001
2026-07-22 12:14:30,888 [INFO ]  [0/4586] | Loss: 3.246 | PSNR: 31.878 | MSE: 0.00064887 | BPP: 0.1920 | QP: 63
2026-07-22 12:15:20,172 [INFO ]  [500/4586] | Loss: 1.401 | PSNR: 35.532 | MSE: 0.00027978 | BPP: 0.1725 | QP: 63
2026-07-22 12:16:09,895 [INFO ]  [1000/4586] | Loss: 1.399 | PSNR: 35.536 | MSE: 0.00027948 | BPP: 0.1725 | QP: 63
2026-07-22 12:16:59,620 [INFO ]  [1500/4586] | Loss: 1.390 | PSNR: 35.566 | MSE: 0.00027758 | BPP: 0.1721 | QP: 63
2026-07-22 12:17:49,409 [INFO ]  [2000/4586] | Loss: 1.401 | PSNR: 35.531 | MSE: 0.00027984 | BPP: 0.1724 | QP: 63
2026-07-22 12:18:39,114 [INFO ]  [2500/4586] | Loss: 1.404 | PSNR: 35.521 | MSE: 0.00028047 | BPP: 0.1729 | QP: 63
2026-07-22 12:19:29,014 [INFO ]  [3000/4586] | Loss: 1.411 | PSNR: 35.499 | MSE: 0.00028192 | BPP: 0.1731 | QP: 63
2026-07-22 12:20:18,524 [INFO ]  [3500/4586] | Loss: 1.412 | PSNR: 35.497 | MSE: 0.00028205 | BPP: 0.1732 | QP: 63
2026-07-22 12:21:08,279 [INFO ]  [4000/4586] | Loss: 1.411 | PSNR: 35.499 | MSE: 0.00028191 | BPP: 0.1734 | QP: 63
2026-07-22 12:21:58,346 [INFO ]  [4500/4586] | Loss: 1.407 | PSNR: 35.514 | MSE: 0.00028096 | BPP: 0.1735 | QP: 63
2026-07-22 12:22:06,665 [INFO ]  Train epoch 14: Loss: 1.412 | PSNR: 35.496 | MSE: 0.00028207 | BPP: 0.1733
2026-07-22 12:22:50,665 [INFO ]  Val epoch 14: Loss: 1.326 | PSNR: 35.771 | MSE: 0.00026481 | BPP: 0.1698
2026-07-22 12:22:51,709 [INFO ]  Checkpoint epoch 14: best model saved: yes | current loss: 1.325770 | best loss: 1.325770
2026-07-22 12:22:51,709 [INFO ]  Global step updated to: 68790
2026-07-22 12:22:51,709 [INFO ]  ====== Current epoch 15 ======
2026-07-22 12:22:51,709 [INFO ]  Learning rate: 0.0001
2026-07-22 12:22:52,183 [INFO ]  [0/4586] | Loss: 1.107 | PSNR: 36.555 | MSE: 0.00022106 | BPP: 0.1703 | QP: 63
2026-07-22 12:23:41,965 [INFO ]  [500/4586] | Loss: 1.361 | PSNR: 35.656 | MSE: 0.00027188 | BPP: 0.1739 | QP: 63
2026-07-22 12:24:31,303 [INFO ]  [1000/4586] | Loss: 1.368 | PSNR: 35.635 | MSE: 0.00027320 | BPP: 0.1753 | QP: 63
2026-07-22 12:25:20,946 [INFO ]  [1500/4586] | Loss: 1.378 | PSNR: 35.604 | MSE: 0.00027517 | BPP: 0.1758 | QP: 63
2026-07-22 12:26:10,341 [INFO ]  [2000/4586] | Loss: 1.369 | PSNR: 35.631 | MSE: 0.00027348 | BPP: 0.1760 | QP: 63
2026-07-22 12:27:00,089 [INFO ]  [2500/4586] | Loss: 1.368 | PSNR: 35.634 | MSE: 0.00027329 | BPP: 0.1765 | QP: 63
2026-07-22 12:27:50,146 [INFO ]  [3000/4586] | Loss: 1.364 | PSNR: 35.648 | MSE: 0.00027240 | BPP: 0.1769 | QP: 63
2026-07-22 12:28:39,744 [INFO ]  [3500/4586] | Loss: 1.373 | PSNR: 35.620 | MSE: 0.00027415 | BPP: 0.1774 | QP: 63
2026-07-22 12:29:29,533 [INFO ]  [4000/4586] | Loss: 1.365 | PSNR: 35.643 | MSE: 0.00027271 | BPP: 0.1776 | QP: 63
2026-07-22 12:30:19,365 [INFO ]  [4500/4586] | Loss: 1.365 | PSNR: 35.644 | MSE: 0.00027267 | BPP: 0.1779 | QP: 63
2026-07-22 12:30:27,584 [INFO ]  Train epoch 15: Loss: 1.356 | PSNR: 35.673 | MSE: 0.00027083 | BPP: 0.1779
2026-07-22 12:31:11,456 [INFO ]  Val epoch 15: Loss: 1.210 | PSNR: 36.170 | MSE: 0.00024156 | BPP: 0.1749
2026-07-22 12:31:12,495 [INFO ]  Checkpoint epoch 15: best model saved: yes | current loss: 1.209539 | best loss: 1.209539
2026-07-22 12:31:12,495 [INFO ]  Global step updated to: 73376
2026-07-22 12:31:12,495 [INFO ]  ====== Current epoch 16 ======
2026-07-22 12:31:12,495 [INFO ]  Learning rate: 0.0001
2026-07-22 12:31:12,922 [INFO ]  [0/4586] | Loss: 1.555 | PSNR: 35.077 | MSE: 0.00031065 | BPP: 0.1893 | QP: 63
2026-07-22 12:32:02,703 [INFO ]  [500/4586] | Loss: 1.352 | PSNR: 35.686 | MSE: 0.00027003 | BPP: 0.1814 | QP: 63
2026-07-22 12:32:52,711 [INFO ]  [1000/4586] | Loss: 1.343 | PSNR: 35.714 | MSE: 0.00026828 | BPP: 0.1819 | QP: 63
2026-07-22 12:33:42,291 [INFO ]  [1500/4586] | Loss: 1.339 | PSNR: 35.727 | MSE: 0.00026748 | BPP: 0.1817 | QP: 63
2026-07-22 12:34:32,116 [INFO ]  [2000/4586] | Loss: 1.317 | PSNR: 35.799 | MSE: 0.00026306 | BPP: 0.1815 | QP: 63
2026-07-22 12:35:22,196 [INFO ]  [2500/4586] | Loss: 1.314 | PSNR: 35.811 | MSE: 0.00026237 | BPP: 0.1816 | QP: 63
2026-07-22 12:36:12,330 [INFO ]  [3000/4586] | Loss: 1.319 | PSNR: 35.795 | MSE: 0.00026336 | BPP: 0.1818 | QP: 63
2026-07-22 12:37:02,050 [INFO ]  [3500/4586] | Loss: 1.313 | PSNR: 35.813 | MSE: 0.00026224 | BPP: 0.1821 | QP: 63
2026-07-22 12:37:51,738 [INFO ]  [4000/4586] | Loss: 1.313 | PSNR: 35.814 | MSE: 0.00026218 | BPP: 0.1823 | QP: 63
2026-07-22 12:38:41,539 [INFO ]  [4500/4586] | Loss: 1.303 | PSNR: 35.846 | MSE: 0.00026025 | BPP: 0.1824 | QP: 63
2026-07-22 12:38:49,830 [INFO ]  Train epoch 16: Loss: 1.304 | PSNR: 35.843 | MSE: 0.00026042 | BPP: 0.1824
2026-07-22 12:39:33,916 [INFO ]  Val epoch 16: Loss: 1.149 | PSNR: 36.392 | MSE: 0.00022953 | BPP: 0.1787
2026-07-22 12:39:34,966 [INFO ]  Checkpoint epoch 16: best model saved: yes | current loss: 1.149426 | best loss: 1.149426
2026-07-22 12:39:34,966 [INFO ]  Global step updated to: 77962
2026-07-22 12:39:34,966 [INFO ]  ====== Current epoch 17 ======
2026-07-22 12:39:34,966 [INFO ]  Learning rate: 0.0001
2026-07-22 12:39:35,466 [INFO ]  [0/4586] | Loss: 0.497 | PSNR: 40.040 | MSE: 0.00009909 | BPP: 0.1797 | QP: 63
2026-07-22 12:40:25,379 [INFO ]  [500/4586] | Loss: 1.283 | PSNR: 35.915 | MSE: 0.00025614 | BPP: 0.1851 | QP: 63
2026-07-22 12:41:15,377 [INFO ]  [1000/4586] | Loss: 1.267 | PSNR: 35.968 | MSE: 0.00025306 | BPP: 0.1853 | QP: 63
2026-07-22 12:42:05,084 [INFO ]  [1500/4586] | Loss: 1.264 | PSNR: 35.977 | MSE: 0.00025251 | BPP: 0.1852 | QP: 63
2026-07-22 12:42:54,765 [INFO ]  [2000/4586] | Loss: 1.265 | PSNR: 35.976 | MSE: 0.00025258 | BPP: 0.1851 | QP: 63
2026-07-22 12:43:44,652 [INFO ]  [2500/4586] | Loss: 1.265 | PSNR: 35.976 | MSE: 0.00025261 | BPP: 0.1852 | QP: 63
2026-07-22 12:44:34,060 [INFO ]  [3000/4586] | Loss: 1.267 | PSNR: 35.968 | MSE: 0.00025307 | BPP: 0.1854 | QP: 63
2026-07-22 12:45:23,421 [INFO ]  [3500/4586] | Loss: 1.259 | PSNR: 35.997 | MSE: 0.00025138 | BPP: 0.1855 | QP: 63
2026-07-22 12:46:13,420 [INFO ]  [4000/4586] | Loss: 1.252 | PSNR: 36.021 | MSE: 0.00024997 | BPP: 0.1855 | QP: 63
2026-07-22 12:47:02,743 [INFO ]  [4500/4586] | Loss: 1.249 | PSNR: 36.029 | MSE: 0.00024950 | BPP: 0.1857 | QP: 63
2026-07-22 12:47:11,012 [INFO ]  Train epoch 17: Loss: 1.258 | PSNR: 35.999 | MSE: 0.00025122 | BPP: 0.1863
2026-07-22 12:47:55,131 [INFO ]  Val epoch 17: Loss: 1.139 | PSNR: 36.430 | MSE: 0.00022749 | BPP: 0.1818
2026-07-22 12:47:56,188 [INFO ]  Checkpoint epoch 17: best model saved: yes | current loss: 1.139273 | best loss: 1.139273
2026-07-22 12:47:56,188 [INFO ]  Global step updated to: 82548
2026-07-22 12:47:56,188 [INFO ]  ====== Current epoch 18 ======
2026-07-22 12:47:56,188 [INFO ]  Learning rate: 0.0001
2026-07-22 12:47:56,717 [INFO ]  [0/4586] | Loss: 1.319 | PSNR: 35.795 | MSE: 0.00026332 | BPP: 0.2147 | QP: 63
2026-07-22 12:48:46,361 [INFO ]  [500/4586] | Loss: 1.213 | PSNR: 36.158 | MSE: 0.00024220 | BPP: 0.1872 | QP: 63
2026-07-22 12:49:36,218 [INFO ]  [1000/4586] | Loss: 1.221 | PSNR: 36.127 | MSE: 0.00024392 | BPP: 0.1880 | QP: 63
2026-07-22 12:50:25,652 [INFO ]  [1500/4586] | Loss: 1.225 | PSNR: 36.114 | MSE: 0.00024466 | BPP: 0.1884 | QP: 63
2026-07-22 12:51:15,372 [INFO ]  [2000/4586] | Loss: 1.235 | PSNR: 36.078 | MSE: 0.00024669 | BPP: 0.1888 | QP: 63
2026-07-22 12:52:05,358 [INFO ]  [2500/4586] | Loss: 1.226 | PSNR: 36.113 | MSE: 0.00024476 | BPP: 0.1889 | QP: 63
2026-07-22 12:52:54,886 [INFO ]  [3000/4586] | Loss: 1.215 | PSNR: 36.151 | MSE: 0.00024260 | BPP: 0.1889 | QP: 63
2026-07-22 12:53:44,795 [INFO ]  [3500/4586] | Loss: 1.214 | PSNR: 36.153 | MSE: 0.00024249 | BPP: 0.1892 | QP: 63
2026-07-22 12:54:33,994 [INFO ]  [4000/4586] | Loss: 1.218 | PSNR: 36.138 | MSE: 0.00024332 | BPP: 0.1896 | QP: 63
2026-07-22 12:55:23,771 [INFO ]  [4500/4586] | Loss: 1.218 | PSNR: 36.141 | MSE: 0.00024317 | BPP: 0.1898 | QP: 63
2026-07-22 12:55:32,051 [INFO ]  Train epoch 18: Loss: 1.215 | PSNR: 36.150 | MSE: 0.00024265 | BPP: 0.1898
2026-07-22 12:56:16,920 [INFO ]  Val epoch 18: Loss: 1.097 | PSNR: 36.594 | MSE: 0.00021910 | BPP: 0.1853
2026-07-22 12:56:17,975 [INFO ]  Checkpoint epoch 18: best model saved: yes | current loss: 1.097344 | best loss: 1.097344
2026-07-22 12:56:17,975 [INFO ]  Global step updated to: 87134
2026-07-22 12:56:17,975 [INFO ]  ====== Current epoch 19 ======
2026-07-22 12:56:17,975 [INFO ]  Learning rate: 0.0001
2026-07-22 12:56:18,468 [INFO ]  [0/4586] | Loss: 1.450 | PSNR: 35.381 | MSE: 0.00028967 | BPP: 0.2145 | QP: 63
2026-07-22 12:57:08,436 [INFO ]  [500/4586] | Loss: 1.234 | PSNR: 36.085 | MSE: 0.00024634 | BPP: 0.1925 | QP: 63
2026-07-22 12:57:57,944 [INFO ]  [1000/4586] | Loss: 1.209 | PSNR: 36.171 | MSE: 0.00024151 | BPP: 0.1917 | QP: 63
2026-07-22 12:58:47,033 [INFO ]  [1500/4586] | Loss: 1.207 | PSNR: 36.180 | MSE: 0.00024101 | BPP: 0.1918 | QP: 63
2026-07-22 12:59:36,719 [INFO ]  [2000/4586] | Loss: 1.194 | PSNR: 36.226 | MSE: 0.00023843 | BPP: 0.1916 | QP: 63
2026-07-22 13:00:26,118 [INFO ]  [2500/4586] | Loss: 1.192 | PSNR: 36.233 | MSE: 0.00023805 | BPP: 0.1918 | QP: 63
2026-07-22 13:01:15,683 [INFO ]  [3000/4586] | Loss: 1.188 | PSNR: 36.248 | MSE: 0.00023725 | BPP: 0.1919 | QP: 63
2026-07-22 13:02:05,477 [INFO ]  [3500/4586] | Loss: 1.184 | PSNR: 36.264 | MSE: 0.00023640 | BPP: 0.1922 | QP: 63
2026-07-22 13:02:55,011 [INFO ]  [4000/4586] | Loss: 1.188 | PSNR: 36.250 | MSE: 0.00023716 | BPP: 0.1924 | QP: 63
2026-07-22 13:03:44,581 [INFO ]  [4500/4586] | Loss: 1.188 | PSNR: 36.250 | MSE: 0.00023712 | BPP: 0.1925 | QP: 63
2026-07-22 13:03:52,880 [INFO ]  Train epoch 19: Loss: 1.187 | PSNR: 36.254 | MSE: 0.00023694 | BPP: 0.1924
2026-07-22 13:04:36,714 [INFO ]  Val epoch 19: Loss: 1.099 | PSNR: 36.589 | MSE: 0.00021934 | BPP: 0.1895
2026-07-22 13:04:37,399 [INFO ]  Checkpoint epoch 19: best model saved: no | current loss: 1.098605 | best loss: 1.097344
2026-07-22 13:04:37,399 [INFO ]  Global step updated to: 91720
2026-07-22 13:04:37,399 [INFO ]  ====== Current epoch 20 ======
2026-07-22 13:04:37,399 [INFO ]  Learning rate: 0.0001
2026-07-22 13:04:37,884 [INFO ]  [0/4586] | Loss: 0.232 | PSNR: 41.544 | MSE: 0.00007008 | BPP: 0.1787 | QP: 63
2026-07-22 13:05:27,751 [INFO ]  [500/4586] | Loss: 0.315 | PSNR: 35.903 | MSE: 0.00025685 | BPP: 0.1176 | QP: 63
2026-07-22 13:06:17,281 [INFO ]  [1000/4586] | Loss: 0.306 | PSNR: 35.765 | MSE: 0.00026514 | BPP: 0.1026 | QP: 63
2026-07-22 13:07:07,120 [INFO ]  [1500/4586] | Loss: 0.299 | PSNR: 35.759 | MSE: 0.00026552 | BPP: 0.0956 | QP: 63
2026-07-22 13:07:57,006 [INFO ]  [2000/4586] | Loss: 0.295 | PSNR: 35.767 | MSE: 0.00026506 | BPP: 0.0912 | QP: 63
2026-07-22 13:08:46,499 [INFO ]  [2500/4586] | Loss: 0.292 | PSNR: 35.766 | MSE: 0.00026510 | BPP: 0.0882 | QP: 63
2026-07-22 13:09:36,102 [INFO ]  [3000/4586] | Loss: 0.289 | PSNR: 35.790 | MSE: 0.00026365 | BPP: 0.0861 | QP: 63
2026-07-22 13:10:25,749 [INFO ]  [3500/4586] | Loss: 0.287 | PSNR: 35.785 | MSE: 0.00026393 | BPP: 0.0846 | QP: 63
2026-07-22 13:11:14,985 [INFO ]  [4000/4586] | Loss: 0.285 | PSNR: 35.801 | MSE: 0.00026297 | BPP: 0.0832 | QP: 63
2026-07-22 13:12:04,593 [INFO ]  [4500/4586] | Loss: 0.284 | PSNR: 35.799 | MSE: 0.00026310 | BPP: 0.0822 | QP: 63
2026-07-22 13:12:13,063 [INFO ]  Train epoch 20: Loss: 0.282 | PSNR: 35.834 | MSE: 0.00026099 | BPP: 0.0820
2026-07-22 13:12:57,034 [INFO ]  Val epoch 20: Loss: 0.252 | PSNR: 36.219 | MSE: 0.00023883 | BPP: 0.0688
2026-07-22 13:12:58,067 [INFO ]  Checkpoint epoch 20: best model saved: yes | current loss: 0.252203 | best loss: 0.252203
2026-07-22 13:12:58,067 [INFO ]  Global step updated to: 96306
2026-07-22 13:12:58,067 [INFO ]  ====== Current epoch 21 ======
2026-07-22 13:12:58,067 [INFO ]  Learning rate: 0.0001
2026-07-22 13:12:58,551 [INFO ]  [0/4586] | Loss: 0.434 | PSNR: 33.505 | MSE: 0.00044621 | BPP: 0.0915 | QP: 63
2026-07-22 13:13:48,290 [INFO ]  [500/4586] | Loss: 0.275 | PSNR: 35.825 | MSE: 0.00026152 | BPP: 0.0740 | QP: 63
2026-07-22 13:14:37,981 [INFO ]  [1000/4586] | Loss: 0.273 | PSNR: 35.853 | MSE: 0.00025985 | BPP: 0.0735 | QP: 63
2026-07-22 13:15:27,496 [INFO ]  [1500/4586] | Loss: 0.273 | PSNR: 35.858 | MSE: 0.00025955 | BPP: 0.0732 | QP: 63
2026-07-22 13:16:16,925 [INFO ]  [2000/4586] | Loss: 0.273 | PSNR: 35.851 | MSE: 0.00025997 | BPP: 0.0730 | QP: 63
2026-07-22 13:17:06,406 [INFO ]  [2500/4586] | Loss: 0.273 | PSNR: 35.834 | MSE: 0.00026097 | BPP: 0.0727 | QP: 63
2026-07-22 13:17:56,129 [INFO ]  [3000/4586] | Loss: 0.271 | PSNR: 35.868 | MSE: 0.00025893 | BPP: 0.0723 | QP: 63
2026-07-22 13:18:45,553 [INFO ]  [3500/4586] | Loss: 0.271 | PSNR: 35.868 | MSE: 0.00025893 | BPP: 0.0720 | QP: 63
2026-07-22 13:19:34,944 [INFO ]  [4000/4586] | Loss: 0.271 | PSNR: 35.866 | MSE: 0.00025908 | BPP: 0.0720 | QP: 63
2026-07-22 13:20:24,578 [INFO ]  [4500/4586] | Loss: 0.271 | PSNR: 35.871 | MSE: 0.00025879 | BPP: 0.0719 | QP: 63
2026-07-22 13:20:32,820 [INFO ]  Train epoch 21: Loss: 0.271 | PSNR: 35.867 | MSE: 0.00025903 | BPP: 0.0719
2026-07-22 13:21:16,349 [INFO ]  Val epoch 21: Loss: 0.257 | PSNR: 36.083 | MSE: 0.00024644 | BPP: 0.0675
2026-07-22 13:21:17,060 [INFO ]  Checkpoint epoch 21: best model saved: no | current loss: 0.256781 | best loss: 0.252203
2026-07-22 13:21:17,060 [INFO ]  Global step updated to: 100892
2026-07-22 13:21:17,060 [INFO ]  ====== Current epoch 22 ======
2026-07-22 13:21:17,060 [INFO ]  Learning rate: 0.0001
2026-07-22 13:21:17,526 [INFO ]  [0/4586] | Loss: 0.209 | PSNR: 36.772 | MSE: 0.00021029 | BPP: 0.0480 | QP: 63
2026-07-22 13:22:07,233 [INFO ]  [500/4586] | Loss: 0.267 | PSNR: 35.920 | MSE: 0.00025586 | BPP: 0.0707 | QP: 63
2026-07-22 13:22:57,044 [INFO ]  [1000/4586] | Loss: 0.266 | PSNR: 35.946 | MSE: 0.00025433 | BPP: 0.0705 | QP: 63
2026-07-22 13:23:46,936 [INFO ]  [1500/4586] | Loss: 0.266 | PSNR: 35.939 | MSE: 0.00025477 | BPP: 0.0707 | QP: 63
2026-07-22 13:24:36,661 [INFO ]  [2000/4586] | Loss: 0.267 | PSNR: 35.915 | MSE: 0.00025618 | BPP: 0.0707 | QP: 63
2026-07-22 13:25:26,300 [INFO ]  [2500/4586] | Loss: 0.266 | PSNR: 35.937 | MSE: 0.00025487 | BPP: 0.0704 | QP: 63
2026-07-22 13:26:15,972 [INFO ]  [3000/4586] | Loss: 0.265 | PSNR: 35.955 | MSE: 0.00025383 | BPP: 0.0702 | QP: 63
2026-07-22 13:27:05,624 [INFO ]  [3500/4586] | Loss: 0.266 | PSNR: 35.935 | MSE: 0.00025499 | BPP: 0.0702 | QP: 63
2026-07-22 13:27:55,261 [INFO ]  [4000/4586] | Loss: 0.266 | PSNR: 35.939 | MSE: 0.00025476 | BPP: 0.0701 | QP: 63
2026-07-22 13:28:45,251 [INFO ]  [4500/4586] | Loss: 0.266 | PSNR: 35.939 | MSE: 0.00025477 | BPP: 0.0701 | QP: 63
2026-07-22 13:28:53,493 [INFO ]  Train epoch 22: Loss: 0.265 | PSNR: 35.943 | MSE: 0.00025453 | BPP: 0.0700
2026-07-22 13:29:37,191 [INFO ]  Val epoch 22: Loss: 0.249 | PSNR: 36.205 | MSE: 0.00023960 | BPP: 0.0655
2026-07-22 13:29:38,233 [INFO ]  Checkpoint epoch 22: best model saved: yes | current loss: 0.249476 | best loss: 0.249476
2026-07-22 13:29:38,233 [INFO ]  Global step updated to: 105478
2026-07-22 13:29:38,233 [INFO ]  ====== Current epoch 23 ======
2026-07-22 13:29:38,233 [INFO ]  Learning rate: 0.0001
2026-07-22 13:29:38,707 [INFO ]  [0/4586] | Loss: 0.179 | PSNR: 37.965 | MSE: 0.00015979 | BPP: 0.0564 | QP: 63
2026-07-22 13:30:28,340 [INFO ]  [500/4586] | Loss: 0.262 | PSNR: 35.987 | MSE: 0.00025194 | BPP: 0.0688 | QP: 63
2026-07-22 13:31:17,936 [INFO ]  [1000/4586] | Loss: 0.261 | PSNR: 36.018 | MSE: 0.00025018 | BPP: 0.0690 | QP: 63
2026-07-22 13:32:07,584 [INFO ]  [1500/4586] | Loss: 0.259 | PSNR: 36.064 | MSE: 0.00024749 | BPP: 0.0688 | QP: 63
2026-07-22 13:32:57,402 [INFO ]  [2000/4586] | Loss: 0.261 | PSNR: 36.019 | MSE: 0.00025006 | BPP: 0.0690 | QP: 63
2026-07-22 13:33:47,010 [INFO ]  [2500/4586] | Loss: 0.261 | PSNR: 36.012 | MSE: 0.00025047 | BPP: 0.0689 | QP: 63
2026-07-22 13:34:36,748 [INFO ]  [3000/4586] | Loss: 0.261 | PSNR: 36.027 | MSE: 0.00024965 | BPP: 0.0689 | QP: 63
2026-07-22 13:35:26,279 [INFO ]  [3500/4586] | Loss: 0.259 | PSNR: 36.051 | MSE: 0.00024823 | BPP: 0.0687 | QP: 63
2026-07-22 13:36:16,008 [INFO ]  [4000/4586] | Loss: 0.259 | PSNR: 36.053 | MSE: 0.00024817 | BPP: 0.0687 | QP: 63
2026-07-22 13:37:05,711 [INFO ]  [4500/4586] | Loss: 0.259 | PSNR: 36.056 | MSE: 0.00024797 | BPP: 0.0686 | QP: 63
2026-07-22 13:37:14,015 [INFO ]  Train epoch 23: Loss: 0.261 | PSNR: 36.010 | MSE: 0.00025061 | BPP: 0.0689
2026-07-22 13:37:57,722 [INFO ]  Val epoch 23: Loss: 0.260 | PSNR: 35.959 | MSE: 0.00025360 | BPP: 0.0653
2026-07-22 13:37:58,413 [INFO ]  Checkpoint epoch 23: best model saved: no | current loss: 0.260069 | best loss: 0.249476
2026-07-22 13:37:58,413 [INFO ]  Global step updated to: 110064
2026-07-22 13:37:58,414 [INFO ]  ====== Current epoch 24 ======
2026-07-22 13:37:58,414 [INFO ]  Learning rate: 0.0001
2026-07-22 13:37:58,930 [INFO ]  [0/4586] | Loss: 0.211 | PSNR: 37.408 | MSE: 0.00018163 | BPP: 0.0715 | QP: 63
2026-07-22 13:38:48,521 [INFO ]  [500/4586] | Loss: 0.259 | PSNR: 36.045 | MSE: 0.00024860 | BPP: 0.0679 | QP: 63
2026-07-22 13:39:38,223 [INFO ]  [1000/4586] | Loss: 0.260 | PSNR: 36.028 | MSE: 0.00024960 | BPP: 0.0682 | QP: 63
2026-07-22 13:40:27,805 [INFO ]  [1500/4586] | Loss: 0.262 | PSNR: 35.974 | MSE: 0.00025268 | BPP: 0.0684 | QP: 63
2026-07-22 13:41:17,537 [INFO ]  [2000/4586] | Loss: 0.262 | PSNR: 35.979 | MSE: 0.00025243 | BPP: 0.0684 | QP: 63
2026-07-22 13:42:07,309 [INFO ]  [2500/4586] | Loss: 0.262 | PSNR: 35.976 | MSE: 0.00025259 | BPP: 0.0684 | QP: 63
2026-07-22 13:42:56,866 [INFO ]  [3000/4586] | Loss: 0.263 | PSNR: 35.958 | MSE: 0.00025362 | BPP: 0.0685 | QP: 63
2026-07-22 13:43:46,965 [INFO ]  [3500/4586] | Loss: 0.263 | PSNR: 35.972 | MSE: 0.00025280 | BPP: 0.0683 | QP: 63
2026-07-22 13:44:36,833 [INFO ]  [4000/4586] | Loss: 0.261 | PSNR: 36.009 | MSE: 0.00025064 | BPP: 0.0681 | QP: 63
2026-07-22 13:45:26,272 [INFO ]  [4500/4586] | Loss: 0.259 | PSNR: 36.035 | MSE: 0.00024915 | BPP: 0.0680 | QP: 63
2026-07-22 13:45:34,544 [INFO ]  Train epoch 24: Loss: 0.258 | PSNR: 36.059 | MSE: 0.00024780 | BPP: 0.0681
2026-07-22 13:46:18,769 [INFO ]  Val epoch 24: Loss: 0.240 | PSNR: 36.405 | MSE: 0.00022881 | BPP: 0.0647
2026-07-22 13:46:19,930 [INFO ]  Checkpoint epoch 24: best model saved: yes | current loss: 0.240460 | best loss: 0.240460
2026-07-22 13:46:19,930 [INFO ]  Global step updated to: 114650
2026-07-22 13:46:19,930 [INFO ]  ====== Current epoch 25 ======
2026-07-22 13:46:19,930 [INFO ]  Learning rate: 0.0001
2026-07-22 13:46:20,433 [INFO ]  [0/4586] | Loss: 0.345 | PSNR: 34.679 | MSE: 0.00034051 | BPP: 0.0833 | QP: 63
2026-07-22 13:47:10,157 [INFO ]  [500/4586] | Loss: 0.250 | PSNR: 36.238 | MSE: 0.00023777 | BPP: 0.0672 | QP: 63
2026-07-22 13:48:00,110 [INFO ]  [1000/4586] | Loss: 0.252 | PSNR: 36.184 | MSE: 0.00024077 | BPP: 0.0672 | QP: 63
2026-07-22 13:48:49,829 [INFO ]  [1500/4586] | Loss: 0.253 | PSNR: 36.171 | MSE: 0.00024147 | BPP: 0.0671 | QP: 63
2026-07-22 13:49:39,528 [INFO ]  [2000/4586] | Loss: 0.254 | PSNR: 36.141 | MSE: 0.00024318 | BPP: 0.0674 | QP: 63
2026-07-22 13:50:29,339 [INFO ]  [2500/4586] | Loss: 0.255 | PSNR: 36.122 | MSE: 0.00024421 | BPP: 0.0674 | QP: 63
2026-07-22 13:51:18,894 [INFO ]  [3000/4586] | Loss: 0.254 | PSNR: 36.148 | MSE: 0.00024279 | BPP: 0.0673 | QP: 63
2026-07-22 13:52:08,480 [INFO ]  [3500/4586] | Loss: 0.254 | PSNR: 36.137 | MSE: 0.00024338 | BPP: 0.0673 | QP: 63
2026-07-22 13:52:58,318 [INFO ]  [4000/4586] | Loss: 0.254 | PSNR: 36.140 | MSE: 0.00024323 | BPP: 0.0673 | QP: 63
2026-07-22 13:53:47,967 [INFO ]  [4500/4586] | Loss: 0.254 | PSNR: 36.144 | MSE: 0.00024297 | BPP: 0.0674 | QP: 63
2026-07-22 13:53:56,255 [INFO ]  Train epoch 25: Loss: 0.255 | PSNR: 36.123 | MSE: 0.00024419 | BPP: 0.0675
2026-07-22 13:54:40,440 [INFO ]  Val epoch 25: Loss: 0.237 | PSNR: 36.483 | MSE: 0.00022477 | BPP: 0.0639
2026-07-22 13:54:41,451 [INFO ]  Checkpoint epoch 25: best model saved: yes | current loss: 0.236529 | best loss: 0.236529
2026-07-22 13:54:41,451 [INFO ]  Global step updated to: 119236
2026-07-22 13:54:41,451 [INFO ]  ====== Current epoch 26 ======
2026-07-22 13:54:41,451 [INFO ]  Learning rate: 0.0001
2026-07-22 13:54:41,977 [INFO ]  [0/4586] | Loss: 0.339 | PSNR: 34.732 | MSE: 0.00033637 | BPP: 0.0808 | QP: 63
2026-07-22 13:55:31,884 [INFO ]  [500/4586] | Loss: 0.255 | PSNR: 36.123 | MSE: 0.00024418 | BPP: 0.0673 | QP: 63
2026-07-22 13:56:21,685 [INFO ]  [1000/4586] | Loss: 0.254 | PSNR: 36.133 | MSE: 0.00024360 | BPP: 0.0672 | QP: 63
2026-07-22 13:57:11,319 [INFO ]  [1500/4586] | Loss: 0.254 | PSNR: 36.136 | MSE: 0.00024347 | BPP: 0.0671 | QP: 63
2026-07-22 13:58:01,215 [INFO ]  [2000/4586] | Loss: 0.254 | PSNR: 36.130 | MSE: 0.00024376 | BPP: 0.0671 | QP: 63
2026-07-22 13:58:50,891 [INFO ]  [2500/4586] | Loss: 0.254 | PSNR: 36.146 | MSE: 0.00024289 | BPP: 0.0672 | QP: 63
2026-07-22 13:59:40,636 [INFO ]  [3000/4586] | Loss: 0.253 | PSNR: 36.157 | MSE: 0.00024229 | BPP: 0.0671 | QP: 63
2026-07-22 14:00:30,590 [INFO ]  [3500/4586] | Loss: 0.252 | PSNR: 36.186 | MSE: 0.00024064 | BPP: 0.0669 | QP: 63
2026-07-22 14:01:20,242 [INFO ]  [4000/4586] | Loss: 0.253 | PSNR: 36.155 | MSE: 0.00024237 | BPP: 0.0671 | QP: 63
2026-07-22 14:02:09,791 [INFO ]  [4500/4586] | Loss: 0.253 | PSNR: 36.157 | MSE: 0.00024224 | BPP: 0.0670 | QP: 63
2026-07-22 14:02:18,090 [INFO ]  Train epoch 26: Loss: 0.252 | PSNR: 36.184 | MSE: 0.00024076 | BPP: 0.0670
2026-07-22 14:03:01,839 [INFO ]  Val epoch 26: Loss: 0.232 | PSNR: 36.568 | MSE: 0.00022042 | BPP: 0.0628
2026-07-22 14:03:02,914 [INFO ]  Checkpoint epoch 26: best model saved: yes | current loss: 0.232106 | best loss: 0.232106
2026-07-22 14:03:02,914 [INFO ]  Global step updated to: 123822
2026-07-22 14:03:02,914 [INFO ]  ====== Current epoch 27 ======
2026-07-22 14:03:02,914 [INFO ]  Learning rate: 0.0001
2026-07-22 14:03:03,372 [INFO ]  [0/4586] | Loss: 0.312 | PSNR: 35.032 | MSE: 0.00031391 | BPP: 0.0712 | QP: 63
2026-07-22 14:03:53,262 [INFO ]  [500/4586] | Loss: 0.250 | PSNR: 36.224 | MSE: 0.00023854 | BPP: 0.0670 | QP: 63
2026-07-22 14:04:42,841 [INFO ]  [1000/4586] | Loss: 0.254 | PSNR: 36.149 | MSE: 0.00024270 | BPP: 0.0672 | QP: 63
2026-07-22 14:05:32,731 [INFO ]  [1500/4586] | Loss: 0.252 | PSNR: 36.172 | MSE: 0.00024143 | BPP: 0.0670 | QP: 63
2026-07-22 14:06:22,603 [INFO ]  [2000/4586] | Loss: 0.254 | PSNR: 36.145 | MSE: 0.00024293 | BPP: 0.0671 | QP: 63
2026-07-22 14:07:12,306 [INFO ]  [2500/4586] | Loss: 0.251 | PSNR: 36.209 | MSE: 0.00023937 | BPP: 0.0668 | QP: 63
2026-07-22 14:08:01,934 [INFO ]  [3000/4586] | Loss: 0.250 | PSNR: 36.224 | MSE: 0.00023857 | BPP: 0.0667 | QP: 63
2026-07-22 14:08:51,830 [INFO ]  [3500/4586] | Loss: 0.250 | PSNR: 36.210 | MSE: 0.00023932 | BPP: 0.0667 | QP: 63
2026-07-22 14:09:41,459 [INFO ]  [4000/4586] | Loss: 0.249 | PSNR: 36.240 | MSE: 0.00023768 | BPP: 0.0665 | QP: 63
2026-07-22 14:10:31,066 [INFO ]  [4500/4586] | Loss: 0.249 | PSNR: 36.235 | MSE: 0.00023796 | BPP: 0.0665 | QP: 63
2026-07-22 14:10:39,448 [INFO ]  Train epoch 27: Loss: 0.249 | PSNR: 36.234 | MSE: 0.00023802 | BPP: 0.0667
2026-07-22 14:11:23,015 [INFO ]  Val epoch 27: Loss: 0.228 | PSNR: 36.660 | MSE: 0.00021577 | BPP: 0.0623
2026-07-22 14:11:24,072 [INFO ]  Checkpoint epoch 27: best model saved: yes | current loss: 0.228042 | best loss: 0.228042
2026-07-22 14:11:24,072 [INFO ]  Global step updated to: 128408
2026-07-22 14:11:24,072 [INFO ]  ====== Current epoch 28 ======
2026-07-22 14:11:24,072 [INFO ]  Learning rate: 0.0001
2026-07-22 14:11:24,550 [INFO ]  [0/4586] | Loss: 0.274 | PSNR: 35.578 | MSE: 0.00027684 | BPP: 0.0609 | QP: 63
2026-07-22 14:12:14,284 [INFO ]  [500/4586] | Loss: 0.245 | PSNR: 36.332 | MSE: 0.00023272 | BPP: 0.0664 | QP: 63
2026-07-22 14:13:03,869 [INFO ]  [1000/4586] | Loss: 0.245 | PSNR: 36.329 | MSE: 0.00023287 | BPP: 0.0663 | QP: 63
2026-07-22 14:13:53,579 [INFO ]  [1500/4586] | Loss: 0.244 | PSNR: 36.349 | MSE: 0.00023180 | BPP: 0.0662 | QP: 63
2026-07-22 14:14:43,102 [INFO ]  [2000/4586] | Loss: 0.244 | PSNR: 36.353 | MSE: 0.00023155 | BPP: 0.0660 | QP: 63
2026-07-22 14:15:32,738 [INFO ]  [2500/4586] | Loss: 0.243 | PSNR: 36.374 | MSE: 0.00023047 | BPP: 0.0659 | QP: 63
2026-07-22 14:16:22,481 [INFO ]  [3000/4586] | Loss: 0.245 | PSNR: 36.332 | MSE: 0.00023270 | BPP: 0.0661 | QP: 63
2026-07-22 14:17:12,062 [INFO ]  [3500/4586] | Loss: 0.246 | PSNR: 36.312 | MSE: 0.00023377 | BPP: 0.0662 | QP: 63
2026-07-22 14:18:01,615 [INFO ]  [4000/4586] | Loss: 0.245 | PSNR: 36.327 | MSE: 0.00023299 | BPP: 0.0661 | QP: 63
2026-07-22 14:18:51,154 [INFO ]  [4500/4586] | Loss: 0.244 | PSNR: 36.342 | MSE: 0.00023217 | BPP: 0.0659 | QP: 63
2026-07-22 14:18:59,514 [INFO ]  Train epoch 28: Loss: 0.247 | PSNR: 36.279 | MSE: 0.00023555 | BPP: 0.0663
2026-07-22 14:19:44,053 [INFO ]  Val epoch 28: Loss: 0.229 | PSNR: 36.624 | MSE: 0.00021756 | BPP: 0.0621
2026-07-22 14:19:44,755 [INFO ]  Checkpoint epoch 28: best model saved: no | current loss: 0.229177 | best loss: 0.228042
2026-07-22 14:19:44,756 [INFO ]  Global step updated to: 132994
2026-07-22 14:19:44,756 [INFO ]  ====== Current epoch 29 ======
2026-07-22 14:19:44,756 [INFO ]  Learning rate: 0.0001
2026-07-22 14:19:45,216 [INFO ]  [0/4586] | Loss: 0.298 | PSNR: 35.514 | MSE: 0.00028090 | BPP: 0.0826 | QP: 63
2026-07-22 14:20:34,710 [INFO ]  [500/4586] | Loss: 0.256 | PSNR: 36.094 | MSE: 0.00024582 | BPP: 0.0673 | QP: 63
2026-07-22 14:21:24,324 [INFO ]  [1000/4586] | Loss: 0.249 | PSNR: 36.235 | MSE: 0.00023798 | BPP: 0.0665 | QP: 63
2026-07-22 14:22:14,156 [INFO ]  [1500/4586] | Loss: 0.247 | PSNR: 36.271 | MSE: 0.00023600 | BPP: 0.0662 | QP: 63
2026-07-22 14:23:03,808 [INFO ]  [2000/4586] | Loss: 0.247 | PSNR: 36.275 | MSE: 0.00023576 | BPP: 0.0663 | QP: 63
2026-07-22 14:23:53,582 [INFO ]  [2500/4586] | Loss: 0.247 | PSNR: 36.276 | MSE: 0.00023573 | BPP: 0.0663 | QP: 63
2026-07-22 14:24:43,402 [INFO ]  [3000/4586] | Loss: 0.247 | PSNR: 36.273 | MSE: 0.00023586 | BPP: 0.0663 | QP: 63
2026-07-22 14:25:33,152 [INFO ]  [3500/4586] | Loss: 0.248 | PSNR: 36.267 | MSE: 0.00023620 | BPP: 0.0664 | QP: 63
2026-07-22 14:26:22,913 [INFO ]  [4000/4586] | Loss: 0.247 | PSNR: 36.288 | MSE: 0.00023506 | BPP: 0.0662 | QP: 63
2026-07-22 14:27:12,657 [INFO ]  [4500/4586] | Loss: 0.247 | PSNR: 36.289 | MSE: 0.00023504 | BPP: 0.0662 | QP: 63
2026-07-22 14:27:20,967 [INFO ]  Train epoch 29: Loss: 0.245 | PSNR: 36.325 | MSE: 0.00023309 | BPP: 0.0660
2026-07-22 14:28:04,663 [INFO ]  Val epoch 29: Loss: 0.228 | PSNR: 36.666 | MSE: 0.00021546 | BPP: 0.0623
2026-07-22 14:28:05,695 [INFO ]  Checkpoint epoch 29: best model saved: yes | current loss: 0.227786 | best loss: 0.227786
2026-07-22 14:28:05,695 [INFO ]  Global step updated to: 137580
2026-07-22 14:28:05,695 [INFO ]  ====== Current epoch 30 ======
2026-07-22 14:28:05,695 [INFO ]  Learning rate: 0.0001
2026-07-22 14:28:06,196 [INFO ]  [0/4586] | Loss: 0.169 | PSNR: 38.410 | MSE: 0.00014421 | BPP: 0.0582 | QP: 63
2026-07-22 14:28:55,742 [INFO ]  [500/4586] | Loss: 0.239 | PSNR: 36.461 | MSE: 0.00022587 | BPP: 0.0655 | QP: 63
2026-07-22 14:29:45,492 [INFO ]  [1000/4586] | Loss: 0.240 | PSNR: 36.435 | MSE: 0.00022724 | BPP: 0.0658 | QP: 63
2026-07-22 14:30:35,278 [INFO ]  [1500/4586] | Loss: 0.240 | PSNR: 36.432 | MSE: 0.00022742 | BPP: 0.0657 | QP: 63
2026-07-22 14:31:24,883 [INFO ]  [2000/4586] | Loss: 0.239 | PSNR: 36.455 | MSE: 0.00022620 | BPP: 0.0654 | QP: 63
2026-07-22 14:32:14,608 [INFO ]  [2500/4586] | Loss: 0.239 | PSNR: 36.455 | MSE: 0.00022622 | BPP: 0.0654 | QP: 63
2026-07-22 14:33:04,351 [INFO ]  [3000/4586] | Loss: 0.239 | PSNR: 36.456 | MSE: 0.00022617 | BPP: 0.0654 | QP: 63
2026-07-22 14:33:54,120 [INFO ]  [3500/4586] | Loss: 0.240 | PSNR: 36.432 | MSE: 0.00022741 | BPP: 0.0655 | QP: 63
2026-07-22 14:34:43,962 [INFO ]  [4000/4586] | Loss: 0.240 | PSNR: 36.430 | MSE: 0.00022753 | BPP: 0.0656 | QP: 63
2026-07-22 14:35:33,652 [INFO ]  [4500/4586] | Loss: 0.241 | PSNR: 36.424 | MSE: 0.00022783 | BPP: 0.0656 | QP: 63
2026-07-22 14:35:41,937 [INFO ]  Train epoch 30: Loss: 0.243 | PSNR: 36.374 | MSE: 0.00023046 | BPP: 0.0659
2026-07-22 14:36:25,947 [INFO ]  Val epoch 30: Loss: 0.226 | PSNR: 36.715 | MSE: 0.00021307 | BPP: 0.0624
2026-07-22 14:36:26,994 [INFO ]  Checkpoint epoch 30: best model saved: yes | current loss: 0.226014 | best loss: 0.226014
2026-07-22 14:36:26,994 [INFO ]  Global step updated to: 142166
2026-07-22 14:36:26,994 [INFO ]  ====== Current epoch 31 ======
2026-07-22 14:36:26,995 [INFO ]  Learning rate: 0.0001
2026-07-22 14:36:27,518 [INFO ]  [0/4586] | Loss: 0.238 | PSNR: 36.745 | MSE: 0.00021160 | BPP: 0.0756 | QP: 63
2026-07-22 14:37:17,087 [INFO ]  [500/4586] | Loss: 0.238 | PSNR: 36.485 | MSE: 0.00022462 | BPP: 0.0653 | QP: 63
2026-07-22 14:38:07,161 [INFO ]  [1000/4586] | Loss: 0.237 | PSNR: 36.514 | MSE: 0.00022318 | BPP: 0.0652 | QP: 63
2026-07-22 14:38:56,688 [INFO ]  [1500/4586] | Loss: 0.236 | PSNR: 36.521 | MSE: 0.00022281 | BPP: 0.0651 | QP: 63
2026-07-22 14:39:46,447 [INFO ]  [2000/4586] | Loss: 0.237 | PSNR: 36.497 | MSE: 0.00022404 | BPP: 0.0653 | QP: 63
2026-07-22 14:40:36,077 [INFO ]  [2500/4586] | Loss: 0.238 | PSNR: 36.481 | MSE: 0.00022487 | BPP: 0.0655 | QP: 63
2026-07-22 14:41:25,582 [INFO ]  [3000/4586] | Loss: 0.239 | PSNR: 36.464 | MSE: 0.00022573 | BPP: 0.0655 | QP: 63
2026-07-22 14:42:15,192 [INFO ]  [3500/4586] | Loss: 0.239 | PSNR: 36.463 | MSE: 0.00022579 | BPP: 0.0655 | QP: 63
2026-07-22 14:43:04,988 [INFO ]  [4000/4586] | Loss: 0.239 | PSNR: 36.454 | MSE: 0.00022628 | BPP: 0.0656 | QP: 63
2026-07-22 14:43:54,544 [INFO ]  [4500/4586] | Loss: 0.239 | PSNR: 36.463 | MSE: 0.00022579 | BPP: 0.0656 | QP: 63
2026-07-22 14:44:02,913 [INFO ]  Train epoch 31: Loss: 0.240 | PSNR: 36.436 | MSE: 0.00022718 | BPP: 0.0657
2026-07-22 14:44:46,851 [INFO ]  Val epoch 31: Loss: 0.223 | PSNR: 36.777 | MSE: 0.00021005 | BPP: 0.0618
2026-07-22 14:44:47,885 [INFO ]  Checkpoint epoch 31: best model saved: yes | current loss: 0.223153 | best loss: 0.223153
2026-07-22 14:44:47,885 [INFO ]  Global step updated to: 146752
2026-07-22 14:44:47,885 [INFO ]  ====== Current epoch 32 ======
2026-07-22 14:44:47,885 [INFO ]  Learning rate: 0.0001
2026-07-22 14:44:48,369 [INFO ]  [0/4586] | Loss: 0.123 | PSNR: 40.010 | MSE: 0.00009977 | BPP: 0.0467 | QP: 63
2026-07-22 14:45:38,112 [INFO ]  [500/4586] | Loss: 0.246 | PSNR: 36.295 | MSE: 0.00023471 | BPP: 0.0662 | QP: 63
2026-07-22 14:46:28,037 [INFO ]  [1000/4586] | Loss: 0.243 | PSNR: 36.372 | MSE: 0.00023059 | BPP: 0.0660 | QP: 63
2026-07-22 14:47:17,424 [INFO ]  [1500/4586] | Loss: 0.242 | PSNR: 36.396 | MSE: 0.00022929 | BPP: 0.0658 | QP: 63
2026-07-22 14:48:06,926 [INFO ]  [2000/4586] | Loss: 0.240 | PSNR: 36.437 | MSE: 0.00022716 | BPP: 0.0657 | QP: 63
2026-07-22 14:48:56,598 [INFO ]  [2500/4586] | Loss: 0.239 | PSNR: 36.466 | MSE: 0.00022563 | BPP: 0.0656 | QP: 63
2026-07-22 14:49:45,992 [INFO ]  [3000/4586] | Loss: 0.238 | PSNR: 36.476 | MSE: 0.00022511 | BPP: 0.0655 | QP: 63
2026-07-22 14:50:35,628 [INFO ]  [3500/4586] | Loss: 0.238 | PSNR: 36.480 | MSE: 0.00022493 | BPP: 0.0654 | QP: 63
2026-07-22 14:51:25,451 [INFO ]  [4000/4586] | Loss: 0.239 | PSNR: 36.462 | MSE: 0.00022585 | BPP: 0.0656 | QP: 63
2026-07-22 14:52:15,100 [INFO ]  [4500/4586] | Loss: 0.239 | PSNR: 36.466 | MSE: 0.00022565 | BPP: 0.0655 | QP: 63
2026-07-22 14:52:23,415 [INFO ]  Train epoch 32: Loss: 0.239 | PSNR: 36.468 | MSE: 0.00022553 | BPP: 0.0656
2026-07-22 14:53:07,151 [INFO ]  Val epoch 32: Loss: 0.225 | PSNR: 36.719 | MSE: 0.00021286 | BPP: 0.0619
2026-07-22 14:53:07,816 [INFO ]  Checkpoint epoch 32: best model saved: no | current loss: 0.225383 | best loss: 0.223153
2026-07-22 14:53:07,817 [INFO ]  Global step updated to: 151338
2026-07-22 14:53:07,817 [INFO ]  ====== Current epoch 33 ======
2026-07-22 14:53:07,817 [INFO ]  Learning rate: 0.0001
2026-07-22 14:53:08,317 [INFO ]  [0/4586] | Loss: 0.282 | PSNR: 35.982 | MSE: 0.00025223 | BPP: 0.0888 | QP: 63
2026-07-22 14:53:57,999 [INFO ]  [500/4586] | Loss: 0.235 | PSNR: 36.553 | MSE: 0.00022114 | BPP: 0.0652 | QP: 63
2026-07-22 14:54:47,848 [INFO ]  [1000/4586] | Loss: 0.236 | PSNR: 36.535 | MSE: 0.00022210 | BPP: 0.0656 | QP: 63
2026-07-22 14:55:37,484 [INFO ]  [1500/4586] | Loss: 0.236 | PSNR: 36.547 | MSE: 0.00022145 | BPP: 0.0655 | QP: 63
2026-07-22 14:56:27,293 [INFO ]  [2000/4586] | Loss: 0.235 | PSNR: 36.551 | MSE: 0.00022127 | BPP: 0.0655 | QP: 63
2026-07-22 14:57:16,985 [INFO ]  [2500/4586] | Loss: 0.236 | PSNR: 36.539 | MSE: 0.00022188 | BPP: 0.0654 | QP: 63
2026-07-22 14:58:06,756 [INFO ]  [3000/4586] | Loss: 0.236 | PSNR: 36.527 | MSE: 0.00022247 | BPP: 0.0655 | QP: 63
2026-07-22 14:58:56,578 [INFO ]  [3500/4586] | Loss: 0.237 | PSNR: 36.521 | MSE: 0.00022278 | BPP: 0.0654 | QP: 63
2026-07-22 14:59:46,336 [INFO ]  [4000/4586] | Loss: 0.238 | PSNR: 36.499 | MSE: 0.00022391 | BPP: 0.0656 | QP: 63
2026-07-22 15:00:35,984 [INFO ]  [4500/4586] | Loss: 0.238 | PSNR: 36.498 | MSE: 0.00022395 | BPP: 0.0656 | QP: 63
2026-07-22 15:00:44,247 [INFO ]  Train epoch 33: Loss: 0.236 | PSNR: 36.530 | MSE: 0.00022234 | BPP: 0.0655
2026-07-22 15:01:27,984 [INFO ]  Val epoch 33: Loss: 0.217 | PSNR: 36.934 | MSE: 0.00020258 | BPP: 0.0616
2026-07-22 15:01:28,927 [INFO ]  Checkpoint epoch 33: best model saved: yes | current loss: 0.217218 | best loss: 0.217218
2026-07-22 15:01:28,927 [INFO ]  Global step updated to: 155924
2026-07-22 15:01:28,928 [INFO ]  ====== Current epoch 34 ======
2026-07-22 15:01:28,928 [INFO ]  Learning rate: 0.0001
2026-07-22 15:01:29,447 [INFO ]  [0/4586] | Loss: 0.294 | PSNR: 35.546 | MSE: 0.00027884 | BPP: 0.0796 | QP: 63
2026-07-22 15:02:19,200 [INFO ]  [500/4586] | Loss: 0.233 | PSNR: 36.609 | MSE: 0.00021830 | BPP: 0.0657 | QP: 63
2026-07-22 15:03:08,556 [INFO ]  [1000/4586] | Loss: 0.233 | PSNR: 36.617 | MSE: 0.00021794 | BPP: 0.0651 | QP: 63
2026-07-22 15:03:57,966 [INFO ]  [1500/4586] | Loss: 0.233 | PSNR: 36.598 | MSE: 0.00021890 | BPP: 0.0654 | QP: 63
2026-07-22 15:04:47,835 [INFO ]  [2000/4586] | Loss: 0.234 | PSNR: 36.594 | MSE: 0.00021906 | BPP: 0.0655 | QP: 63
2026-07-22 15:05:37,410 [INFO ]  [2500/4586] | Loss: 0.235 | PSNR: 36.565 | MSE: 0.00022057 | BPP: 0.0657 | QP: 63
2026-07-22 15:06:26,856 [INFO ]  [3000/4586] | Loss: 0.235 | PSNR: 36.570 | MSE: 0.00022028 | BPP: 0.0656 | QP: 63
2026-07-22 15:07:16,620 [INFO ]  [3500/4586] | Loss: 0.235 | PSNR: 36.571 | MSE: 0.00022025 | BPP: 0.0656 | QP: 63
2026-07-22 15:08:06,059 [INFO ]  [4000/4586] | Loss: 0.235 | PSNR: 36.556 | MSE: 0.00022099 | BPP: 0.0657 | QP: 63
2026-07-22 15:08:55,701 [INFO ]  [4500/4586] | Loss: 0.236 | PSNR: 36.541 | MSE: 0.00022179 | BPP: 0.0658 | QP: 63
2026-07-22 15:09:04,058 [INFO ]  Train epoch 34: Loss: 0.235 | PSNR: 36.569 | MSE: 0.00022033 | BPP: 0.0656
2026-07-22 15:09:47,950 [INFO ]  Val epoch 34: Loss: 0.217 | PSNR: 36.964 | MSE: 0.00020121 | BPP: 0.0622
2026-07-22 15:09:48,990 [INFO ]  Checkpoint epoch 34: best model saved: yes | current loss: 0.216685 | best loss: 0.216685
2026-07-22 15:09:48,990 [INFO ]  Global step updated to: 160510
2026-07-22 15:09:48,990 [INFO ]  ====== Current epoch 35 ======
2026-07-22 15:09:48,990 [INFO ]  Learning rate: 0.0001
2026-07-22 15:09:49,514 [INFO ]  [0/4586] | Loss: 0.216 | PSNR: 37.160 | MSE: 0.00019232 | BPP: 0.0680 | QP: 63
2026-07-22 15:10:39,289 [INFO ]  [500/4586] | Loss: 0.235 | PSNR: 36.579 | MSE: 0.00021985 | BPP: 0.0658 | QP: 63
2026-07-22 15:11:28,560 [INFO ]  [1000/4586] | Loss: 0.235 | PSNR: 36.568 | MSE: 0.00022041 | BPP: 0.0659 | QP: 63
2026-07-22 15:12:16,719 [INFO ]  [1500/4586] | Loss: 0.235 | PSNR: 36.576 | MSE: 0.00022001 | BPP: 0.0657 | QP: 63
2026-07-22 15:13:05,879 [INFO ]  [2000/4586] | Loss: 0.235 | PSNR: 36.574 | MSE: 0.00022007 | BPP: 0.0658 | QP: 63
2026-07-22 15:13:54,753 [INFO ]  [2500/4586] | Loss: 0.234 | PSNR: 36.598 | MSE: 0.00021887 | BPP: 0.0656 | QP: 63
2026-07-22 15:14:44,366 [INFO ]  [3000/4586] | Loss: 0.232 | PSNR: 36.634 | MSE: 0.00021708 | BPP: 0.0655 | QP: 63
2026-07-22 15:15:33,844 [INFO ]  [3500/4586] | Loss: 0.232 | PSNR: 36.638 | MSE: 0.00021685 | BPP: 0.0654 | QP: 63
2026-07-22 15:16:23,349 [INFO ]  [4000/4586] | Loss: 0.233 | PSNR: 36.616 | MSE: 0.00021797 | BPP: 0.0656 | QP: 63
2026-07-22 15:17:13,035 [INFO ]  [4500/4586] | Loss: 0.233 | PSNR: 36.605 | MSE: 0.00021852 | BPP: 0.0656 | QP: 63
2026-07-22 15:17:21,323 [INFO ]  Train epoch 35: Loss: 0.232 | PSNR: 36.631 | MSE: 0.00021722 | BPP: 0.0656
2026-07-22 15:18:04,870 [INFO ]  Val epoch 35: Loss: 0.214 | PSNR: 37.034 | MSE: 0.00019795 | BPP: 0.0615
2026-07-22 15:18:05,904 [INFO ]  Checkpoint epoch 35: best model saved: yes | current loss: 0.213555 | best loss: 0.213555
2026-07-22 15:18:05,905 [INFO ]  Global step updated to: 165096
2026-07-22 15:18:05,905 [INFO ]  ====== Current epoch 36 ======
2026-07-22 15:18:05,905 [INFO ]  Learning rate: 0.0001
2026-07-22 15:18:06,453 [INFO ]  [0/4586] | Loss: 0.262 | PSNR: 36.097 | MSE: 0.00024562 | BPP: 0.0733 | QP: 63
2026-07-22 15:18:56,038 [INFO ]  [500/4586] | Loss: 0.230 | PSNR: 36.698 | MSE: 0.00021390 | BPP: 0.0658 | QP: 63
2026-07-22 15:19:45,972 [INFO ]  [1000/4586] | Loss: 0.231 | PSNR: 36.656 | MSE: 0.00021596 | BPP: 0.0654 | QP: 63
2026-07-22 15:20:35,968 [INFO ]  [1500/4586] | Loss: 0.230 | PSNR: 36.699 | MSE: 0.00021384 | BPP: 0.0654 | QP: 63
2026-07-22 15:21:25,213 [INFO ]  [2000/4586] | Loss: 0.231 | PSNR: 36.668 | MSE: 0.00021540 | BPP: 0.0656 | QP: 63
2026-07-22 15:22:14,286 [INFO ]  [2500/4586] | Loss: 0.231 | PSNR: 36.671 | MSE: 0.00021523 | BPP: 0.0656 | QP: 63
2026-07-22 15:23:03,418 [INFO ]  [3000/4586] | Loss: 0.230 | PSNR: 36.684 | MSE: 0.00021457 | BPP: 0.0656 | QP: 63
2026-07-22 15:23:52,863 [INFO ]  [3500/4586] | Loss: 0.230 | PSNR: 36.688 | MSE: 0.00021438 | BPP: 0.0655 | QP: 63
2026-07-22 15:24:42,303 [INFO ]  [4000/4586] | Loss: 0.229 | PSNR: 36.709 | MSE: 0.00021334 | BPP: 0.0654 | QP: 63
2026-07-22 15:25:32,213 [INFO ]  [4500/4586] | Loss: 0.230 | PSNR: 36.693 | MSE: 0.00021413 | BPP: 0.0655 | QP: 63
2026-07-22 15:25:40,481 [INFO ]  Train epoch 36: Loss: 0.230 | PSNR: 36.681 | MSE: 0.00021473 | BPP: 0.0655
2026-07-22 15:26:24,446 [INFO ]  Val epoch 36: Loss: 0.211 | PSNR: 37.099 | MSE: 0.00019502 | BPP: 0.0616
2026-07-22 15:26:25,491 [INFO ]  Checkpoint epoch 36: best model saved: yes | current loss: 0.211336 | best loss: 0.211336
2026-07-22 15:26:25,491 [INFO ]  Global step updated to: 169682
2026-07-22 15:26:25,491 [INFO ]  ====== Current epoch 37 ======
2026-07-22 15:26:25,491 [INFO ]  Learning rate: 0.0001
2026-07-22 15:26:25,955 [INFO ]  [0/4586] | Loss: 0.129 | PSNR: 40.130 | MSE: 0.00009704 | BPP: 0.0542 | QP: 63
2026-07-22 15:27:16,059 [INFO ]  [500/4586] | Loss: 0.229 | PSNR: 36.705 | MSE: 0.00021356 | BPP: 0.0653 | QP: 63
2026-07-22 15:28:05,869 [INFO ]  [1000/4586] | Loss: 0.228 | PSNR: 36.735 | MSE: 0.00021207 | BPP: 0.0652 | QP: 63
2026-07-22 15:28:55,469 [INFO ]  [1500/4586] | Loss: 0.229 | PSNR: 36.717 | MSE: 0.00021296 | BPP: 0.0654 | QP: 63
2026-07-22 15:29:45,126 [INFO ]  [2000/4586] | Loss: 0.230 | PSNR: 36.694 | MSE: 0.00021407 | BPP: 0.0655 | QP: 63
2026-07-22 15:30:34,726 [INFO ]  [2500/4586] | Loss: 0.229 | PSNR: 36.708 | MSE: 0.00021340 | BPP: 0.0655 | QP: 63
2026-07-22 15:31:24,513 [INFO ]  [3000/4586] | Loss: 0.231 | PSNR: 36.677 | MSE: 0.00021494 | BPP: 0.0658 | QP: 63
2026-07-22 15:32:14,301 [INFO ]  [3500/4586] | Loss: 0.230 | PSNR: 36.701 | MSE: 0.00021373 | BPP: 0.0656 | QP: 63
2026-07-22 15:33:04,076 [INFO ]  [4000/4586] | Loss: 0.230 | PSNR: 36.690 | MSE: 0.00021427 | BPP: 0.0657 | QP: 63
2026-07-22 15:33:53,766 [INFO ]  [4500/4586] | Loss: 0.229 | PSNR: 36.719 | MSE: 0.00021287 | BPP: 0.0656 | QP: 63
2026-07-22 15:34:02,015 [INFO ]  Train epoch 37: Loss: 0.229 | PSNR: 36.715 | MSE: 0.00021305 | BPP: 0.0655
2026-07-22 15:34:46,196 [INFO ]  Val epoch 37: Loss: 0.214 | PSNR: 37.039 | MSE: 0.00019773 | BPP: 0.0620
2026-07-22 15:34:46,892 [INFO ]  Checkpoint epoch 37: best model saved: no | current loss: 0.213882 | best loss: 0.211336
2026-07-22 15:34:46,893 [INFO ]  Global step updated to: 174268
2026-07-22 15:34:46,893 [INFO ]  ====== Current epoch 38 ======
2026-07-22 15:34:46,893 [INFO ]  Learning rate: 0.0001
2026-07-22 15:34:47,382 [INFO ]  [0/4586] | Loss: 0.264 | PSNR: 36.228 | MSE: 0.00023836 | BPP: 0.0814 | QP: 63
2026-07-22 15:35:37,355 [INFO ]  [500/4586] | Loss: 0.221 | PSNR: 36.911 | MSE: 0.00020368 | BPP: 0.0641 | QP: 63
2026-07-22 15:36:27,283 [INFO ]  [1000/4586] | Loss: 0.226 | PSNR: 36.791 | MSE: 0.00020936 | BPP: 0.0648 | QP: 63
2026-07-22 15:37:17,205 [INFO ]  [1500/4586] | Loss: 0.226 | PSNR: 36.784 | MSE: 0.00020970 | BPP: 0.0650 | QP: 63
2026-07-22 15:38:06,865 [INFO ]  [2000/4586] | Loss: 0.227 | PSNR: 36.771 | MSE: 0.00021034 | BPP: 0.0652 | QP: 63
2026-07-22 15:38:56,917 [INFO ]  [2500/4586] | Loss: 0.227 | PSNR: 36.771 | MSE: 0.00021035 | BPP: 0.0654 | QP: 63
2026-07-22 15:39:46,377 [INFO ]  [3000/4586] | Loss: 0.227 | PSNR: 36.766 | MSE: 0.00021055 | BPP: 0.0654 | QP: 63
2026-07-22 15:40:35,883 [INFO ]  [3500/4586] | Loss: 0.227 | PSNR: 36.760 | MSE: 0.00021085 | BPP: 0.0654 | QP: 63
2026-07-22 15:41:25,483 [INFO ]  [4000/4586] | Loss: 0.227 | PSNR: 36.768 | MSE: 0.00021050 | BPP: 0.0654 | QP: 63
2026-07-22 15:42:15,083 [INFO ]  [4500/4586] | Loss: 0.227 | PSNR: 36.780 | MSE: 0.00020992 | BPP: 0.0653 | QP: 63
2026-07-22 15:42:23,361 [INFO ]  Train epoch 38: Loss: 0.227 | PSNR: 36.763 | MSE: 0.00021073 | BPP: 0.0655
2026-07-22 15:43:07,531 [INFO ]  Val epoch 38: Loss: 0.211 | PSNR: 37.120 | MSE: 0.00019407 | BPP: 0.0620
2026-07-22 15:43:08,499 [INFO ]  Checkpoint epoch 38: best model saved: yes | current loss: 0.211085 | best loss: 0.211085
2026-07-22 15:43:08,499 [INFO ]  Global step updated to: 178854
2026-07-22 15:43:08,500 [INFO ]  ====== Current epoch 39 ======
2026-07-22 15:43:08,500 [INFO ]  Learning rate: 0.0001
2026-07-22 15:43:08,961 [INFO ]  [0/4586] | Loss: 0.392 | PSNR: 33.932 | MSE: 0.00040436 | BPP: 0.0812 | QP: 63
2026-07-22 15:43:58,668 [INFO ]  [500/4586] | Loss: 0.223 | PSNR: 36.871 | MSE: 0.00020552 | BPP: 0.0650 | QP: 63
2026-07-22 15:44:48,643 [INFO ]  [1000/4586] | Loss: 0.225 | PSNR: 36.826 | MSE: 0.00020770 | BPP: 0.0651 | QP: 63
2026-07-22 15:45:38,458 [INFO ]  [1500/4586] | Loss: 0.225 | PSNR: 36.822 | MSE: 0.00020787 | BPP: 0.0651 | QP: 63
2026-07-22 15:46:28,135 [INFO ]  [2000/4586] | Loss: 0.224 | PSNR: 36.846 | MSE: 0.00020675 | BPP: 0.0651 | QP: 63
2026-07-22 15:47:18,168 [INFO ]  [2500/4586] | Loss: 0.224 | PSNR: 36.845 | MSE: 0.00020677 | BPP: 0.0652 | QP: 63
2026-07-22 15:48:07,891 [INFO ]  [3000/4586] | Loss: 0.224 | PSNR: 36.852 | MSE: 0.00020643 | BPP: 0.0651 | QP: 63
2026-07-22 15:48:57,120 [INFO ]  [3500/4586] | Loss: 0.223 | PSNR: 36.861 | MSE: 0.00020603 | BPP: 0.0650 | QP: 63
2026-07-22 15:49:46,560 [INFO ]  [4000/4586] | Loss: 0.223 | PSNR: 36.872 | MSE: 0.00020548 | BPP: 0.0650 | QP: 63
2026-07-22 15:50:36,204 [INFO ]  [4500/4586] | Loss: 0.224 | PSNR: 36.853 | MSE: 0.00020640 | BPP: 0.0652 | QP: 63
2026-07-22 15:50:44,397 [INFO ]  Train epoch 39: Loss: 0.226 | PSNR: 36.810 | MSE: 0.00020844 | BPP: 0.0655
2026-07-22 15:51:28,344 [INFO ]  Val epoch 39: Loss: 0.207 | PSNR: 37.213 | MSE: 0.00018998 | BPP: 0.0615
2026-07-22 15:51:29,330 [INFO ]  Checkpoint epoch 39: best model saved: yes | current loss: 0.207381 | best loss: 0.207381
2026-07-22 15:51:29,330 [INFO ]  Global step updated to: 183440
2026-07-22 15:51:29,330 [INFO ]  ====== Current epoch 40 ======
2026-07-22 15:51:29,330 [INFO ]  Learning rate: 0.0001
2026-07-22 15:51:29,825 [INFO ]  [0/4586] | Loss: 0.156 | PSNR: 38.534 | MSE: 0.00014015 | BPP: 0.0482 | QP: 63
2026-07-22 15:52:19,913 [INFO ]  [500/4586] | Loss: 0.222 | PSNR: 36.884 | MSE: 0.00020495 | BPP: 0.0644 | QP: 63
2026-07-22 15:53:09,835 [INFO ]  [1000/4586] | Loss: 0.223 | PSNR: 36.870 | MSE: 0.00020560 | BPP: 0.0649 | QP: 63
2026-07-22 15:53:59,799 [INFO ]  [1500/4586] | Loss: 0.224 | PSNR: 36.842 | MSE: 0.00020693 | BPP: 0.0651 | QP: 63
2026-07-22 15:54:49,912 [INFO ]  [2000/4586] | Loss: 0.223 | PSNR: 36.872 | MSE: 0.00020549 | BPP: 0.0650 | QP: 63
2026-07-22 15:55:39,884 [INFO ]  [2500/4586] | Loss: 0.223 | PSNR: 36.876 | MSE: 0.00020531 | BPP: 0.0651 | QP: 63
2026-07-22 15:56:30,166 [INFO ]  [3000/4586] | Loss: 0.223 | PSNR: 36.875 | MSE: 0.00020534 | BPP: 0.0653 | QP: 63
2026-07-22 15:57:20,324 [INFO ]  [3500/4586] | Loss: 0.224 | PSNR: 36.856 | MSE: 0.00020626 | BPP: 0.0654 | QP: 63
2026-07-22 15:58:10,612 [INFO ]  [4000/4586] | Loss: 0.223 | PSNR: 36.871 | MSE: 0.00020553 | BPP: 0.0654 | QP: 63
2026-07-22 15:59:00,838 [INFO ]  [4500/4586] | Loss: 0.223 | PSNR: 36.881 | MSE: 0.00020508 | BPP: 0.0654 | QP: 63
2026-07-22 15:59:08,982 [INFO ]  Train epoch 40: Loss: 0.224 | PSNR: 36.847 | MSE: 0.00020667 | BPP: 0.0655
2026-07-22 15:59:53,916 [INFO ]  Val epoch 40: Loss: 0.207 | PSNR: 37.220 | MSE: 0.00018968 | BPP: 0.0617
2026-07-22 15:59:54,602 [INFO ]  Checkpoint epoch 40: best model saved: no | current loss: 0.207389 | best loss: 0.207381
2026-07-22 15:59:54,602 [INFO ]  Global step updated to: 188026
2026-07-22 15:59:54,602 [INFO ]  ====== Current epoch 41 ======
2026-07-22 15:59:54,602 [INFO ]  Learning rate: 0.0001
2026-07-22 15:59:55,058 [INFO ]  [0/4586] | Loss: 0.193 | PSNR: 37.922 | MSE: 0.00016138 | BPP: 0.0694 | QP: 63
2026-07-22 16:00:45,355 [INFO ]  [500/4586] | Loss: 0.230 | PSNR: 36.715 | MSE: 0.00021307 | BPP: 0.0662 | QP: 63
2026-07-22 16:01:35,050 [INFO ]  [1000/4586] | Loss: 0.225 | PSNR: 36.838 | MSE: 0.00020713 | BPP: 0.0659 | QP: 63
2026-07-22 16:02:24,809 [INFO ]  [1500/4586] | Loss: 0.226 | PSNR: 36.819 | MSE: 0.00020800 | BPP: 0.0659 | QP: 63
2026-07-22 16:03:14,917 [INFO ]  [2000/4586] | Loss: 0.224 | PSNR: 36.856 | MSE: 0.00020626 | BPP: 0.0657 | QP: 63
2026-07-22 16:04:04,661 [INFO ]  [2500/4586] | Loss: 0.225 | PSNR: 36.835 | MSE: 0.00020723 | BPP: 0.0657 | QP: 63
2026-07-22 16:04:54,405 [INFO ]  [3000/4586] | Loss: 0.225 | PSNR: 36.841 | MSE: 0.00020695 | BPP: 0.0657 | QP: 63
2026-07-22 16:05:44,352 [INFO ]  [3500/4586] | Loss: 0.223 | PSNR: 36.891 | MSE: 0.00020459 | BPP: 0.0654 | QP: 63
2026-07-22 16:06:34,214 [INFO ]  [4000/4586] | Loss: 0.223 | PSNR: 36.882 | MSE: 0.00020503 | BPP: 0.0655 | QP: 63
2026-07-22 16:07:23,664 [INFO ]  [4500/4586] | Loss: 0.223 | PSNR: 36.891 | MSE: 0.00020457 | BPP: 0.0654 | QP: 63
2026-07-22 16:07:31,987 [INFO ]  Train epoch 41: Loss: 0.223 | PSNR: 36.888 | MSE: 0.00020474 | BPP: 0.0654
2026-07-22 16:08:16,703 [INFO ]  Val epoch 41: Loss: 0.206 | PSNR: 37.263 | MSE: 0.00018782 | BPP: 0.0617
2026-07-22 16:08:17,720 [INFO ]  Checkpoint epoch 41: best model saved: yes | current loss: 0.205984 | best loss: 0.205984
2026-07-22 16:08:17,721 [INFO ]  Global step updated to: 192612
2026-07-22 16:08:17,721 [INFO ]  ====== Current epoch 42 ======
2026-07-22 16:08:17,721 [INFO ]  Learning rate: 0.0001
2026-07-22 16:08:18,134 [INFO ]  [0/4586] | Loss: 0.172 | PSNR: 38.628 | MSE: 0.00013716 | BPP: 0.0669 | QP: 63
2026-07-22 16:09:07,983 [INFO ]  [500/4586] | Loss: 0.217 | PSNR: 37.037 | MSE: 0.00019782 | BPP: 0.0653 | QP: 63
2026-07-22 16:09:57,932 [INFO ]  [1000/4586] | Loss: 0.219 | PSNR: 36.977 | MSE: 0.00020058 | BPP: 0.0651 | QP: 63
2026-07-22 16:10:47,663 [INFO ]  [1500/4586] | Loss: 0.220 | PSNR: 36.969 | MSE: 0.00020096 | BPP: 0.0652 | QP: 63
2026-07-22 16:11:37,095 [INFO ]  [2000/4586] | Loss: 0.221 | PSNR: 36.941 | MSE: 0.00020224 | BPP: 0.0653 | QP: 63
2026-07-22 16:12:26,916 [INFO ]  [2500/4586] | Loss: 0.222 | PSNR: 36.916 | MSE: 0.00020344 | BPP: 0.0653 | QP: 63
2026-07-22 16:13:17,095 [INFO ]  [3000/4586] | Loss: 0.220 | PSNR: 36.949 | MSE: 0.00020190 | BPP: 0.0652 | QP: 63
2026-07-22 16:14:07,040 [INFO ]  [3500/4586] | Loss: 0.221 | PSNR: 36.930 | MSE: 0.00020278 | BPP: 0.0654 | QP: 63
2026-07-22 16:14:56,857 [INFO ]  [4000/4586] | Loss: 0.221 | PSNR: 36.925 | MSE: 0.00020299 | BPP: 0.0654 | QP: 63
2026-07-22 16:15:47,363 [INFO ]  [4500/4586] | Loss: 0.222 | PSNR: 36.919 | MSE: 0.00020329 | BPP: 0.0655 | QP: 63
2026-07-22 16:15:55,635 [INFO ]  Train epoch 42: Loss: 0.222 | PSNR: 36.914 | MSE: 0.00020351 | BPP: 0.0655
2026-07-22 16:16:40,342 [INFO ]  Val epoch 42: Loss: 0.207 | PSNR: 37.242 | MSE: 0.00018872 | BPP: 0.0617
2026-07-22 16:16:41,073 [INFO ]  Checkpoint epoch 42: best model saved: no | current loss: 0.206671 | best loss: 0.205984
2026-07-22 16:16:41,073 [INFO ]  Global step updated to: 197198
2026-07-22 16:16:41,073 [INFO ]  ====== Current epoch 43 ======
2026-07-22 16:16:41,073 [INFO ]  Learning rate: 0.0001
2026-07-22 16:16:41,507 [INFO ]  [0/4586] | Loss: 0.175 | PSNR: 38.564 | MSE: 0.00013919 | BPP: 0.0679 | QP: 63
2026-07-22 16:17:32,724 [INFO ]  [500/4586] | Loss: 0.217 | PSNR: 37.029 | MSE: 0.00019821 | BPP: 0.0649 | QP: 63
2026-07-22 16:18:23,540 [INFO ]  [1000/4586] | Loss: 0.221 | PSNR: 36.939 | MSE: 0.00020233 | BPP: 0.0653 | QP: 63
2026-07-22 16:19:14,235 [INFO ]  [1500/4586] | Loss: 0.220 | PSNR: 36.960 | MSE: 0.00020138 | BPP: 0.0653 | QP: 63
2026-07-22 16:20:05,042 [INFO ]  [2000/4586] | Loss: 0.220 | PSNR: 36.953 | MSE: 0.00020169 | BPP: 0.0652 | QP: 63
2026-07-22 16:20:55,934 [INFO ]  [2500/4586] | Loss: 0.220 | PSNR: 36.951 | MSE: 0.00020178 | BPP: 0.0652 | QP: 63
2026-07-22 16:21:47,269 [INFO ]  [3000/4586] | Loss: 0.220 | PSNR: 36.956 | MSE: 0.00020156 | BPP: 0.0651 | QP: 63
2026-07-22 16:22:37,923 [INFO ]  [3500/4586] | Loss: 0.220 | PSNR: 36.945 | MSE: 0.00020207 | BPP: 0.0652 | QP: 63
2026-07-22 16:23:27,812 [INFO ]  [4000/4586] | Loss: 0.220 | PSNR: 36.945 | MSE: 0.00020208 | BPP: 0.0652 | QP: 63
2026-07-22 16:24:18,766 [INFO ]  [4500/4586] | Loss: 0.220 | PSNR: 36.957 | MSE: 0.00020149 | BPP: 0.0652 | QP: 63
2026-07-22 16:24:27,211 [INFO ]  Train epoch 43: Loss: 0.220 | PSNR: 36.951 | MSE: 0.00020180 | BPP: 0.0654
2026-07-22 16:25:12,588 [INFO ]  Val epoch 43: Loss: 0.208 | PSNR: 37.187 | MSE: 0.00019111 | BPP: 0.0614
2026-07-22 16:25:13,291 [INFO ]  Checkpoint epoch 43: best model saved: no | current loss: 0.208140 | best loss: 0.205984
2026-07-22 16:25:13,291 [INFO ]  Global step updated to: 201784
2026-07-22 16:25:13,291 [INFO ]  ====== Current epoch 44 ======
2026-07-22 16:25:13,291 [INFO ]  Learning rate: 0.0001
2026-07-22 16:25:13,678 [INFO ]  [0/4586] | Loss: 0.259 | PSNR: 36.264 | MSE: 0.00023639 | BPP: 0.0773 | QP: 63
2026-07-22 16:26:05,574 [INFO ]  [500/4586] | Loss: 0.218 | PSNR: 37.022 | MSE: 0.00019852 | BPP: 0.0653 | QP: 63
2026-07-22 16:26:56,280 [INFO ]  [1000/4586] | Loss: 0.216 | PSNR: 37.066 | MSE: 0.00019650 | BPP: 0.0648 | QP: 63
2026-07-22 16:27:46,368 [INFO ]  [1500/4586] | Loss: 0.218 | PSNR: 37.012 | MSE: 0.00019900 | BPP: 0.0652 | QP: 63
2026-07-22 16:28:36,757 [INFO ]  [2000/4586] | Loss: 0.216 | PSNR: 37.055 | MSE: 0.00019701 | BPP: 0.0649 | QP: 63
2026-07-22 16:29:28,031 [INFO ]  [2500/4586] | Loss: 0.217 | PSNR: 37.041 | MSE: 0.00019767 | BPP: 0.0651 | QP: 63
2026-07-22 16:30:18,408 [INFO ]  [3000/4586] | Loss: 0.217 | PSNR: 37.046 | MSE: 0.00019745 | BPP: 0.0651 | QP: 63
2026-07-22 16:31:08,639 [INFO ]  [3500/4586] | Loss: 0.217 | PSNR: 37.051 | MSE: 0.00019719 | BPP: 0.0651 | QP: 63
2026-07-22 16:31:59,122 [INFO ]  [4000/4586] | Loss: 0.217 | PSNR: 37.049 | MSE: 0.00019731 | BPP: 0.0651 | QP: 63
2026-07-22 16:32:49,917 [INFO ]  [4500/4586] | Loss: 0.217 | PSNR: 37.045 | MSE: 0.00019745 | BPP: 0.0652 | QP: 63
2026-07-22 16:32:58,459 [INFO ]  Train epoch 44: Loss: 0.219 | PSNR: 36.980 | MSE: 0.00020045 | BPP: 0.0653
2026-07-22 16:33:43,935 [INFO ]  Val epoch 44: Loss: 0.206 | PSNR: 37.264 | MSE: 0.00018776 | BPP: 0.0615
2026-07-22 16:33:44,921 [INFO ]  Checkpoint epoch 44: best model saved: yes | current loss: 0.205753 | best loss: 0.205753
2026-07-22 16:33:44,921 [INFO ]  Global step updated to: 206370
2026-07-22 16:33:44,921 [INFO ]  ====== Current epoch 45 ======
2026-07-22 16:33:44,921 [INFO ]  Learning rate: 0.0001
2026-07-22 16:33:45,350 [INFO ]  [0/4586] | Loss: 0.193 | PSNR: 37.460 | MSE: 0.00017949 | BPP: 0.0551 | QP: 63
2026-07-22 16:34:35,725 [INFO ]  [500/4586] | Loss: 0.215 | PSNR: 37.084 | MSE: 0.00019572 | BPP: 0.0652 | QP: 63
2026-07-22 16:35:26,087 [INFO ]  [1000/4586] | Loss: 0.217 | PSNR: 37.030 | MSE: 0.00019814 | BPP: 0.0652 | QP: 63
2026-07-22 16:36:16,464 [INFO ]  [1500/4586] | Loss: 0.220 | PSNR: 36.977 | MSE: 0.00020057 | BPP: 0.0656 | QP: 63
2026-07-22 16:37:07,350 [INFO ]  [2000/4586] | Loss: 0.220 | PSNR: 36.958 | MSE: 0.00020145 | BPP: 0.0655 | QP: 63
2026-07-22 16:37:57,675 [INFO ]  [2500/4586] | Loss: 0.220 | PSNR: 36.975 | MSE: 0.00020068 | BPP: 0.0654 | QP: 63
2026-07-22 16:38:48,313 [INFO ]  [3000/4586] | Loss: 0.219 | PSNR: 36.983 | MSE: 0.00020033 | BPP: 0.0653 | QP: 63
2026-07-22 16:39:39,594 [INFO ]  [3500/4586] | Loss: 0.219 | PSNR: 36.981 | MSE: 0.00020042 | BPP: 0.0653 | QP: 63
2026-07-22 16:40:30,054 [INFO ]  [4000/4586] | Loss: 0.219 | PSNR: 36.975 | MSE: 0.00020067 | BPP: 0.0653 | QP: 63
2026-07-22 16:41:20,693 [INFO ]  [4500/4586] | Loss: 0.219 | PSNR: 36.997 | MSE: 0.00019964 | BPP: 0.0652 | QP: 63
2026-07-22 16:41:29,011 [INFO ]  Train epoch 45: Loss: 0.218 | PSNR: 37.006 | MSE: 0.00019927 | BPP: 0.0653
2026-07-22 16:42:13,535 [INFO ]  Val epoch 45: Loss: 0.204 | PSNR: 37.323 | MSE: 0.00018525 | BPP: 0.0615
2026-07-22 16:42:14,670 [INFO ]  Checkpoint epoch 45: best model saved: yes | current loss: 0.203729 | best loss: 0.203729
2026-07-22 16:42:14,670 [INFO ]  Global step updated to: 210956
2026-07-22 16:42:14,670 [INFO ]  ====== Current epoch 46 ======
2026-07-22 16:42:14,670 [INFO ]  Learning rate: 0.0001
2026-07-22 16:42:15,167 [INFO ]  [0/4586] | Loss: 0.298 | PSNR: 35.290 | MSE: 0.00029580 | BPP: 0.0707 | QP: 63
2026-07-22 16:43:06,009 [INFO ]  [500/4586] | Loss: 0.210 | PSNR: 37.211 | MSE: 0.00019008 | BPP: 0.0644 | QP: 63
2026-07-22 16:43:56,861 [INFO ]  [1000/4586] | Loss: 0.214 | PSNR: 37.116 | MSE: 0.00019428 | BPP: 0.0648 | QP: 63
2026-07-22 16:44:47,158 [INFO ]  [1500/4586] | Loss: 0.213 | PSNR: 37.136 | MSE: 0.00019338 | BPP: 0.0649 | QP: 63
2026-07-22 16:45:37,797 [INFO ]  [2000/4586] | Loss: 0.213 | PSNR: 37.145 | MSE: 0.00019297 | BPP: 0.0647 | QP: 63
2026-07-22 16:46:28,319 [INFO ]  [2500/4586] | Loss: 0.215 | PSNR: 37.089 | MSE: 0.00019547 | BPP: 0.0650 | QP: 63
2026-07-22 16:47:18,863 [INFO ]  [3000/4586] | Loss: 0.216 | PSNR: 37.076 | MSE: 0.00019609 | BPP: 0.0649 | QP: 63
2026-07-22 16:48:09,098 [INFO ]  [3500/4586] | Loss: 0.215 | PSNR: 37.089 | MSE: 0.00019546 | BPP: 0.0648 | QP: 63
2026-07-22 16:49:00,041 [INFO ]  [4000/4586] | Loss: 0.215 | PSNR: 37.087 | MSE: 0.00019557 | BPP: 0.0648 | QP: 63
2026-07-22 16:49:50,756 [INFO ]  [4500/4586] | Loss: 0.215 | PSNR: 37.092 | MSE: 0.00019533 | BPP: 0.0648 | QP: 63
2026-07-22 16:49:59,278 [INFO ]  Train epoch 46: Loss: 0.217 | PSNR: 37.031 | MSE: 0.00019808 | BPP: 0.0652
2026-07-22 16:50:44,361 [INFO ]  Val epoch 46: Loss: 0.202 | PSNR: 37.371 | MSE: 0.00018319 | BPP: 0.0617
2026-07-22 16:50:45,414 [INFO ]  Checkpoint epoch 46: best model saved: yes | current loss: 0.202349 | best loss: 0.202349
2026-07-22 16:50:45,414 [INFO ]  Global step updated to: 215542
2026-07-22 16:50:45,414 [INFO ]  ====== Current epoch 47 ======
2026-07-22 16:50:45,414 [INFO ]  Learning rate: 0.0001
2026-07-22 16:50:45,850 [INFO ]  [0/4586] | Loss: 0.232 | PSNR: 36.881 | MSE: 0.00020506 | BPP: 0.0744 | QP: 63
2026-07-22 16:51:36,578 [INFO ]  [500/4586] | Loss: 0.219 | PSNR: 37.004 | MSE: 0.00019934 | BPP: 0.0655 | QP: 63
2026-07-22 16:52:26,972 [INFO ]  [1000/4586] | Loss: 0.216 | PSNR: 37.073 | MSE: 0.00019622 | BPP: 0.0650 | QP: 63
2026-07-22 16:53:18,413 [INFO ]  [1500/4586] | Loss: 0.217 | PSNR: 37.037 | MSE: 0.00019783 | BPP: 0.0654 | QP: 63
2026-07-22 16:54:09,058 [INFO ]  [2000/4586] | Loss: 0.218 | PSNR: 37.029 | MSE: 0.00019818 | BPP: 0.0654 | QP: 63
2026-07-22 16:55:01,306 [INFO ]  [2500/4586] | Loss: 0.216 | PSNR: 37.057 | MSE: 0.00019692 | BPP: 0.0651 | QP: 63
2026-07-22 16:55:53,517 [INFO ]  [3000/4586] | Loss: 0.216 | PSNR: 37.068 | MSE: 0.00019644 | BPP: 0.0651 | QP: 63
2026-07-22 16:56:59,190 [INFO ]  [3500/4586] | Loss: 0.217 | PSNR: 37.047 | MSE: 0.00019737 | BPP: 0.0652 | QP: 63
2026-07-22 16:58:02,822 [INFO ]  [4000/4586] | Loss: 0.216 | PSNR: 37.067 | MSE: 0.00019649 | BPP: 0.0651 | QP: 63
2026-07-22 16:59:07,867 [INFO ]  [4500/4586] | Loss: 0.215 | PSNR: 37.081 | MSE: 0.00019582 | BPP: 0.0650 | QP: 63
2026-07-22 16:59:21,711 [INFO ]  Train epoch 47: Loss: 0.216 | PSNR: 37.065 | MSE: 0.00019654 | BPP: 0.0651
2026-07-22 17:00:20,362 [INFO ]  Val epoch 47: Loss: 0.201 | PSNR: 37.406 | MSE: 0.00018170 | BPP: 0.0617
2026-07-22 17:00:21,697 [INFO ]  Checkpoint epoch 47: best model saved: yes | current loss: 0.201237 | best loss: 0.201237
2026-07-22 17:00:21,697 [INFO ]  Global step updated to: 220128
2026-07-22 17:00:21,697 [INFO ]  ====== Current epoch 48 ======
2026-07-22 17:00:21,697 [INFO ]  Learning rate: 0.0001
2026-07-22 17:00:22,213 [INFO ]  [0/4586] | Loss: 0.162 | PSNR: 38.553 | MSE: 0.00013954 | BPP: 0.0553 | QP: 63
2026-07-22 17:01:27,800 [INFO ]  [500/4586] | Loss: 0.161 | PSNR: 34.818 | MSE: 0.00032974 | BPP: 0.0514 | QP: 37
2026-07-22 17:02:35,024 [INFO ]  [1000/4586] | Loss: 0.152 | PSNR: 34.980 | MSE: 0.00031771 | BPP: 0.0492 | QP: 16
2026-07-22 17:03:39,792 [INFO ]  [1500/4586] | Loss: 0.147 | PSNR: 35.065 | MSE: 0.00031150 | BPP: 0.0480 | QP: 63
2026-07-22 17:04:45,374 [INFO ]  [2000/4586] | Loss: 0.145 | PSNR: 34.997 | MSE: 0.00031644 | BPP: 0.0472 | QP: 44
2026-07-22 17:05:51,934 [INFO ]  [2500/4586] | Loss: 0.144 | PSNR: 34.968 | MSE: 0.00031858 | BPP: 0.0471 | QP: 58
2026-07-22 17:06:57,131 [INFO ]  [3000/4586] | Loss: 0.143 | PSNR: 34.919 | MSE: 0.00032221 | BPP: 0.0467 | QP: 63
2026-07-22 17:08:01,634 [INFO ]  [3500/4586] | Loss: 0.141 | PSNR: 34.865 | MSE: 0.00032623 | BPP: 0.0464 | QP: 16
2026-07-22 17:09:06,723 [INFO ]  [4000/4586] | Loss: 0.141 | PSNR: 34.749 | MSE: 0.00033508 | BPP: 0.0463 | QP: 38
2026-07-22 17:10:13,335 [INFO ]  [4500/4586] | Loss: 0.140 | PSNR: 34.658 | MSE: 0.00034215 | BPP: 0.0460 | QP: 63
2026-07-22 17:10:23,211 [INFO ]  Train epoch 48: Loss: 0.139 | PSNR: 34.659 | MSE: 0.00034206 | BPP: 0.0458
2026-07-22 17:11:24,593 [INFO ]  Val epoch 48: Loss: 0.237 | PSNR: 36.310 | MSE: 0.00023389 | BPP: 0.0574
2026-07-22 17:11:25,333 [INFO ]  Checkpoint epoch 48: best model saved: no | current loss: 0.237016 | best loss: 0.201237
2026-07-22 17:11:25,333 [INFO ]  Global step updated to: 224714
2026-07-22 17:11:25,333 [INFO ]  ====== Current epoch 49 ======
2026-07-22 17:11:25,333 [INFO ]  Learning rate: 0.0001
2026-07-22 17:11:25,766 [INFO ]  [0/4586] | Loss: 0.260 | PSNR: 35.949 | MSE: 0.00025415 | BPP: 0.0649 | QP: 63
2026-07-22 17:12:31,729 [INFO ]  [500/4586] | Loss: 0.130 | PSNR: 33.994 | MSE: 0.00039869 | BPP: 0.0438 | QP: 20
2026-07-22 17:13:41,162 [INFO ]  [1000/4586] | Loss: 0.132 | PSNR: 34.028 | MSE: 0.00039558 | BPP: 0.0438 | QP: 34
2026-07-22 17:14:45,596 [INFO ]  [1500/4586] | Loss: 0.132 | PSNR: 33.972 | MSE: 0.00040065 | BPP: 0.0437 | QP: 63
2026-07-22 17:15:50,919 [INFO ]  [2000/4586] | Loss: 0.132 | PSNR: 33.918 | MSE: 0.00040567 | BPP: 0.0437 | QP: 44
2026-07-22 17:16:56,546 [INFO ]  [2500/4586] | Loss: 0.133 | PSNR: 33.896 | MSE: 0.00040774 | BPP: 0.0437 | QP: 0
2026-07-22 17:18:04,007 [INFO ]  [3000/4586] | Loss: 0.132 | PSNR: 33.923 | MSE: 0.00040519 | BPP: 0.0438 | QP: 63
2026-07-22 17:19:15,534 [INFO ]  [3500/4586] | Loss: 0.131 | PSNR: 33.915 | MSE: 0.00040594 | BPP: 0.0436 | QP: 2
2026-07-22 17:20:22,295 [INFO ]  [4000/4586] | Loss: 0.131 | PSNR: 33.923 | MSE: 0.00040521 | BPP: 0.0436 | QP: 22
2026-07-22 17:21:29,142 [INFO ]  [4500/4586] | Loss: 0.130 | PSNR: 33.934 | MSE: 0.00040423 | BPP: 0.0434 | QP: 63
2026-07-22 17:21:43,031 [INFO ]  Train epoch 49: Loss: 0.130 | PSNR: 33.935 | MSE: 0.00040412 | BPP: 0.0434
2026-07-22 17:22:46,591 [INFO ]  Val epoch 49: Loss: 0.215 | PSNR: 36.911 | MSE: 0.00020365 | BPP: 0.0583
2026-07-22 17:22:47,427 [INFO ]  Checkpoint epoch 49: best model saved: no | current loss: 0.214663 | best loss: 0.201237
2026-07-22 17:22:47,427 [INFO ]  Global step updated to: 229300
2026-07-22 17:22:47,427 [INFO ]  ====== Current epoch 50 ======
2026-07-22 17:22:47,427 [INFO ]  Learning rate: 0.0001
2026-07-22 17:22:47,881 [INFO ]  [0/4586] | Loss: 0.498 | PSNR: 32.649 | MSE: 0.00054341 | BPP: 0.0805 | QP: 63
2026-07-22 17:23:51,798 [INFO ]  [500/4586] | Loss: 0.127 | PSNR: 34.021 | MSE: 0.00039621 | BPP: 0.0432 | QP: 27
2026-07-22 17:24:59,276 [INFO ]  [1000/4586] | Loss: 0.130 | PSNR: 34.011 | MSE: 0.00039714 | BPP: 0.0434 | QP: 37
2026-07-22 17:26:05,724 [INFO ]  [1500/4586] | Loss: 0.128 | PSNR: 33.999 | MSE: 0.00039817 | BPP: 0.0429 | QP: 63
2026-07-22 17:27:04,463 [INFO ]  [2000/4586] | Loss: 0.129 | PSNR: 33.951 | MSE: 0.00040265 | BPP: 0.0431 | QP: 43
2026-07-22 17:28:00,850 [INFO ]  [2500/4586] | Loss: 0.128 | PSNR: 33.931 | MSE: 0.00040446 | BPP: 0.0427 | QP: 58
2026-07-22 17:28:57,723 [INFO ]  [3000/4586] | Loss: 0.128 | PSNR: 33.926 | MSE: 0.00040497 | BPP: 0.0427 | QP: 63
2026-07-22 17:29:53,624 [INFO ]  [3500/4586] | Loss: 0.129 | PSNR: 33.896 | MSE: 0.00040771 | BPP: 0.0426 | QP: 28
2026-07-22 17:31:06,094 [INFO ]  [4000/4586] | Loss: 0.129 | PSNR: 33.863 | MSE: 0.00041084 | BPP: 0.0425 | QP: 48
2026-07-22 17:32:13,809 [INFO ]  [4500/4586] | Loss: 0.128 | PSNR: 33.883 | MSE: 0.00040895 | BPP: 0.0425 | QP: 63
2026-07-22 17:32:24,243 [INFO ]  Train epoch 50: Loss: 0.129 | PSNR: 33.868 | MSE: 0.00041043 | BPP: 0.0427
2026-07-22 17:33:28,560 [INFO ]  Val epoch 50: Loss: 0.219 | PSNR: 36.804 | MSE: 0.00020872 | BPP: 0.0585
2026-07-22 17:33:29,445 [INFO ]  Checkpoint epoch 50: best model saved: no | current loss: 0.218784 | best loss: 0.201237
2026-07-22 17:33:29,446 [INFO ]  Global step updated to: 233886
2026-07-22 17:33:29,446 [INFO ]  ====== Current epoch 51 ======
2026-07-22 17:33:29,446 [INFO ]  Learning rate: 0.0001
2026-07-22 17:33:29,878 [INFO ]  [0/4586] | Loss: 0.139 | PSNR: 39.096 | MSE: 0.00012314 | BPP: 0.0447 | QP: 63
2026-07-22 17:34:37,107 [INFO ]  [500/4586] | Loss: 0.124 | PSNR: 33.892 | MSE: 0.00040809 | BPP: 0.0416 | QP: 55
2026-07-22 17:35:44,483 [INFO ]  [1000/4586] | Loss: 0.124 | PSNR: 34.042 | MSE: 0.00039423 | BPP: 0.0419 | QP: 37
2026-07-22 17:36:59,023 [INFO ]  [1500/4586] | Loss: 0.126 | PSNR: 34.026 | MSE: 0.00039573 | BPP: 0.0422 | QP: 63
2026-07-22 17:38:20,337 [INFO ]  [2000/4586] | Loss: 0.126 | PSNR: 33.966 | MSE: 0.00040121 | BPP: 0.0422 | QP: 5
2026-07-22 17:39:49,592 [INFO ]  [2500/4586] | Loss: 0.127 | PSNR: 33.975 | MSE: 0.00040039 | BPP: 0.0424 | QP: 57
2026-07-22 17:41:06,158 [INFO ]  [3000/4586] | Loss: 0.127 | PSNR: 33.912 | MSE: 0.00040625 | BPP: 0.0421 | QP: 63
2026-07-22 17:42:18,280 [INFO ]  [3500/4586] | Loss: 0.126 | PSNR: 33.880 | MSE: 0.00040923 | BPP: 0.0419 | QP: 20
2026-07-22 17:43:25,178 [INFO ]  [4000/4586] | Loss: 0.126 | PSNR: 33.887 | MSE: 0.00040859 | BPP: 0.0418 | QP: 49
2026-07-22 17:44:35,226 [INFO ]  [4500/4586] | Loss: 0.126 | PSNR: 33.888 | MSE: 0.00040855 | BPP: 0.0418 | QP: 63
2026-07-22 17:44:44,739 [INFO ]  Train epoch 51: Loss: 0.126 | PSNR: 33.906 | MSE: 0.00040679 | BPP: 0.0419
2026-07-22 17:45:50,595 [INFO ]  Val epoch 51: Loss: 0.225 | PSNR: 36.626 | MSE: 0.00021747 | BPP: 0.0582
2026-07-22 17:45:51,426 [INFO ]  Checkpoint epoch 51: best model saved: no | current loss: 0.225183 | best loss: 0.201237
2026-07-22 17:45:51,427 [INFO ]  Global step updated to: 238472
2026-07-22 17:45:51,427 [INFO ]  ====== Current epoch 52 ======
2026-07-22 17:45:51,427 [INFO ]  Learning rate: 0.0001
2026-07-22 17:45:51,907 [INFO ]  [0/4586] | Loss: 0.199 | PSNR: 37.633 | MSE: 0.00017246 | BPP: 0.0664 | QP: 63
2026-07-22 17:46:58,323 [INFO ]  [500/4586] | Loss: 0.129 | PSNR: 33.692 | MSE: 0.00042735 | BPP: 0.0419 | QP: 2
2026-07-22 17:48:08,344 [INFO ]  [1000/4586] | Loss: 0.127 | PSNR: 33.691 | MSE: 0.00042744 | BPP: 0.0417 | QP: 63
2026-07-22 17:49:15,374 [INFO ]  [1500/4586] | Loss: 0.125 | PSNR: 33.744 | MSE: 0.00042229 | BPP: 0.0415 | QP: 63
2026-07-22 17:50:26,659 [INFO ]  [2000/4586] | Loss: 0.125 | PSNR: 33.757 | MSE: 0.00042105 | BPP: 0.0414 | QP: 10
2026-07-22 17:51:37,297 [INFO ]  [2500/4586] | Loss: 0.125 | PSNR: 33.767 | MSE: 0.00042008 | BPP: 0.0413 | QP: 53
2026-07-22 17:52:48,797 [INFO ]  [3000/4586] | Loss: 0.125 | PSNR: 33.815 | MSE: 0.00041539 | BPP: 0.0413 | QP: 63
2026-07-22 17:53:57,186 [INFO ]  [3500/4586] | Loss: 0.124 | PSNR: 33.803 | MSE: 0.00041655 | BPP: 0.0411 | QP: 30
2026-07-22 17:55:05,947 [INFO ]  [4000/4586] | Loss: 0.124 | PSNR: 33.838 | MSE: 0.00041320 | BPP: 0.0411 | QP: 47
2026-07-22 17:56:15,989 [INFO ]  [4500/4586] | Loss: 0.123 | PSNR: 33.853 | MSE: 0.00041182 | BPP: 0.0410 | QP: 63
2026-07-22 17:56:26,272 [INFO ]  Train epoch 52: Loss: 0.124 | PSNR: 33.844 | MSE: 0.00041269 | BPP: 0.0411
2026-07-22 17:57:29,141 [INFO ]  Val epoch 52: Loss: 0.213 | PSNR: 36.939 | MSE: 0.00020236 | BPP: 0.0580
2026-07-22 17:57:29,892 [INFO ]  Checkpoint epoch 52: best model saved: no | current loss: 0.213364 | best loss: 0.201237
2026-07-22 17:57:29,893 [INFO ]  Global step updated to: 243058
2026-07-22 17:57:29,893 [INFO ]  ====== Current epoch 53 ======
2026-07-22 17:57:29,893 [INFO ]  Learning rate: 0.0001
2026-07-22 17:57:30,481 [INFO ]  [0/4586] | Loss: 0.056 | PSNR: 44.033 | MSE: 0.00003951 | BPP: 0.0258 | QP: 63
2026-07-22 17:58:39,097 [INFO ]  [500/4586] | Loss: 0.128 | PSNR: 33.834 | MSE: 0.00041360 | BPP: 0.0411 | QP: 50
2026-07-22 17:59:49,244 [INFO ]  [1000/4586] | Loss: 0.125 | PSNR: 33.863 | MSE: 0.00041085 | BPP: 0.0405 | QP: 1
2026-07-22 18:00:58,781 [INFO ]  [1500/4586] | Loss: 0.125 | PSNR: 33.849 | MSE: 0.00041215 | BPP: 0.0408 | QP: 63
2026-07-22 18:02:07,086 [INFO ]  [2000/4586] | Loss: 0.125 | PSNR: 33.862 | MSE: 0.00041100 | BPP: 0.0407 | QP: 41
2026-07-22 18:03:15,643 [INFO ]  [2500/4586] | Loss: 0.125 | PSNR: 33.897 | MSE: 0.00040769 | BPP: 0.0407 | QP: 32
2026-07-22 18:04:23,544 [INFO ]  [3000/4586] | Loss: 0.126 | PSNR: 33.885 | MSE: 0.00040874 | BPP: 0.0408 | QP: 63
2026-07-22 18:05:31,330 [INFO ]  [3500/4586] | Loss: 0.125 | PSNR: 33.881 | MSE: 0.00040914 | BPP: 0.0408 | QP: 13
2026-07-22 18:06:41,308 [INFO ]  [4000/4586] | Loss: 0.125 | PSNR: 33.891 | MSE: 0.00040819 | BPP: 0.0407 | QP: 38
2026-07-22 18:07:49,899 [INFO ]  [4500/4586] | Loss: 0.125 | PSNR: 33.839 | MSE: 0.00041314 | BPP: 0.0406 | QP: 63
2026-07-22 18:08:00,539 [INFO ]  Train epoch 53: Loss: 0.124 | PSNR: 33.840 | MSE: 0.00041309 | BPP: 0.0406
2026-07-22 18:09:06,517 [INFO ]  Val epoch 53: Loss: 0.223 | PSNR: 36.685 | MSE: 0.00021456 | BPP: 0.0580
2026-07-22 18:09:07,333 [INFO ]  Checkpoint epoch 53: best model saved: no | current loss: 0.222744 | best loss: 0.201237
2026-07-22 18:09:07,334 [INFO ]  Global step updated to: 247644
2026-07-22 18:09:07,334 [INFO ]  ====== Current epoch 54 ======
2026-07-22 18:09:07,334 [INFO ]  Learning rate: 0.0001
2026-07-22 18:09:08,003 [INFO ]  [0/4586] | Loss: 0.140 | PSNR: 39.168 | MSE: 0.00012112 | BPP: 0.0465 | QP: 63
2026-07-22 18:10:18,522 [INFO ]  [500/4586] | Loss: 0.119 | PSNR: 33.730 | MSE: 0.00042360 | BPP: 0.0396 | QP: 58
2026-07-22 18:11:28,086 [INFO ]  [1000/4586] | Loss: 0.123 | PSNR: 33.603 | MSE: 0.00043620 | BPP: 0.0402 | QP: 7
2026-07-22 18:12:35,868 [INFO ]  [1500/4586] | Loss: 0.125 | PSNR: 33.601 | MSE: 0.00043640 | BPP: 0.0403 | QP: 63
2026-07-22 18:13:45,752 [INFO ]  [2000/4586] | Loss: 0.125 | PSNR: 33.619 | MSE: 0.00043465 | BPP: 0.0403 | QP: 52
2026-07-22 18:14:56,829 [INFO ]  [2500/4586] | Loss: 0.124 | PSNR: 33.622 | MSE: 0.00043428 | BPP: 0.0401 | QP: 35
2026-07-22 18:15:55,257 [INFO ]  [3000/4586] | Loss: 0.124 | PSNR: 33.618 | MSE: 0.00043471 | BPP: 0.0400 | QP: 63
2026-07-22 18:16:46,119 [INFO ]  [3500/4586] | Loss: 0.124 | PSNR: 33.628 | MSE: 0.00043368 | BPP: 0.0401 | QP: 39
2026-07-22 18:17:36,989 [INFO ]  [4000/4586] | Loss: 0.124 | PSNR: 33.652 | MSE: 0.00043133 | BPP: 0.0401 | QP: 0
2026-07-22 18:18:27,774 [INFO ]  [4500/4586] | Loss: 0.124 | PSNR: 33.674 | MSE: 0.00042912 | BPP: 0.0401 | QP: 63
2026-07-22 18:18:35,930 [INFO ]  Train epoch 54: Loss: 0.123 | PSNR: 33.735 | MSE: 0.00042311 | BPP: 0.0400
2026-07-22 18:19:21,145 [INFO ]  Val epoch 54: Loss: 0.224 | PSNR: 36.653 | MSE: 0.00021611 | BPP: 0.0576
2026-07-22 18:19:21,835 [INFO ]  Checkpoint epoch 54: best model saved: no | current loss: 0.223581 | best loss: 0.201237
2026-07-22 18:19:21,835 [INFO ]  Global step updated to: 252230
2026-07-22 18:19:21,835 [INFO ]  ====== Current epoch 55 ======
2026-07-22 18:19:21,835 [INFO ]  Learning rate: 0.0001
2026-07-22 18:19:22,309 [INFO ]  [0/4586] | Loss: 0.294 | PSNR: 35.207 | MSE: 0.00030152 | BPP: 0.0621 | QP: 63
2026-07-22 18:20:12,819 [INFO ]  [500/4586] | Loss: 0.123 | PSNR: 33.924 | MSE: 0.00040510 | BPP: 0.0395 | QP: 50
2026-07-22 18:21:03,868 [INFO ]  [1000/4586] | Loss: 0.123 | PSNR: 33.811 | MSE: 0.00041585 | BPP: 0.0396 | QP: 11
2026-07-22 18:21:54,924 [INFO ]  [1500/4586] | Loss: 0.123 | PSNR: 33.742 | MSE: 0.00042246 | BPP: 0.0393 | QP: 63
2026-07-22 18:22:47,184 [INFO ]  [2000/4586] | Loss: 0.122 | PSNR: 33.750 | MSE: 0.00042165 | BPP: 0.0391 | QP: 34
2026-07-22 18:23:38,415 [INFO ]  [2500/4586] | Loss: 0.123 | PSNR: 33.725 | MSE: 0.00042415 | BPP: 0.0393 | QP: 32
2026-07-22 18:24:27,979 [INFO ]  [3000/4586] | Loss: 0.123 | PSNR: 33.724 | MSE: 0.00042425 | BPP: 0.0395 | QP: 63
2026-07-22 18:25:19,853 [INFO ]  [3500/4586] | Loss: 0.123 | PSNR: 33.696 | MSE: 0.00042699 | BPP: 0.0395 | QP: 0
2026-07-22 18:26:11,607 [INFO ]  [4000/4586] | Loss: 0.123 | PSNR: 33.721 | MSE: 0.00042449 | BPP: 0.0395 | QP: 61
2026-07-22 18:27:04,036 [INFO ]  [4500/4586] | Loss: 0.123 | PSNR: 33.707 | MSE: 0.00042593 | BPP: 0.0394 | QP: 63
2026-07-22 18:27:12,577 [INFO ]  Train epoch 55: Loss: 0.123 | PSNR: 33.693 | MSE: 0.00042730 | BPP: 0.0394
2026-07-22 18:27:58,938 [INFO ]  Val epoch 55: Loss: 0.215 | PSNR: 36.922 | MSE: 0.00020315 | BPP: 0.0588
2026-07-22 18:27:59,642 [INFO ]  Checkpoint epoch 55: best model saved: no | current loss: 0.214856 | best loss: 0.201237
2026-07-22 18:27:59,642 [INFO ]  Global step updated to: 256816
2026-07-22 18:27:59,642 [INFO ]  ====== Current epoch 56 ======
2026-07-22 18:27:59,643 [INFO ]  Learning rate: 0.0001
2026-07-22 18:28:00,123 [INFO ]  [0/4586] | Loss: 0.149 | PSNR: 39.188 | MSE: 0.00012056 | BPP: 0.0565 | QP: 63
2026-07-22 18:28:50,304 [INFO ]  [500/4586] | Loss: 0.127 | PSNR: 33.771 | MSE: 0.00041963 | BPP: 0.0398 | QP: 17
2026-07-22 18:29:40,282 [INFO ]  [1000/4586] | Loss: 0.127 | PSNR: 33.672 | MSE: 0.00042932 | BPP: 0.0399 | QP: 3
2026-07-22 18:30:29,722 [INFO ]  [1500/4586] | Loss: 0.126 | PSNR: 33.735 | MSE: 0.00042318 | BPP: 0.0397 | QP: 63
2026-07-22 18:31:21,248 [INFO ]  [2000/4586] | Loss: 0.124 | PSNR: 33.672 | MSE: 0.00042936 | BPP: 0.0394 | QP: 4
2026-07-22 18:32:11,301 [INFO ]  [2500/4586] | Loss: 0.125 | PSNR: 33.677 | MSE: 0.00042880 | BPP: 0.0396 | QP: 51
2026-07-22 18:33:00,267 [INFO ]  [3000/4586] | Loss: 0.125 | PSNR: 33.673 | MSE: 0.00042923 | BPP: 0.0395 | QP: 63
2026-07-22 18:33:51,674 [INFO ]  [3500/4586] | Loss: 0.123 | PSNR: 33.698 | MSE: 0.00042681 | BPP: 0.0393 | QP: 53
2026-07-22 18:34:43,412 [INFO ]  [4000/4586] | Loss: 0.123 | PSNR: 33.706 | MSE: 0.00042599 | BPP: 0.0393 | QP: 45
2026-07-22 18:35:36,683 [INFO ]  [4500/4586] | Loss: 0.123 | PSNR: 33.697 | MSE: 0.00042691 | BPP: 0.0393 | QP: 63
2026-07-22 18:35:45,732 [INFO ]  Train epoch 56: Loss: 0.121 | PSNR: 33.740 | MSE: 0.00042269 | BPP: 0.0389
2026-07-22 18:36:32,948 [INFO ]  Val epoch 56: Loss: 0.218 | PSNR: 36.824 | MSE: 0.00020777 | BPP: 0.0580
2026-07-22 18:36:33,641 [INFO ]  Checkpoint epoch 56: best model saved: no | current loss: 0.217614 | best loss: 0.201237
2026-07-22 18:36:33,642 [INFO ]  Global step updated to: 261402
2026-07-22 18:36:33,642 [INFO ]  ====== Current epoch 57 ======
2026-07-22 18:36:33,642 [INFO ]  Learning rate: 0.0001
2026-07-22 18:36:34,126 [INFO ]  [0/4586] | Loss: 0.177 | PSNR: 37.979 | MSE: 0.00015927 | BPP: 0.0548 | QP: 63
2026-07-22 18:37:25,367 [INFO ]  [500/4586] | Loss: 0.113 | PSNR: 33.751 | MSE: 0.00042159 | BPP: 0.0372 | QP: 41
2026-07-22 18:38:15,779 [INFO ]  [1000/4586] | Loss: 0.116 | PSNR: 33.880 | MSE: 0.00040931 | BPP: 0.0380 | QP: 58
2026-07-22 18:39:07,724 [INFO ]  [1500/4586] | Loss: 0.118 | PSNR: 33.747 | MSE: 0.00042204 | BPP: 0.0382 | QP: 63
2026-07-22 18:39:58,720 [INFO ]  [2000/4586] | Loss: 0.119 | PSNR: 33.754 | MSE: 0.00042129 | BPP: 0.0383 | QP: 11
2026-07-22 18:40:48,645 [INFO ]  [2500/4586] | Loss: 0.120 | PSNR: 33.733 | MSE: 0.00042338 | BPP: 0.0384 | QP: 23
2026-07-22 18:41:39,153 [INFO ]  [3000/4586] | Loss: 0.120 | PSNR: 33.743 | MSE: 0.00042236 | BPP: 0.0386 | QP: 63
2026-07-22 18:42:31,028 [INFO ]  [3500/4586] | Loss: 0.120 | PSNR: 33.706 | MSE: 0.00042598 | BPP: 0.0386 | QP: 17
2026-07-22 18:43:22,043 [INFO ]  [4000/4586] | Loss: 0.119 | PSNR: 33.681 | MSE: 0.00042844 | BPP: 0.0384 | QP: 26
2026-07-22 18:44:13,333 [INFO ]  [4500/4586] | Loss: 0.120 | PSNR: 33.664 | MSE: 0.00043010 | BPP: 0.0384 | QP: 63
2026-07-22 18:44:21,716 [INFO ]  Train epoch 57: Loss: 0.120 | PSNR: 33.662 | MSE: 0.00043035 | BPP: 0.0385
2026-07-22 18:45:09,146 [INFO ]  Val epoch 57: Loss: 0.209 | PSNR: 37.081 | MSE: 0.00019584 | BPP: 0.0589
2026-07-22 18:45:09,844 [INFO ]  Checkpoint epoch 57: best model saved: no | current loss: 0.209292 | best loss: 0.201237
2026-07-22 18:45:09,844 [INFO ]  Global step updated to: 265988
2026-07-22 18:45:09,845 [INFO ]  ====== Current epoch 58 ======
2026-07-22 18:45:09,845 [INFO ]  Learning rate: 0.0001
2026-07-22 18:45:10,295 [INFO ]  [0/4586] | Loss: 0.188 | PSNR: 37.960 | MSE: 0.00015997 | BPP: 0.0647 | QP: 63
2026-07-22 18:45:59,460 [INFO ]  [500/4586] | Loss: 0.124 | PSNR: 33.404 | MSE: 0.00045668 | BPP: 0.0388 | QP: 38
2026-07-22 18:46:50,388 [INFO ]  [1000/4586] | Loss: 0.124 | PSNR: 33.599 | MSE: 0.00043657 | BPP: 0.0391 | QP: 45
2026-07-22 18:47:40,136 [INFO ]  [1500/4586] | Loss: 0.121 | PSNR: 33.575 | MSE: 0.00043902 | BPP: 0.0385 | QP: 63
2026-07-22 18:48:29,681 [INFO ]  [2000/4586] | Loss: 0.119 | PSNR: 33.696 | MSE: 0.00042693 | BPP: 0.0382 | QP: 40
2026-07-22 18:49:21,501 [INFO ]  [2500/4586] | Loss: 0.119 | PSNR: 33.668 | MSE: 0.00042969 | BPP: 0.0382 | QP: 29
2026-07-22 18:50:12,599 [INFO ]  [3000/4586] | Loss: 0.120 | PSNR: 33.659 | MSE: 0.00043065 | BPP: 0.0381 | QP: 63
2026-07-22 18:51:01,721 [INFO ]  [3500/4586] | Loss: 0.120 | PSNR: 33.663 | MSE: 0.00043027 | BPP: 0.0381 | QP: 42
2026-07-22 18:51:52,415 [INFO ]  [4000/4586] | Loss: 0.119 | PSNR: 33.662 | MSE: 0.00043032 | BPP: 0.0382 | QP: 13
2026-07-22 18:52:43,107 [INFO ]  [4500/4586] | Loss: 0.120 | PSNR: 33.672 | MSE: 0.00042938 | BPP: 0.0382 | QP: 63
2026-07-22 18:52:51,543 [INFO ]  Train epoch 58: Loss: 0.120 | PSNR: 33.708 | MSE: 0.00042581 | BPP: 0.0383
2026-07-22 18:53:39,565 [INFO ]  Val epoch 58: Loss: 0.223 | PSNR: 36.673 | MSE: 0.00021515 | BPP: 0.0578
2026-07-22 18:53:40,272 [INFO ]  Checkpoint epoch 58: best model saved: no | current loss: 0.223081 | best loss: 0.201237
2026-07-22 18:53:40,273 [INFO ]  Global step updated to: 270574
2026-07-22 18:53:40,273 [INFO ]  ====== Current epoch 59 ======
2026-07-22 18:53:40,273 [INFO ]  Learning rate: 0.0001
2026-07-22 18:53:40,708 [INFO ]  [0/4586] | Loss: 0.314 | PSNR: 34.852 | MSE: 0.00032719 | BPP: 0.0630 | QP: 63
2026-07-22 18:54:30,867 [INFO ]  [500/4586] | Loss: 0.125 | PSNR: 33.879 | MSE: 0.00040936 | BPP: 0.0397 | QP: 41
2026-07-22 18:55:21,362 [INFO ]  [1000/4586] | Loss: 0.119 | PSNR: 33.612 | MSE: 0.00043534 | BPP: 0.0380 | QP: 3
2026-07-22 18:56:11,291 [INFO ]  [1500/4586] | Loss: 0.120 | PSNR: 33.639 | MSE: 0.00043261 | BPP: 0.0384 | QP: 63
2026-07-22 18:57:01,200 [INFO ]  [2000/4586] | Loss: 0.121 | PSNR: 33.644 | MSE: 0.00043210 | BPP: 0.0385 | QP: 29
2026-07-22 18:57:50,877 [INFO ]  [2500/4586] | Loss: 0.120 | PSNR: 33.655 | MSE: 0.00043100 | BPP: 0.0382 | QP: 34
2026-07-22 18:58:40,751 [INFO ]  [3000/4586] | Loss: 0.120 | PSNR: 33.644 | MSE: 0.00043212 | BPP: 0.0382 | QP: 63
2026-07-22 18:59:30,828 [INFO ]  [3500/4586] | Loss: 0.120 | PSNR: 33.626 | MSE: 0.00043389 | BPP: 0.0382 | QP: 5
2026-07-22 19:00:20,773 [INFO ]  [4000/4586] | Loss: 0.119 | PSNR: 33.638 | MSE: 0.00043276 | BPP: 0.0380 | QP: 44
2026-07-22 19:01:10,870 [INFO ]  [4500/4586] | Loss: 0.119 | PSNR: 33.648 | MSE: 0.00043176 | BPP: 0.0381 | QP: 63
2026-07-22 19:01:19,189 [INFO ]  Train epoch 59: Loss: 0.119 | PSNR: 33.652 | MSE: 0.00043129 | BPP: 0.0380
2026-07-22 19:02:02,790 [INFO ]  Val epoch 59: Loss: 0.211 | PSNR: 37.040 | MSE: 0.00019771 | BPP: 0.0587
2026-07-22 19:02:03,516 [INFO ]  Checkpoint epoch 59: best model saved: no | current loss: 0.210588 | best loss: 0.201237
2026-07-22 19:02:03,516 [INFO ]  Global step updated to: 275160
2026-07-22 19:02:03,516 [INFO ]  ====== Current epoch 60 ======
2026-07-22 19:02:03,516 [INFO ]  Learning rate: 4e-05
2026-07-22 19:02:04,017 [INFO ]  [0/4586] | Loss: 0.529 | PSNR: 32.490 | MSE: 0.00056359 | BPP: 0.0957 | QP: 63
2026-07-22 19:02:53,700 [INFO ]  [500/4586] | Loss: 0.108 | PSNR: 34.026 | MSE: 0.00039571 | BPP: 0.0373 | QP: 10
2026-07-22 19:03:43,085 [INFO ]  [1000/4586] | Loss: 0.107 | PSNR: 33.988 | MSE: 0.00039922 | BPP: 0.0372 | QP: 16
2026-07-22 19:04:32,558 [INFO ]  [1500/4586] | Loss: 0.107 | PSNR: 33.997 | MSE: 0.00039839 | BPP: 0.0373 | QP: 63
2026-07-22 19:05:22,303 [INFO ]  [2000/4586] | Loss: 0.108 | PSNR: 34.002 | MSE: 0.00039794 | BPP: 0.0374 | QP: 61
2026-07-22 19:06:11,976 [INFO ]  [2500/4586] | Loss: 0.108 | PSNR: 34.045 | MSE: 0.00039399 | BPP: 0.0374 | QP: 33
2026-07-22 19:07:01,462 [INFO ]  [3000/4586] | Loss: 0.107 | PSNR: 34.010 | MSE: 0.00039715 | BPP: 0.0374 | QP: 63
2026-07-22 19:07:50,965 [INFO ]  [3500/4586] | Loss: 0.107 | PSNR: 33.953 | MSE: 0.00040243 | BPP: 0.0371 | QP: 32
2026-07-22 19:08:40,546 [INFO ]  [4000/4586] | Loss: 0.107 | PSNR: 33.960 | MSE: 0.00040183 | BPP: 0.0372 | QP: 37
2026-07-22 19:09:30,064 [INFO ]  [4500/4586] | Loss: 0.107 | PSNR: 33.988 | MSE: 0.00039917 | BPP: 0.0372 | QP: 63
2026-07-22 19:09:38,331 [INFO ]  Train epoch 60: Loss: 0.107 | PSNR: 33.966 | MSE: 0.00040123 | BPP: 0.0374
2026-07-22 19:10:22,440 [INFO ]  Val epoch 60: Loss: 0.195 | PSNR: 37.506 | MSE: 0.00017760 | BPP: 0.0585
2026-07-22 19:10:23,463 [INFO ]  Checkpoint epoch 60: best model saved: yes | current loss: 0.194876 | best loss: 0.194876
2026-07-22 19:10:23,463 [INFO ]  Global step updated to: 279746
2026-07-22 19:10:23,463 [INFO ]  ====== Current epoch 61 ======
2026-07-22 19:10:23,463 [INFO ]  Learning rate: 4e-05
2026-07-22 19:10:23,948 [INFO ]  [0/4586] | Loss: 0.176 | PSNR: 38.293 | MSE: 0.00014816 | BPP: 0.0619 | QP: 63
2026-07-22 19:11:13,532 [INFO ]  [500/4586] | Loss: 0.106 | PSNR: 33.981 | MSE: 0.00039987 | BPP: 0.0368 | QP: 23
2026-07-22 19:12:03,238 [INFO ]  [1000/4586] | Loss: 0.104 | PSNR: 34.099 | MSE: 0.00038917 | BPP: 0.0370 | QP: 61
2026-07-22 19:12:52,843 [INFO ]  [1500/4586] | Loss: 0.107 | PSNR: 34.040 | MSE: 0.00039448 | BPP: 0.0376 | QP: 63
2026-07-22 19:13:42,895 [INFO ]  [2000/4586] | Loss: 0.107 | PSNR: 34.030 | MSE: 0.00039533 | BPP: 0.0375 | QP: 25
2026-07-22 19:14:32,499 [INFO ]  [2500/4586] | Loss: 0.107 | PSNR: 34.024 | MSE: 0.00039592 | BPP: 0.0376 | QP: 23
2026-07-22 19:15:21,970 [INFO ]  [3000/4586] | Loss: 0.107 | PSNR: 34.050 | MSE: 0.00039359 | BPP: 0.0376 | QP: 63
2026-07-22 19:16:11,539 [INFO ]  [3500/4586] | Loss: 0.107 | PSNR: 34.052 | MSE: 0.00039340 | BPP: 0.0375 | QP: 53
2026-07-22 19:17:01,252 [INFO ]  [4000/4586] | Loss: 0.107 | PSNR: 34.022 | MSE: 0.00039611 | BPP: 0.0375 | QP: 17
2026-07-22 19:17:51,045 [INFO ]  [4500/4586] | Loss: 0.107 | PSNR: 34.005 | MSE: 0.00039766 | BPP: 0.0374 | QP: 63
2026-07-22 19:17:59,346 [INFO ]  Train epoch 61: Loss: 0.106 | PSNR: 34.000 | MSE: 0.00039809 | BPP: 0.0373
2026-07-22 19:18:43,275 [INFO ]  Val epoch 61: Loss: 0.195 | PSNR: 37.484 | MSE: 0.00017848 | BPP: 0.0582
2026-07-22 19:18:43,969 [INFO ]  Checkpoint epoch 61: best model saved: no | current loss: 0.195312 | best loss: 0.194876
2026-07-22 19:18:43,969 [INFO ]  Global step updated to: 284332
2026-07-22 19:18:43,970 [INFO ]  ====== Current epoch 62 ======
2026-07-22 19:18:43,970 [INFO ]  Learning rate: 4e-05
2026-07-22 19:18:44,341 [INFO ]  [0/4586] | Loss: 0.090 | PSNR: 42.016 | MSE: 0.00006286 | BPP: 0.0418 | QP: 63
2026-07-22 19:19:34,311 [INFO ]  [500/4586] | Loss: 0.106 | PSNR: 34.074 | MSE: 0.00039135 | BPP: 0.0381 | QP: 8
2026-07-22 19:20:24,105 [INFO ]  [1000/4586] | Loss: 0.104 | PSNR: 33.884 | MSE: 0.00040889 | BPP: 0.0369 | QP: 20
2026-07-22 19:21:13,454 [INFO ]  [1500/4586] | Loss: 0.106 | PSNR: 33.936 | MSE: 0.00040403 | BPP: 0.0372 | QP: 63
2026-07-22 19:22:03,237 [INFO ]  [2000/4586] | Loss: 0.106 | PSNR: 33.963 | MSE: 0.00040155 | BPP: 0.0373 | QP: 1
2026-07-22 19:22:53,002 [INFO ]  [2500/4586] | Loss: 0.106 | PSNR: 33.945 | MSE: 0.00040321 | BPP: 0.0374 | QP: 57
2026-07-22 19:23:42,550 [INFO ]  [3000/4586] | Loss: 0.107 | PSNR: 33.970 | MSE: 0.00040089 | BPP: 0.0375 | QP: 63
2026-07-22 19:24:32,234 [INFO ]  [3500/4586] | Loss: 0.106 | PSNR: 33.970 | MSE: 0.00040089 | BPP: 0.0373 | QP: 8
2026-07-22 19:25:21,679 [INFO ]  [4000/4586] | Loss: 0.106 | PSNR: 33.992 | MSE: 0.00039880 | BPP: 0.0374 | QP: 45
2026-07-22 19:26:11,521 [INFO ]  [4500/4586] | Loss: 0.105 | PSNR: 33.995 | MSE: 0.00039854 | BPP: 0.0373 | QP: 63
2026-07-22 19:26:19,809 [INFO ]  Train epoch 62: Loss: 0.106 | PSNR: 33.965 | MSE: 0.00040135 | BPP: 0.0375
2026-07-22 19:27:03,887 [INFO ]  Val epoch 62: Loss: 0.196 | PSNR: 37.469 | MSE: 0.00017912 | BPP: 0.0585
2026-07-22 19:27:04,573 [INFO ]  Checkpoint epoch 62: best model saved: no | current loss: 0.196103 | best loss: 0.194876
2026-07-22 19:27:04,574 [INFO ]  Global step updated to: 288918
2026-07-22 19:27:04,574 [INFO ]  ====== Current epoch 63 ======
2026-07-22 19:27:04,574 [INFO ]  Learning rate: 4e-05
2026-07-22 19:27:05,097 [INFO ]  [0/4586] | Loss: 0.403 | PSNR: 33.954 | MSE: 0.00040236 | BPP: 0.0940 | QP: 63
2026-07-22 19:27:55,153 [INFO ]  [500/4586] | Loss: 0.106 | PSNR: 34.035 | MSE: 0.00039494 | BPP: 0.0377 | QP: 15
2026-07-22 19:28:44,726 [INFO ]  [1000/4586] | Loss: 0.105 | PSNR: 33.933 | MSE: 0.00040426 | BPP: 0.0368 | QP: 7
2026-07-22 19:29:34,278 [INFO ]  [1500/4586] | Loss: 0.106 | PSNR: 33.922 | MSE: 0.00040535 | BPP: 0.0369 | QP: 63
2026-07-22 19:30:24,208 [INFO ]  [2000/4586] | Loss: 0.105 | PSNR: 33.904 | MSE: 0.00040702 | BPP: 0.0370 | QP: 18
2026-07-22 19:31:13,857 [INFO ]  [2500/4586] | Loss: 0.106 | PSNR: 33.857 | MSE: 0.00041146 | BPP: 0.0370 | QP: 41
2026-07-22 19:32:02,881 [INFO ]  [3000/4586] | Loss: 0.107 | PSNR: 33.836 | MSE: 0.00041344 | BPP: 0.0373 | QP: 63
2026-07-22 19:32:52,779 [INFO ]  [3500/4586] | Loss: 0.107 | PSNR: 33.819 | MSE: 0.00041509 | BPP: 0.0373 | QP: 51
2026-07-22 19:33:42,671 [INFO ]  [4000/4586] | Loss: 0.107 | PSNR: 33.848 | MSE: 0.00041226 | BPP: 0.0374 | QP: 54
2026-07-22 19:34:31,992 [INFO ]  [4500/4586] | Loss: 0.107 | PSNR: 33.865 | MSE: 0.00041068 | BPP: 0.0374 | QP: 63
2026-07-22 19:34:40,369 [INFO ]  Train epoch 63: Loss: 0.106 | PSNR: 33.928 | MSE: 0.00040478 | BPP: 0.0374
2026-07-22 19:35:24,648 [INFO ]  Val epoch 63: Loss: 0.202 | PSNR: 37.270 | MSE: 0.00018749 | BPP: 0.0585
2026-07-22 19:35:25,340 [INFO ]  Checkpoint epoch 63: best model saved: no | current loss: 0.202486 | best loss: 0.194876
2026-07-22 19:35:25,340 [INFO ]  Global step updated to: 293504
2026-07-22 19:35:25,341 [INFO ]  ====== Current epoch 64 ======
2026-07-22 19:35:25,341 [INFO ]  Learning rate: 4e-05
2026-07-22 19:35:25,792 [INFO ]  [0/4586] | Loss: 0.309 | PSNR: 35.068 | MSE: 0.00031130 | BPP: 0.0699 | QP: 63
2026-07-22 19:36:15,450 [INFO ]  [500/4586] | Loss: 0.100 | PSNR: 33.798 | MSE: 0.00041707 | BPP: 0.0362 | QP: 52
2026-07-22 19:37:05,249 [INFO ]  [1000/4586] | Loss: 0.102 | PSNR: 33.838 | MSE: 0.00041321 | BPP: 0.0366 | QP: 61
2026-07-22 19:37:55,318 [INFO ]  [1500/4586] | Loss: 0.102 | PSNR: 33.854 | MSE: 0.00041171 | BPP: 0.0365 | QP: 63
2026-07-22 19:38:45,325 [INFO ]  [2000/4586] | Loss: 0.103 | PSNR: 33.817 | MSE: 0.00041524 | BPP: 0.0365 | QP: 53
2026-07-22 19:39:35,217 [INFO ]  [2500/4586] | Loss: 0.103 | PSNR: 33.880 | MSE: 0.00040922 | BPP: 0.0366 | QP: 56
2026-07-22 19:40:24,934 [INFO ]  [3000/4586] | Loss: 0.103 | PSNR: 33.869 | MSE: 0.00041032 | BPP: 0.0368 | QP: 63
2026-07-22 19:41:14,869 [INFO ]  [3500/4586] | Loss: 0.103 | PSNR: 33.841 | MSE: 0.00041297 | BPP: 0.0367 | QP: 63
2026-07-22 19:42:04,527 [INFO ]  [4000/4586] | Loss: 0.104 | PSNR: 33.810 | MSE: 0.00041591 | BPP: 0.0367 | QP: 20
2026-07-22 19:42:54,498 [INFO ]  [4500/4586] | Loss: 0.104 | PSNR: 33.833 | MSE: 0.00041373 | BPP: 0.0368 | QP: 63
2026-07-22 19:43:02,983 [INFO ]  Train epoch 64: Loss: 0.104 | PSNR: 33.833 | MSE: 0.00041370 | BPP: 0.0368
2026-07-22 19:43:46,928 [INFO ]  Val epoch 64: Loss: 0.195 | PSNR: 37.499 | MSE: 0.00017786 | BPP: 0.0582
2026-07-22 19:43:48,108 [INFO ]  Checkpoint epoch 64: best model saved: yes | current loss: 0.194757 | best loss: 0.194757
2026-07-22 19:43:48,109 [INFO ]  Global step updated to: 298090
2026-07-22 19:43:48,109 [INFO ]  ====== Current epoch 65 ======
2026-07-22 19:43:48,109 [INFO ]  Learning rate: 4e-05
2026-07-22 19:43:48,592 [INFO ]  [0/4586] | Loss: 0.204 | PSNR: 37.349 | MSE: 0.00018411 | BPP: 0.0627 | QP: 63
2026-07-22 19:44:38,278 [INFO ]  [500/4586] | Loss: 0.104 | PSNR: 33.962 | MSE: 0.00040158 | BPP: 0.0369 | QP: 3
2026-07-22 19:45:28,123 [INFO ]  [1000/4586] | Loss: 0.107 | PSNR: 33.871 | MSE: 0.00041009 | BPP: 0.0374 | QP: 18
2026-07-22 19:46:19,702 [INFO ]  [1500/4586] | Loss: 0.107 | PSNR: 33.829 | MSE: 0.00041410 | BPP: 0.0372 | QP: 63
2026-07-22 19:47:11,432 [INFO ]  [2000/4586] | Loss: 0.106 | PSNR: 33.860 | MSE: 0.00041115 | BPP: 0.0370 | QP: 53
2026-07-22 19:48:03,457 [INFO ]  [2500/4586] | Loss: 0.106 | PSNR: 33.834 | MSE: 0.00041363 | BPP: 0.0368 | QP: 7
2026-07-22 19:48:55,812 [INFO ]  [3000/4586] | Loss: 0.105 | PSNR: 33.812 | MSE: 0.00041568 | BPP: 0.0368 | QP: 63
2026-07-22 19:49:47,849 [INFO ]  [3500/4586] | Loss: 0.105 | PSNR: 33.844 | MSE: 0.00041267 | BPP: 0.0369 | QP: 57
2026-07-22 19:50:41,585 [INFO ]  [4000/4586] | Loss: 0.105 | PSNR: 33.840 | MSE: 0.00041304 | BPP: 0.0369 | QP: 48
2026-07-22 19:51:34,633 [INFO ]  [4500/4586] | Loss: 0.105 | PSNR: 33.874 | MSE: 0.00040979 | BPP: 0.0370 | QP: 63
2026-07-22 19:51:43,213 [INFO ]  Train epoch 65: Loss: 0.105 | PSNR: 33.865 | MSE: 0.00041072 | BPP: 0.0370
2026-07-22 19:52:30,048 [INFO ]  Val epoch 65: Loss: 0.193 | PSNR: 37.575 | MSE: 0.00017477 | BPP: 0.0583
2026-07-22 19:52:31,297 [INFO ]  Checkpoint epoch 65: best model saved: yes | current loss: 0.192555 | best loss: 0.192555
2026-07-22 19:52:31,297 [INFO ]  Global step updated to: 302676
2026-07-22 19:52:31,297 [INFO ]  ====== Current epoch 66 ======
2026-07-22 19:52:31,297 [INFO ]  Learning rate: 4e-05
2026-07-22 19:52:31,814 [INFO ]  [0/4586] | Loss: 0.165 | PSNR: 38.690 | MSE: 0.00013521 | BPP: 0.0609 | QP: 63
2026-07-22 19:53:29,569 [INFO ]  [500/4586] | Loss: 0.097 | PSNR: 33.752 | MSE: 0.00042147 | BPP: 0.0359 | QP: 27
2026-07-22 19:54:28,480 [INFO ]  [1000/4586] | Loss: 0.101 | PSNR: 33.801 | MSE: 0.00041674 | BPP: 0.0364 | QP: 35
2026-07-22 19:55:23,822 [INFO ]  [1500/4586] | Loss: 0.104 | PSNR: 33.930 | MSE: 0.00040453 | BPP: 0.0370 | QP: 63
2026-07-22 19:56:19,803 [INFO ]  [2000/4586] | Loss: 0.105 | PSNR: 33.875 | MSE: 0.00040974 | BPP: 0.0370 | QP: 57
2026-07-22 19:57:15,790 [INFO ]  [2500/4586] | Loss: 0.105 | PSNR: 33.872 | MSE: 0.00041000 | BPP: 0.0371 | QP: 3
2026-07-22 19:58:12,676 [INFO ]  [3000/4586] | Loss: 0.105 | PSNR: 33.870 | MSE: 0.00041020 | BPP: 0.0371 | QP: 63
2026-07-22 19:59:08,940 [INFO ]  [3500/4586] | Loss: 0.105 | PSNR: 33.872 | MSE: 0.00041001 | BPP: 0.0370 | QP: 5
2026-07-22 20:00:04,541 [INFO ]  [4000/4586] | Loss: 0.105 | PSNR: 33.902 | MSE: 0.00040718 | BPP: 0.0371 | QP: 56
2026-07-22 20:01:00,534 [INFO ]  [4500/4586] | Loss: 0.105 | PSNR: 33.870 | MSE: 0.00041023 | BPP: 0.0370 | QP: 63
2026-07-22 20:01:10,423 [INFO ]  Train epoch 66: Loss: 0.105 | PSNR: 33.895 | MSE: 0.00040782 | BPP: 0.0371
2026-07-22 20:02:04,658 [INFO ]  Val epoch 66: Loss: 0.198 | PSNR: 37.412 | MSE: 0.00018149 | BPP: 0.0582
2026-07-22 20:02:05,360 [INFO ]  Checkpoint epoch 66: best model saved: no | current loss: 0.197600 | best loss: 0.192555
2026-07-22 20:02:05,361 [INFO ]  Global step updated to: 307262
2026-07-22 20:02:05,361 [INFO ]  ====== Current epoch 67 ======
2026-07-22 20:02:05,361 [INFO ]  Learning rate: 4e-05
2026-07-22 20:02:05,813 [INFO ]  [0/4586] | Loss: 0.264 | PSNR: 36.047 | MSE: 0.00024846 | BPP: 0.0734 | QP: 63
2026-07-22 20:03:01,091 [INFO ]  [500/4586] | Loss: 0.101 | PSNR: 34.005 | MSE: 0.00039762 | BPP: 0.0368 | QP: 6
2026-07-22 20:03:56,804 [INFO ]  [1000/4586] | Loss: 0.102 | PSNR: 34.097 | MSE: 0.00038933 | BPP: 0.0369 | QP: 6
2026-07-22 20:04:52,438 [INFO ]  [1500/4586] | Loss: 0.103 | PSNR: 34.028 | MSE: 0.00039558 | BPP: 0.0371 | QP: 63
2026-07-22 20:05:49,008 [INFO ]  [2000/4586] | Loss: 0.104 | PSNR: 33.948 | MSE: 0.00040287 | BPP: 0.0370 | QP: 11
2026-07-22 20:06:46,001 [INFO ]  [2500/4586] | Loss: 0.104 | PSNR: 33.984 | MSE: 0.00039954 | BPP: 0.0371 | QP: 59
2026-07-22 20:07:41,919 [INFO ]  [3000/4586] | Loss: 0.103 | PSNR: 33.976 | MSE: 0.00040031 | BPP: 0.0368 | QP: 63
2026-07-22 20:08:37,127 [INFO ]  [3500/4586] | Loss: 0.104 | PSNR: 33.962 | MSE: 0.00040160 | BPP: 0.0369 | QP: 29
2026-07-22 20:09:35,563 [INFO ]  [4000/4586] | Loss: 0.104 | PSNR: 33.945 | MSE: 0.00040317 | BPP: 0.0368 | QP: 45
2026-07-22 20:10:32,941 [INFO ]  [4500/4586] | Loss: 0.104 | PSNR: 33.936 | MSE: 0.00040404 | BPP: 0.0369 | QP: 63
2026-07-22 20:10:42,344 [INFO ]  Train epoch 67: Loss: 0.104 | PSNR: 33.917 | MSE: 0.00040582 | BPP: 0.0368
2026-07-22 20:11:32,749 [INFO ]  Val epoch 67: Loss: 0.192 | PSNR: 37.595 | MSE: 0.00017399 | BPP: 0.0584
2026-07-22 20:11:33,846 [INFO ]  Checkpoint epoch 67: best model saved: yes | current loss: 0.191982 | best loss: 0.191982
2026-07-22 20:11:33,846 [INFO ]  Global step updated to: 311848
2026-07-22 20:11:33,846 [INFO ]  ====== Current epoch 68 ======
2026-07-22 20:11:33,846 [INFO ]  Learning rate: 4e-05
2026-07-22 20:11:34,368 [INFO ]  [0/4586] | Loss: 0.171 | PSNR: 38.503 | MSE: 0.00014115 | BPP: 0.0625 | QP: 63
2026-07-22 20:12:30,541 [INFO ]  [500/4586] | Loss: 0.103 | PSNR: 34.139 | MSE: 0.00038557 | BPP: 0.0368 | QP: 55
2026-07-22 20:13:27,243 [INFO ]  [1000/4586] | Loss: 0.102 | PSNR: 34.106 | MSE: 0.00038848 | BPP: 0.0366 | QP: 24
2026-07-22 20:14:23,647 [INFO ]  [1500/4586] | Loss: 0.103 | PSNR: 34.156 | MSE: 0.00038403 | BPP: 0.0370 | QP: 63
2026-07-22 20:15:19,461 [INFO ]  [2000/4586] | Loss: 0.103 | PSNR: 34.112 | MSE: 0.00038793 | BPP: 0.0370 | QP: 57
2026-07-22 20:16:15,035 [INFO ]  [2500/4586] | Loss: 0.104 | PSNR: 34.104 | MSE: 0.00038866 | BPP: 0.0371 | QP: 32
2026-07-22 20:17:11,875 [INFO ]  [3000/4586] | Loss: 0.104 | PSNR: 34.083 | MSE: 0.00039055 | BPP: 0.0370 | QP: 63
2026-07-22 20:18:11,102 [INFO ]  [3500/4586] | Loss: 0.105 | PSNR: 34.074 | MSE: 0.00039139 | BPP: 0.0372 | QP: 62
2026-07-22 20:19:06,851 [INFO ]  [4000/4586] | Loss: 0.104 | PSNR: 34.042 | MSE: 0.00039428 | BPP: 0.0371 | QP: 9
2026-07-22 20:20:02,191 [INFO ]  [4500/4586] | Loss: 0.104 | PSNR: 34.006 | MSE: 0.00039756 | BPP: 0.0369 | QP: 63
2026-07-22 20:20:11,497 [INFO ]  Train epoch 68: Loss: 0.105 | PSNR: 33.968 | MSE: 0.00040108 | BPP: 0.0372
2026-07-22 20:21:02,310 [INFO ]  Val epoch 68: Loss: 0.191 | PSNR: 37.643 | MSE: 0.00017207 | BPP: 0.0584
2026-07-22 20:21:03,457 [INFO ]  Checkpoint epoch 68: best model saved: yes | current loss: 0.190584 | best loss: 0.190584
2026-07-22 20:21:03,457 [INFO ]  Global step updated to: 316434
2026-07-22 20:21:03,457 [INFO ]  ====== Current epoch 69 ======
2026-07-22 20:21:03,457 [INFO ]  Learning rate: 4e-05
2026-07-22 20:21:03,895 [INFO ]  [0/4586] | Loss: 0.095 | PSNR: 41.025 | MSE: 0.00007898 | BPP: 0.0348 | QP: 63
2026-07-22 20:22:01,610 [INFO ]  [500/4586] | Loss: 0.104 | PSNR: 33.758 | MSE: 0.00042094 | BPP: 0.0363 | QP: 44
2026-07-22 20:22:57,936 [INFO ]  [1000/4586] | Loss: 0.103 | PSNR: 33.999 | MSE: 0.00039824 | BPP: 0.0365 | QP: 47
2026-07-22 20:23:53,515 [INFO ]  [1500/4586] | Loss: 0.103 | PSNR: 33.997 | MSE: 0.00039835 | BPP: 0.0364 | QP: 63
2026-07-22 20:24:51,594 [INFO ]  [2000/4586] | Loss: 0.103 | PSNR: 33.964 | MSE: 0.00040143 | BPP: 0.0364 | QP: 30
2026-07-22 20:25:49,053 [INFO ]  [2500/4586] | Loss: 0.102 | PSNR: 33.892 | MSE: 0.00040816 | BPP: 0.0364 | QP: 25
2026-07-22 20:26:44,595 [INFO ]  [3000/4586] | Loss: 0.102 | PSNR: 33.855 | MSE: 0.00041163 | BPP: 0.0363 | QP: 63
2026-07-22 20:27:40,653 [INFO ]  [3500/4586] | Loss: 0.102 | PSNR: 33.859 | MSE: 0.00041123 | BPP: 0.0362 | QP: 19
2026-07-22 20:28:36,520 [INFO ]  [4000/4586] | Loss: 0.102 | PSNR: 33.859 | MSE: 0.00041129 | BPP: 0.0362 | QP: 54
2026-07-22 20:29:33,184 [INFO ]  [4500/4586] | Loss: 0.103 | PSNR: 33.858 | MSE: 0.00041129 | BPP: 0.0364 | QP: 63
2026-07-22 20:29:42,670 [INFO ]  Train epoch 69: Loss: 0.103 | PSNR: 33.864 | MSE: 0.00041075 | BPP: 0.0365
2026-07-22 20:30:35,636 [INFO ]  Val epoch 69: Loss: 0.192 | PSNR: 37.614 | MSE: 0.00017320 | BPP: 0.0585
2026-07-22 20:30:36,421 [INFO ]  Checkpoint epoch 69: best model saved: no | current loss: 0.191521 | best loss: 0.190584
2026-07-22 20:30:36,422 [INFO ]  Global step updated to: 321020
2026-07-22 20:30:36,422 [INFO ]  ====== Current epoch 70 ======
2026-07-22 20:30:36,422 [INFO ]  Learning rate: 4e-05
2026-07-22 20:30:36,841 [INFO ]  [0/4586] | Loss: 0.061 | PSNR: 43.212 | MSE: 0.00004773 | BPP: 0.0244 | QP: 63
2026-07-22 20:31:34,444 [INFO ]  [500/4586] | Loss: 0.105 | PSNR: 33.842 | MSE: 0.00041284 | BPP: 0.0369 | QP: 21
2026-07-22 20:32:30,822 [INFO ]  [1000/4586] | Loss: 0.103 | PSNR: 33.923 | MSE: 0.00040521 | BPP: 0.0367 | QP: 42
2026-07-22 20:33:29,180 [INFO ]  [1500/4586] | Loss: 0.103 | PSNR: 33.893 | MSE: 0.00040805 | BPP: 0.0365 | QP: 63
2026-07-22 20:34:27,508 [INFO ]  [2000/4586] | Loss: 0.104 | PSNR: 33.891 | MSE: 0.00040822 | BPP: 0.0368 | QP: 39
2026-07-22 20:35:25,087 [INFO ]  [2500/4586] | Loss: 0.107 | PSNR: 33.949 | MSE: 0.00040278 | BPP: 0.0374 | QP: 43
2026-07-22 20:36:21,422 [INFO ]  [3000/4586] | Loss: 0.106 | PSNR: 33.962 | MSE: 0.00040162 | BPP: 0.0373 | QP: 63
2026-07-22 20:37:18,829 [INFO ]  [3500/4586] | Loss: 0.105 | PSNR: 33.953 | MSE: 0.00040246 | BPP: 0.0371 | QP: 8
2026-07-22 20:38:15,486 [INFO ]  [4000/4586] | Loss: 0.105 | PSNR: 33.917 | MSE: 0.00040575 | BPP: 0.0370 | QP: 21
2026-07-22 20:39:12,130 [INFO ]  [4500/4586] | Loss: 0.105 | PSNR: 33.926 | MSE: 0.00040495 | BPP: 0.0370 | QP: 63
2026-07-22 20:39:21,438 [INFO ]  Train epoch 70: Loss: 0.104 | PSNR: 33.924 | MSE: 0.00040511 | BPP: 0.0369
2026-07-22 20:40:12,483 [INFO ]  Val epoch 70: Loss: 0.194 | PSNR: 37.526 | MSE: 0.00017676 | BPP: 0.0584
2026-07-22 20:40:13,207 [INFO ]  Checkpoint epoch 70: best model saved: no | current loss: 0.194163 | best loss: 0.190584
2026-07-22 20:40:13,208 [INFO ]  Global step updated to: 325606
2026-07-22 20:40:13,208 [INFO ]  ====== Current epoch 71 ======
2026-07-22 20:40:13,208 [INFO ]  Learning rate: 4e-05
2026-07-22 20:40:13,694 [INFO ]  [0/4586] | Loss: 0.281 | PSNR: 35.950 | MSE: 0.00025409 | BPP: 0.0856 | QP: 63
2026-07-22 20:41:13,689 [INFO ]  [500/4586] | Loss: 0.107 | PSNR: 33.903 | MSE: 0.00040713 | BPP: 0.0379 | QP: 3
2026-07-22 20:42:13,254 [INFO ]  [1000/4586] | Loss: 0.104 | PSNR: 33.897 | MSE: 0.00040767 | BPP: 0.0371 | QP: 9
2026-07-22 20:43:10,302 [INFO ]  [1500/4586] | Loss: 0.105 | PSNR: 33.835 | MSE: 0.00041352 | BPP: 0.0372 | QP: 63
2026-07-22 20:44:07,011 [INFO ]  [2000/4586] | Loss: 0.106 | PSNR: 33.869 | MSE: 0.00041032 | BPP: 0.0373 | QP: 61
2026-07-22 20:45:05,582 [INFO ]  [2500/4586] | Loss: 0.105 | PSNR: 33.881 | MSE: 0.00040917 | BPP: 0.0372 | QP: 19
2026-07-22 20:46:03,655 [INFO ]  [3000/4586] | Loss: 0.106 | PSNR: 33.891 | MSE: 0.00040826 | BPP: 0.0372 | QP: 63
2026-07-22 20:47:01,255 [INFO ]  [3500/4586] | Loss: 0.105 | PSNR: 33.896 | MSE: 0.00040775 | BPP: 0.0371 | QP: 52
2026-07-22 20:47:58,751 [INFO ]  [4000/4586] | Loss: 0.104 | PSNR: 33.887 | MSE: 0.00040862 | BPP: 0.0368 | QP: 30
2026-07-22 20:48:56,938 [INFO ]  [4500/4586] | Loss: 0.104 | PSNR: 33.888 | MSE: 0.00040852 | BPP: 0.0368 | QP: 63
2026-07-22 20:49:06,649 [INFO ]  Train epoch 71: Loss: 0.105 | PSNR: 33.892 | MSE: 0.00040810 | BPP: 0.0369
2026-07-22 20:49:59,047 [INFO ]  Val epoch 71: Loss: 0.192 | PSNR: 37.614 | MSE: 0.00017323 | BPP: 0.0586
2026-07-22 20:49:59,742 [INFO ]  Checkpoint epoch 71: best model saved: no | current loss: 0.191650 | best loss: 0.190584
2026-07-22 20:49:59,742 [INFO ]  Global step updated to: 330192
2026-07-22 20:49:59,743 [INFO ]  ====== Current epoch 72 ======
2026-07-22 20:49:59,743 [INFO ]  Learning rate: 4e-05
2026-07-22 20:50:00,187 [INFO ]  [0/4586] | Loss: 0.132 | PSNR: 39.417 | MSE: 0.00011436 | BPP: 0.0443 | QP: 63
2026-07-22 20:51:00,723 [INFO ]  [500/4586] | Loss: 0.103 | PSNR: 34.013 | MSE: 0.00039695 | BPP: 0.0372 | QP: 63
2026-07-22 20:51:58,001 [INFO ]  [1000/4586] | Loss: 0.105 | PSNR: 33.963 | MSE: 0.00040149 | BPP: 0.0375 | QP: 18
2026-07-22 20:52:54,114 [INFO ]  [1500/4586] | Loss: 0.106 | PSNR: 34.005 | MSE: 0.00039767 | BPP: 0.0374 | QP: 63
2026-07-22 20:53:51,242 [INFO ]  [2000/4586] | Loss: 0.106 | PSNR: 33.939 | MSE: 0.00040371 | BPP: 0.0371 | QP: 26
2026-07-22 20:54:49,857 [INFO ]  [2500/4586] | Loss: 0.105 | PSNR: 33.902 | MSE: 0.00040715 | BPP: 0.0369 | QP: 38
2026-07-22 20:55:48,528 [INFO ]  [3000/4586] | Loss: 0.104 | PSNR: 33.911 | MSE: 0.00040637 | BPP: 0.0367 | QP: 63
2026-07-22 20:56:45,549 [INFO ]  [3500/4586] | Loss: 0.105 | PSNR: 33.925 | MSE: 0.00040508 | BPP: 0.0370 | QP: 0
2026-07-22 20:57:45,292 [INFO ]  [4000/4586] | Loss: 0.104 | PSNR: 33.893 | MSE: 0.00040801 | BPP: 0.0367 | QP: 32
2026-07-22 20:58:43,146 [INFO ]  [4500/4586] | Loss: 0.104 | PSNR: 33.905 | MSE: 0.00040694 | BPP: 0.0367 | QP: 63
2026-07-22 20:58:52,338 [INFO ]  Train epoch 72: Loss: 0.104 | PSNR: 33.854 | MSE: 0.00041173 | BPP: 0.0367
2026-07-22 20:59:47,857 [INFO ]  Val epoch 72: Loss: 0.190 | PSNR: 37.660 | MSE: 0.00017139 | BPP: 0.0583
2026-07-22 20:59:48,907 [INFO ]  Checkpoint epoch 72: best model saved: yes | current loss: 0.189911 | best loss: 0.189911
2026-07-22 20:59:48,907 [INFO ]  Global step updated to: 334778
2026-07-22 20:59:48,908 [INFO ]  ====== Current epoch 73 ======
2026-07-22 20:59:48,908 [INFO ]  Learning rate: 4e-05
2026-07-22 20:59:49,410 [INFO ]  [0/4586] | Loss: 0.157 | PSNR: 38.910 | MSE: 0.00012852 | BPP: 0.0582 | QP: 63
2026-07-22 21:00:45,635 [INFO ]  [500/4586] | Loss: 0.102 | PSNR: 34.089 | MSE: 0.00039005 | BPP: 0.0370 | QP: 52
2026-07-22 21:01:44,575 [INFO ]  [1000/4586] | Loss: 0.102 | PSNR: 33.927 | MSE: 0.00040484 | BPP: 0.0367 | QP: 27
2026-07-22 21:02:43,757 [INFO ]  [1500/4586] | Loss: 0.102 | PSNR: 33.909 | MSE: 0.00040656 | BPP: 0.0366 | QP: 63
2026-07-22 21:03:42,687 [INFO ]  [2000/4586] | Loss: 0.102 | PSNR: 33.889 | MSE: 0.00040844 | BPP: 0.0366 | QP: 22
2026-07-22 21:04:42,899 [INFO ]  [2500/4586] | Loss: 0.104 | PSNR: 33.849 | MSE: 0.00041223 | BPP: 0.0368 | QP: 63
2026-07-22 21:05:40,949 [INFO ]  [3000/4586] | Loss: 0.104 | PSNR: 33.828 | MSE: 0.00041423 | BPP: 0.0367 | QP: 63
2026-07-22 21:06:38,877 [INFO ]  [3500/4586] | Loss: 0.105 | PSNR: 33.843 | MSE: 0.00041276 | BPP: 0.0369 | QP: 15
2026-07-22 21:07:36,186 [INFO ]  [4000/4586] | Loss: 0.105 | PSNR: 33.865 | MSE: 0.00041066 | BPP: 0.0370 | QP: 43
2026-07-22 21:08:37,180 [INFO ]  [4500/4586] | Loss: 0.105 | PSNR: 33.878 | MSE: 0.00040947 | BPP: 0.0370 | QP: 63
2026-07-22 21:08:46,799 [INFO ]  Train epoch 73: Loss: 0.105 | PSNR: 33.929 | MSE: 0.00040464 | BPP: 0.0369
2026-07-22 21:09:38,454 [INFO ]  Val epoch 73: Loss: 0.194 | PSNR: 37.546 | MSE: 0.00017595 | BPP: 0.0585
2026-07-22 21:09:39,175 [INFO ]  Checkpoint epoch 73: best model saved: no | current loss: 0.193586 | best loss: 0.189911
2026-07-22 21:09:39,175 [INFO ]  Global step updated to: 339364
2026-07-22 21:09:39,175 [INFO ]  ====== Current epoch 74 ======
2026-07-22 21:09:39,175 [INFO ]  Learning rate: 4e-05
2026-07-22 21:09:39,582 [INFO ]  [0/4586] | Loss: 0.219 | PSNR: 37.162 | MSE: 0.00019223 | BPP: 0.0710 | QP: 63
2026-07-22 21:10:37,085 [INFO ]  [500/4586] | Loss: 0.104 | PSNR: 33.809 | MSE: 0.00041603 | BPP: 0.0368 | QP: 53
2026-07-22 21:11:34,827 [INFO ]  [1000/4586] | Loss: 0.103 | PSNR: 33.774 | MSE: 0.00041939 | BPP: 0.0367 | QP: 1
2026-07-22 21:12:32,550 [INFO ]  [1500/4586] | Loss: 0.102 | PSNR: 33.802 | MSE: 0.00041664 | BPP: 0.0364 | QP: 63
2026-07-22 21:13:28,717 [INFO ]  [2000/4586] | Loss: 0.103 | PSNR: 33.740 | MSE: 0.00042262 | BPP: 0.0365 | QP: 9
2026-07-22 21:14:28,723 [INFO ]  [2500/4586] | Loss: 0.102 | PSNR: 33.760 | MSE: 0.00042075 | BPP: 0.0364 | QP: 44
2026-07-22 21:15:25,087 [INFO ]  [3000/4586] | Loss: 0.103 | PSNR: 33.773 | MSE: 0.00041951 | BPP: 0.0365 | QP: 63
2026-07-22 21:16:22,140 [INFO ]  [3500/4586] | Loss: 0.103 | PSNR: 33.786 | MSE: 0.00041818 | BPP: 0.0364 | QP: 41
2026-07-22 21:17:22,793 [INFO ]  [4000/4586] | Loss: 0.103 | PSNR: 33.811 | MSE: 0.00041580 | BPP: 0.0365 | QP: 55
2026-07-22 21:18:21,132 [INFO ]  [4500/4586] | Loss: 0.103 | PSNR: 33.801 | MSE: 0.00041678 | BPP: 0.0366 | QP: 63
2026-07-22 21:18:30,916 [INFO ]  Train epoch 74: Loss: 0.103 | PSNR: 33.818 | MSE: 0.00041515 | BPP: 0.0364
2026-07-22 21:19:23,059 [INFO ]  Val epoch 74: Loss: 0.190 | PSNR: 37.653 | MSE: 0.00017168 | BPP: 0.0586
2026-07-22 21:19:23,772 [INFO ]  Checkpoint epoch 74: best model saved: no | current loss: 0.190483 | best loss: 0.189911
2026-07-22 21:19:23,772 [INFO ]  Global step updated to: 343950
2026-07-22 21:19:23,772 [INFO ]  ====== Current epoch 75 ======
2026-07-22 21:19:23,772 [INFO ]  Learning rate: 4e-05
2026-07-22 21:19:24,312 [INFO ]  [0/4586] | Loss: 0.125 | PSNR: 39.844 | MSE: 0.00010367 | BPP: 0.0451 | QP: 63
2026-07-22 21:20:21,210 [INFO ]  [500/4586] | Loss: 0.102 | PSNR: 34.067 | MSE: 0.00039202 | BPP: 0.0367 | QP: 61
2026-07-22 21:21:20,471 [INFO ]  [1000/4586] | Loss: 0.105 | PSNR: 34.079 | MSE: 0.00039093 | BPP: 0.0370 | QP: 48
2026-07-22 21:22:18,426 [INFO ]  [1500/4586] | Loss: 0.105 | PSNR: 33.938 | MSE: 0.00040379 | BPP: 0.0369 | QP: 63
2026-07-22 21:23:17,389 [INFO ]  [2000/4586] | Loss: 0.105 | PSNR: 33.957 | MSE: 0.00040211 | BPP: 0.0370 | QP: 40
2026-07-22 21:24:13,119 [INFO ]  [2500/4586] | Loss: 0.105 | PSNR: 33.957 | MSE: 0.00040210 | BPP: 0.0370 | QP: 18
2026-07-22 21:25:11,473 [INFO ]  [3000/4586] | Loss: 0.104 | PSNR: 33.913 | MSE: 0.00040614 | BPP: 0.0368 | QP: 63
2026-07-22 21:26:10,229 [INFO ]  [3500/4586] | Loss: 0.104 | PSNR: 33.891 | MSE: 0.00040824 | BPP: 0.0368 | QP: 41
2026-07-22 21:27:08,696 [INFO ]  [4000/4586] | Loss: 0.103 | PSNR: 33.868 | MSE: 0.00041035 | BPP: 0.0367 | QP: 4
2026-07-22 21:28:05,325 [INFO ]  [4500/4586] | Loss: 0.103 | PSNR: 33.841 | MSE: 0.00041293 | BPP: 0.0366 | QP: 63
2026-07-22 21:28:14,973 [INFO ]  Train epoch 75: Loss: 0.104 | PSNR: 33.856 | MSE: 0.00041149 | BPP: 0.0366
2026-07-22 21:29:06,995 [INFO ]  Val epoch 75: Loss: 0.190 | PSNR: 37.646 | MSE: 0.00017195 | BPP: 0.0583
2026-07-22 21:29:07,655 [INFO ]  Checkpoint epoch 75: best model saved: no | current loss: 0.190330 | best loss: 0.189911
2026-07-22 21:29:07,656 [INFO ]  Global step updated to: 348536
2026-07-22 21:29:07,656 [INFO ]  ====== Current epoch 76 ======
2026-07-22 21:29:07,656 [INFO ]  Learning rate: 4e-05
2026-07-22 21:29:08,103 [INFO ]  [0/4586] | Loss: 0.294 | PSNR: 35.223 | MSE: 0.00030039 | BPP: 0.0629 | QP: 63
2026-07-22 21:30:08,944 [INFO ]  [500/4586] | Loss: 0.102 | PSNR: 33.893 | MSE: 0.00040808 | BPP: 0.0361 | QP: 6
2026-07-22 21:31:08,229 [INFO ]  [1000/4586] | Loss: 0.103 | PSNR: 33.777 | MSE: 0.00041907 | BPP: 0.0365 | QP: 31
2026-07-22 21:32:05,052 [INFO ]  [1500/4586] | Loss: 0.105 | PSNR: 33.773 | MSE: 0.00041949 | BPP: 0.0367 | QP: 63
2026-07-22 21:33:00,834 [INFO ]  [2000/4586] | Loss: 0.104 | PSNR: 33.796 | MSE: 0.00041730 | BPP: 0.0366 | QP: 53
2026-07-22 21:33:57,124 [INFO ]  [2500/4586] | Loss: 0.104 | PSNR: 33.774 | MSE: 0.00041940 | BPP: 0.0365 | QP: 12
2026-07-22 21:34:56,849 [INFO ]  [3000/4586] | Loss: 0.104 | PSNR: 33.786 | MSE: 0.00041819 | BPP: 0.0365 | QP: 63
2026-07-22 21:35:53,317 [INFO ]  [3500/4586] | Loss: 0.104 | PSNR: 33.773 | MSE: 0.00041944 | BPP: 0.0365 | QP: 29
2026-07-22 21:36:49,829 [INFO ]  [4000/4586] | Loss: 0.103 | PSNR: 33.782 | MSE: 0.00041860 | BPP: 0.0364 | QP: 0
2026-07-22 21:37:45,439 [INFO ]  [4500/4586] | Loss: 0.103 | PSNR: 33.778 | MSE: 0.00041896 | BPP: 0.0364 | QP: 63
2026-07-22 21:37:54,616 [INFO ]  Train epoch 76: Loss: 0.103 | PSNR: 33.821 | MSE: 0.00041482 | BPP: 0.0364
2026-07-22 21:38:48,985 [INFO ]  Val epoch 76: Loss: 0.192 | PSNR: 37.604 | MSE: 0.00017362 | BPP: 0.0582
2026-07-22 21:38:49,703 [INFO ]  Checkpoint epoch 76: best model saved: no | current loss: 0.191534 | best loss: 0.189911
2026-07-22 21:38:49,703 [INFO ]  Global step updated to: 353122
2026-07-22 21:38:49,703 [INFO ]  ====== Current epoch 77 ======
2026-07-22 21:38:49,703 [INFO ]  Learning rate: 4e-05
2026-07-22 21:38:50,171 [INFO ]  [0/4586] | Loss: 0.154 | PSNR: 38.670 | MSE: 0.00013584 | BPP: 0.0492 | QP: 63
2026-07-22 21:39:46,613 [INFO ]  [500/4586] | Loss: 0.104 | PSNR: 33.716 | MSE: 0.00042503 | BPP: 0.0369 | QP: 0
2026-07-22 21:40:42,195 [INFO ]  [1000/4586] | Loss: 0.105 | PSNR: 33.851 | MSE: 0.00041203 | BPP: 0.0371 | QP: 17
2026-07-22 21:41:37,994 [INFO ]  [1500/4586] | Loss: 0.104 | PSNR: 33.863 | MSE: 0.00041083 | BPP: 0.0368 | QP: 63
2026-07-22 21:42:37,075 [INFO ]  [2000/4586] | Loss: 0.103 | PSNR: 33.887 | MSE: 0.00040859 | BPP: 0.0367 | QP: 47
2026-07-22 21:43:34,011 [INFO ]  [2500/4586] | Loss: 0.103 | PSNR: 33.874 | MSE: 0.00040981 | BPP: 0.0366 | QP: 0
2026-07-22 21:44:30,979 [INFO ]  [3000/4586] | Loss: 0.104 | PSNR: 33.861 | MSE: 0.00041105 | BPP: 0.0367 | QP: 63
2026-07-22 21:45:26,045 [INFO ]  [3500/4586] | Loss: 0.104 | PSNR: 33.858 | MSE: 0.00041131 | BPP: 0.0368 | QP: 4
2026-07-22 21:46:24,166 [INFO ]  [4000/4586] | Loss: 0.104 | PSNR: 33.865 | MSE: 0.00041066 | BPP: 0.0368 | QP: 2
2026-07-22 21:47:21,613 [INFO ]  [4500/4586] | Loss: 0.104 | PSNR: 33.891 | MSE: 0.00040824 | BPP: 0.0368 | QP: 63
2026-07-22 21:47:31,278 [INFO ]  Train epoch 77: Loss: 0.104 | PSNR: 33.907 | MSE: 0.00040673 | BPP: 0.0367
2026-07-22 21:48:22,864 [INFO ]  Val epoch 77: Loss: 0.189 | PSNR: 37.690 | MSE: 0.00017021 | BPP: 0.0585
2026-07-22 21:48:23,916 [INFO ]  Checkpoint epoch 77: best model saved: yes | current loss: 0.189246 | best loss: 0.189246
2026-07-22 21:48:23,916 [INFO ]  Global step updated to: 357708
2026-07-22 21:48:23,916 [INFO ]  ====== Current epoch 78 ======
2026-07-22 21:48:23,916 [INFO ]  Learning rate: 4e-05
2026-07-22 21:48:24,407 [INFO ]  [0/4586] | Loss: 0.211 | PSNR: 37.205 | MSE: 0.00019033 | BPP: 0.0644 | QP: 63
2026-07-22 21:49:20,148 [INFO ]  [500/4586] | Loss: 0.108 | PSNR: 33.768 | MSE: 0.00041999 | BPP: 0.0373 | QP: 63
2026-07-22 21:50:17,837 [INFO ]  [1000/4586] | Loss: 0.105 | PSNR: 33.817 | MSE: 0.00041522 | BPP: 0.0367 | QP: 41
2026-07-22 21:51:16,743 [INFO ]  [1500/4586] | Loss: 0.106 | PSNR: 33.842 | MSE: 0.00041290 | BPP: 0.0368 | QP: 63
2026-07-22 21:52:12,662 [INFO ]  [2000/4586] | Loss: 0.105 | PSNR: 33.861 | MSE: 0.00041107 | BPP: 0.0367 | QP: 43
2026-07-22 21:53:09,018 [INFO ]  [2500/4586] | Loss: 0.105 | PSNR: 33.885 | MSE: 0.00040880 | BPP: 0.0367 | QP: 37
2026-07-22 21:54:05,875 [INFO ]  [3000/4586] | Loss: 0.104 | PSNR: 33.905 | MSE: 0.00040692 | BPP: 0.0366 | QP: 63
2026-07-22 21:55:05,213 [INFO ]  [3500/4586] | Loss: 0.104 | PSNR: 33.919 | MSE: 0.00040560 | BPP: 0.0366 | QP: 25
2026-07-22 21:56:01,519 [INFO ]  [4000/4586] | Loss: 0.104 | PSNR: 33.933 | MSE: 0.00040425 | BPP: 0.0367 | QP: 26
2026-07-22 21:56:58,578 [INFO ]  [4500/4586] | Loss: 0.104 | PSNR: 33.947 | MSE: 0.00040302 | BPP: 0.0367 | QP: 63
2026-07-22 21:57:07,916 [INFO ]  Train epoch 78: Loss: 0.104 | PSNR: 33.909 | MSE: 0.00040651 | BPP: 0.0367
2026-07-22 21:57:57,873 [INFO ]  Val epoch 78: Loss: 0.191 | PSNR: 37.636 | MSE: 0.00017233 | BPP: 0.0584
2026-07-22 21:57:58,637 [INFO ]  Checkpoint epoch 78: best model saved: no | current loss: 0.190736 | best loss: 0.189246
2026-07-22 21:57:58,637 [INFO ]  Global step updated to: 362294
2026-07-22 21:57:58,637 [INFO ]  ====== Current epoch 79 ======
2026-07-22 21:57:58,638 [INFO ]  Learning rate: 4e-05
2026-07-22 21:57:59,129 [INFO ]  [0/4586] | Loss: 0.251 | PSNR: 36.400 | MSE: 0.00022908 | BPP: 0.0755 | QP: 63
2026-07-22 21:58:58,337 [INFO ]  [500/4586] | Loss: 0.109 | PSNR: 33.887 | MSE: 0.00040857 | BPP: 0.0379 | QP: 48
2026-07-22 21:59:54,925 [INFO ]  [1000/4586] | Loss: 0.106 | PSNR: 33.898 | MSE: 0.00040759 | BPP: 0.0372 | QP: 9
2026-07-22 22:00:50,677 [INFO ]  [1500/4586] | Loss: 0.104 | PSNR: 33.863 | MSE: 0.00041085 | BPP: 0.0369 | QP: 63
2026-07-22 22:01:46,863 [INFO ]  [2000/4586] | Loss: 0.104 | PSNR: 33.939 | MSE: 0.00040377 | BPP: 0.0369 | QP: 51
2026-07-22 22:02:47,365 [INFO ]  [2500/4586] | Loss: 0.105 | PSNR: 33.907 | MSE: 0.00040674 | BPP: 0.0371 | QP: 63
2026-07-22 22:03:43,778 [INFO ]  [3000/4586] | Loss: 0.105 | PSNR: 33.918 | MSE: 0.00040567 | BPP: 0.0371 | QP: 63
2026-07-22 22:04:40,342 [INFO ]  [3500/4586] | Loss: 0.105 | PSNR: 33.919 | MSE: 0.00040556 | BPP: 0.0371 | QP: 7
2026-07-22 22:05:36,863 [INFO ]  [4000/4586] | Loss: 0.105 | PSNR: 33.919 | MSE: 0.00040561 | BPP: 0.0371 | QP: 49
2026-07-22 22:06:35,679 [INFO ]  [4500/4586] | Loss: 0.105 | PSNR: 33.927 | MSE: 0.00040483 | BPP: 0.0371 | QP: 63
2026-07-22 22:06:46,141 [INFO ]  Train epoch 79: Loss: 0.105 | PSNR: 33.936 | MSE: 0.00040402 | BPP: 0.0370
2026-07-22 22:07:41,044 [INFO ]  Val epoch 79: Loss: 0.191 | PSNR: 37.630 | MSE: 0.00017257 | BPP: 0.0586
2026-07-22 22:07:41,940 [INFO ]  Checkpoint epoch 79: best model saved: no | current loss: 0.191092 | best loss: 0.189246
2026-07-22 22:07:41,941 [INFO ]  Global step updated to: 366880
2026-07-22 22:07:41,941 [INFO ]  ====== Current epoch 80 ======
2026-07-22 22:07:41,941 [INFO ]  Learning rate: 4e-05
2026-07-22 22:07:42,404 [INFO ]  [0/4586] | Loss: 0.265 | PSNR: 35.895 | MSE: 0.00025733 | BPP: 0.0677 | QP: 63
2026-07-22 22:08:37,866 [INFO ]  [500/4586] | Loss: 0.102 | PSNR: 33.751 | MSE: 0.00042159 | BPP: 0.0359 | QP: 46
2026-07-22 22:09:34,051 [INFO ]  [1000/4586] | Loss: 0.101 | PSNR: 33.737 | MSE: 0.00042298 | BPP: 0.0359 | QP: 17
2026-07-22 22:10:32,589 [INFO ]  [1500/4586] | Loss: 0.103 | PSNR: 33.716 | MSE: 0.00042502 | BPP: 0.0362 | QP: 63
2026-07-22 22:11:30,303 [INFO ]  [2000/4586] | Loss: 0.103 | PSNR: 33.726 | MSE: 0.00042399 | BPP: 0.0363 | QP: 56
2026-07-22 22:12:26,387 [INFO ]  [2500/4586] | Loss: 0.103 | PSNR: 33.769 | MSE: 0.00041990 | BPP: 0.0363 | QP: 55
2026-07-22 22:13:22,885 [INFO ]  [3000/4586] | Loss: 0.103 | PSNR: 33.789 | MSE: 0.00041797 | BPP: 0.0364 | QP: 63
2026-07-22 22:14:19,562 [INFO ]  [3500/4586] | Loss: 0.104 | PSNR: 33.832 | MSE: 0.00041384 | BPP: 0.0366 | QP: 57
2026-07-22 22:15:19,744 [INFO ]  [4000/4586] | Loss: 0.103 | PSNR: 33.859 | MSE: 0.00041128 | BPP: 0.0366 | QP: 4
2026-07-22 22:16:17,578 [INFO ]  [4500/4586] | Loss: 0.103 | PSNR: 33.875 | MSE: 0.00040970 | BPP: 0.0365 | QP: 63
2026-07-22 22:16:26,727 [INFO ]  Train epoch 80: Loss: 0.103 | PSNR: 33.875 | MSE: 0.00040970 | BPP: 0.0366
2026-07-22 22:17:17,349 [INFO ]  Val epoch 80: Loss: 0.190 | PSNR: 37.669 | MSE: 0.00017104 | BPP: 0.0583
2026-07-22 22:17:18,070 [INFO ]  Checkpoint epoch 80: best model saved: no | current loss: 0.189701 | best loss: 0.189246
2026-07-22 22:17:18,070 [INFO ]  Global step updated to: 371466
2026-07-22 22:17:18,070 [INFO ]  ====== Current epoch 81 ======
2026-07-22 22:17:18,070 [INFO ]  Learning rate: 4e-05
2026-07-22 22:17:18,519 [INFO ]  [0/4586] | Loss: 0.204 | PSNR: 37.499 | MSE: 0.00017785 | BPP: 0.0671 | QP: 63
2026-07-22 22:18:15,428 [INFO ]  [500/4586] | Loss: 0.110 | PSNR: 33.950 | MSE: 0.00040273 | BPP: 0.0386 | QP: 49
2026-07-22 22:19:12,741 [INFO ]  [1000/4586] | Loss: 0.104 | PSNR: 33.946 | MSE: 0.00040305 | BPP: 0.0371 | QP: 29
2026-07-22 22:20:08,954 [INFO ]  [1500/4586] | Loss: 0.103 | PSNR: 33.946 | MSE: 0.00040306 | BPP: 0.0368 | QP: 63
2026-07-22 22:21:04,918 [INFO ]  [2000/4586] | Loss: 0.103 | PSNR: 33.970 | MSE: 0.00040086 | BPP: 0.0366 | QP: 0
2026-07-22 22:22:01,386 [INFO ]  [2500/4586] | Loss: 0.103 | PSNR: 33.973 | MSE: 0.00040056 | BPP: 0.0367 | QP: 34
2026-07-22 22:22:58,412 [INFO ]  [3000/4586] | Loss: 0.103 | PSNR: 33.971 | MSE: 0.00040082 | BPP: 0.0366 | QP: 63
2026-07-22 22:23:57,153 [INFO ]  [3500/4586] | Loss: 0.103 | PSNR: 33.914 | MSE: 0.00040608 | BPP: 0.0365 | QP: 18
2026-07-22 22:24:53,073 [INFO ]  [4000/4586] | Loss: 0.103 | PSNR: 33.904 | MSE: 0.00040698 | BPP: 0.0365 | QP: 42
2026-07-22 22:25:48,931 [INFO ]  [4500/4586] | Loss: 0.103 | PSNR: 33.885 | MSE: 0.00040881 | BPP: 0.0365 | QP: 63
2026-07-22 22:25:58,426 [INFO ]  Train epoch 81: Loss: 0.103 | PSNR: 33.899 | MSE: 0.00040744 | BPP: 0.0366
2026-07-22 22:26:51,278 [INFO ]  Val epoch 81: Loss: 0.189 | PSNR: 37.711 | MSE: 0.00016940 | BPP: 0.0585
2026-07-22 22:26:52,422 [INFO ]  Checkpoint epoch 81: best model saved: yes | current loss: 0.188561 | best loss: 0.188561
2026-07-22 22:26:52,422 [INFO ]  Global step updated to: 376052
2026-07-22 22:26:52,422 [INFO ]  ====== Current epoch 82 ======
2026-07-22 22:26:52,423 [INFO ]  Learning rate: 4e-05
2026-07-22 22:26:52,930 [INFO ]  [0/4586] | Loss: 0.217 | PSNR: 37.114 | MSE: 0.00019434 | BPP: 0.0680 | QP: 63
2026-07-22 22:27:49,610 [INFO ]  [500/4586] | Loss: 0.105 | PSNR: 33.514 | MSE: 0.00044529 | BPP: 0.0363 | QP: 40
2026-07-22 22:28:46,470 [INFO ]  [1000/4586] | Loss: 0.102 | PSNR: 33.689 | MSE: 0.00042764 | BPP: 0.0362 | QP: 27
2026-07-22 22:29:41,576 [INFO ]  [1500/4586] | Loss: 0.102 | PSNR: 33.689 | MSE: 0.00042765 | BPP: 0.0363 | QP: 63
2026-07-22 22:30:38,629 [INFO ]  [2000/4586] | Loss: 0.104 | PSNR: 33.791 | MSE: 0.00041771 | BPP: 0.0369 | QP: 37
2026-07-22 22:31:37,554 [INFO ]  [2500/4586] | Loss: 0.105 | PSNR: 33.837 | MSE: 0.00041333 | BPP: 0.0372 | QP: 47
2026-07-22 22:32:34,061 [INFO ]  [3000/4586] | Loss: 0.105 | PSNR: 33.885 | MSE: 0.00040882 | BPP: 0.0372 | QP: 63
2026-07-22 22:33:30,192 [INFO ]  [3500/4586] | Loss: 0.104 | PSNR: 33.901 | MSE: 0.00040729 | BPP: 0.0371 | QP: 57
2026-07-22 22:34:29,532 [INFO ]  [4000/4586] | Loss: 0.105 | PSNR: 33.945 | MSE: 0.00040316 | BPP: 0.0372 | QP: 7
2026-07-22 22:35:28,898 [INFO ]  [4500/4586] | Loss: 0.105 | PSNR: 33.944 | MSE: 0.00040327 | BPP: 0.0372 | QP: 63
2026-07-22 22:35:38,841 [INFO ]  Train epoch 82: Loss: 0.104 | PSNR: 33.954 | MSE: 0.00040231 | BPP: 0.0371
2026-07-22 22:36:35,043 [INFO ]  Val epoch 82: Loss: 0.188 | PSNR: 37.714 | MSE: 0.00016928 | BPP: 0.0583
2026-07-22 22:36:36,162 [INFO ]  Checkpoint epoch 82: best model saved: yes | current loss: 0.188350 | best loss: 0.188350
2026-07-22 22:36:36,162 [INFO ]  Global step updated to: 380638
2026-07-22 22:36:36,162 [INFO ]  ====== Current epoch 83 ======
2026-07-22 22:36:36,162 [INFO ]  Learning rate: 4e-05
2026-07-22 22:36:36,602 [INFO ]  [0/4586] | Loss: 0.401 | PSNR: 33.976 | MSE: 0.00040035 | BPP: 0.0939 | QP: 63
2026-07-22 22:37:34,492 [INFO ]  [500/4586] | Loss: 0.097 | PSNR: 34.106 | MSE: 0.00038851 | BPP: 0.0358 | QP: 23
2026-07-22 22:38:30,353 [INFO ]  [1000/4586] | Loss: 0.101 | PSNR: 33.846 | MSE: 0.00041244 | BPP: 0.0361 | QP: 56
2026-07-22 22:39:27,112 [INFO ]  [1500/4586] | Loss: 0.101 | PSNR: 33.868 | MSE: 0.00041041 | BPP: 0.0362 | QP: 63
2026-07-22 22:40:25,154 [INFO ]  [2000/4586] | Loss: 0.102 | PSNR: 33.855 | MSE: 0.00041159 | BPP: 0.0363 | QP: 0
2026-07-22 22:41:21,340 [INFO ]  [2500/4586] | Loss: 0.102 | PSNR: 33.848 | MSE: 0.00041231 | BPP: 0.0364 | QP: 61
2026-07-22 22:42:18,678 [INFO ]  [3000/4586] | Loss: 0.102 | PSNR: 33.862 | MSE: 0.00041092 | BPP: 0.0364 | QP: 63
2026-07-22 22:43:16,268 [INFO ]  [3500/4586] | Loss: 0.102 | PSNR: 33.896 | MSE: 0.00040771 | BPP: 0.0364 | QP: 9
2026-07-22 22:44:11,735 [INFO ]  [4000/4586] | Loss: 0.102 | PSNR: 33.888 | MSE: 0.00040852 | BPP: 0.0363 | QP: 11
2026-07-22 22:45:08,617 [INFO ]  [4500/4586] | Loss: 0.102 | PSNR: 33.876 | MSE: 0.00040961 | BPP: 0.0364 | QP: 63
2026-07-22 22:45:18,320 [INFO ]  Train epoch 83: Loss: 0.102 | PSNR: 33.869 | MSE: 0.00041028 | BPP: 0.0365
2026-07-22 22:46:11,001 [INFO ]  Val epoch 83: Loss: 0.188 | PSNR: 37.731 | MSE: 0.00016863 | BPP: 0.0587
2026-07-22 22:46:12,051 [INFO ]  Checkpoint epoch 83: best model saved: yes | current loss: 0.188207 | best loss: 0.188207
2026-07-22 22:46:12,051 [INFO ]  Global step updated to: 385224
2026-07-22 22:46:12,051 [INFO ]  ====== Current epoch 84 ======
2026-07-22 22:46:12,051 [INFO ]  Learning rate: 4e-05
2026-07-22 22:46:12,574 [INFO ]  [0/4586] | Loss: 0.170 | PSNR: 38.605 | MSE: 0.00013787 | BPP: 0.0640 | QP: 63
2026-07-22 22:47:09,693 [INFO ]  [500/4586] | Loss: 0.100 | PSNR: 33.652 | MSE: 0.00043135 | BPP: 0.0359 | QP: 36
2026-07-22 22:48:07,790 [INFO ]  [1000/4586] | Loss: 0.102 | PSNR: 33.767 | MSE: 0.00042008 | BPP: 0.0365 | QP: 45
2026-07-22 22:49:07,252 [INFO ]  [1500/4586] | Loss: 0.101 | PSNR: 33.784 | MSE: 0.00041842 | BPP: 0.0361 | QP: 63
2026-07-22 22:50:03,319 [INFO ]  [2000/4586] | Loss: 0.101 | PSNR: 33.825 | MSE: 0.00041447 | BPP: 0.0361 | QP: 37
2026-07-22 22:51:04,083 [INFO ]  [2500/4586] | Loss: 0.101 | PSNR: 33.841 | MSE: 0.00041294 | BPP: 0.0361 | QP: 55
2026-07-22 22:52:00,246 [INFO ]  [3000/4586] | Loss: 0.101 | PSNR: 33.813 | MSE: 0.00041563 | BPP: 0.0362 | QP: 63
2026-07-22 22:52:57,456 [INFO ]  [3500/4586] | Loss: 0.101 | PSNR: 33.827 | MSE: 0.00041431 | BPP: 0.0361 | QP: 10
2026-07-22 22:53:55,587 [INFO ]  [4000/4586] | Loss: 0.101 | PSNR: 33.829 | MSE: 0.00041412 | BPP: 0.0361 | QP: 33
2026-07-22 22:54:54,492 [INFO ]  [4500/4586] | Loss: 0.101 | PSNR: 33.823 | MSE: 0.00041466 | BPP: 0.0362 | QP: 63
2026-07-22 22:55:04,306 [INFO ]  Train epoch 84: Loss: 0.102 | PSNR: 33.847 | MSE: 0.00041238 | BPP: 0.0364
2026-07-22 22:55:58,495 [INFO ]  Val epoch 84: Loss: 0.191 | PSNR: 37.604 | MSE: 0.00017364 | BPP: 0.0581
2026-07-22 22:55:59,199 [INFO ]  Checkpoint epoch 84: best model saved: no | current loss: 0.191471 | best loss: 0.188207
2026-07-22 22:55:59,199 [INFO ]  Global step updated to: 389810
2026-07-22 22:55:59,200 [INFO ]  ====== Current epoch 85 ======
2026-07-22 22:55:59,200 [INFO ]  Learning rate: 4e-05
2026-07-22 22:55:59,676 [INFO ]  [0/4586] | Loss: 0.159 | PSNR: 38.631 | MSE: 0.00013705 | BPP: 0.0539 | QP: 63
2026-07-22 22:56:59,558 [INFO ]  [500/4586] | Loss: 0.101 | PSNR: 33.991 | MSE: 0.00039890 | BPP: 0.0365 | QP: 61
2026-07-22 22:57:59,754 [INFO ]  [1000/4586] | Loss: 0.101 | PSNR: 33.997 | MSE: 0.00039841 | BPP: 0.0366 | QP: 22
2026-07-22 22:58:57,059 [INFO ]  [1500/4586] | Loss: 0.102 | PSNR: 33.928 | MSE: 0.00040479 | BPP: 0.0364 | QP: 63
2026-07-22 22:59:56,286 [INFO ]  [2000/4586] | Loss: 0.103 | PSNR: 33.937 | MSE: 0.00040391 | BPP: 0.0365 | QP: 44
2026-07-22 23:00:52,501 [INFO ]  [2500/4586] | Loss: 0.103 | PSNR: 33.922 | MSE: 0.00040534 | BPP: 0.0366 | QP: 10
2026-07-22 23:01:48,758 [INFO ]  [3000/4586] | Loss: 0.103 | PSNR: 33.944 | MSE: 0.00040331 | BPP: 0.0365 | QP: 63
2026-07-22 23:02:44,882 [INFO ]  [3500/4586] | Loss: 0.103 | PSNR: 33.941 | MSE: 0.00040356 | BPP: 0.0365 | QP: 3
2026-07-22 23:03:41,248 [INFO ]  [4000/4586] | Loss: 0.103 | PSNR: 33.950 | MSE: 0.00040276 | BPP: 0.0366 | QP: 51
2026-07-22 23:04:36,919 [INFO ]  [4500/4586] | Loss: 0.104 | PSNR: 33.954 | MSE: 0.00040232 | BPP: 0.0367 | QP: 63
2026-07-22 23:04:46,143 [INFO ]  Train epoch 85: Loss: 0.104 | PSNR: 33.965 | MSE: 0.00040132 | BPP: 0.0368
2026-07-22 23:05:40,592 [INFO ]  Val epoch 85: Loss: 0.191 | PSNR: 37.642 | MSE: 0.00017210 | BPP: 0.0584
2026-07-22 23:05:41,449 [INFO ]  Checkpoint epoch 85: best model saved: no | current loss: 0.190608 | best loss: 0.188207
2026-07-22 23:05:41,450 [INFO ]  Global step updated to: 394396
2026-07-22 23:05:41,450 [INFO ]  ====== Current epoch 86 ======
2026-07-22 23:05:41,450 [INFO ]  Learning rate: 4e-05
2026-07-22 23:05:41,938 [INFO ]  [0/4586] | Loss: 0.234 | PSNR: 36.671 | MSE: 0.00021522 | BPP: 0.0685 | QP: 63
2026-07-22 23:06:38,088 [INFO ]  [500/4586] | Loss: 0.102 | PSNR: 33.916 | MSE: 0.00040586 | BPP: 0.0362 | QP: 13
2026-07-22 23:07:37,159 [INFO ]  [1000/4586] | Loss: 0.103 | PSNR: 33.981 | MSE: 0.00039981 | BPP: 0.0365 | QP: 53
2026-07-22 23:08:32,211 [INFO ]  [1500/4586] | Loss: 0.104 | PSNR: 34.015 | MSE: 0.00039675 | BPP: 0.0369 | QP: 63
2026-07-22 23:09:28,526 [INFO ]  [2000/4586] | Loss: 0.103 | PSNR: 33.995 | MSE: 0.00039856 | BPP: 0.0367 | QP: 2
2026-07-22 23:10:24,939 [INFO ]  [2500/4586] | Loss: 0.103 | PSNR: 33.977 | MSE: 0.00040023 | BPP: 0.0367 | QP: 2
2026-07-22 23:11:22,285 [INFO ]  [3000/4586] | Loss: 0.103 | PSNR: 33.969 | MSE: 0.00040094 | BPP: 0.0367 | QP: 63
2026-07-22 23:12:18,663 [INFO ]  [3500/4586] | Loss: 0.103 | PSNR: 33.983 | MSE: 0.00039964 | BPP: 0.0367 | QP: 59
2026-07-22 23:13:14,194 [INFO ]  [4000/4586] | Loss: 0.102 | PSNR: 33.962 | MSE: 0.00040157 | BPP: 0.0366 | QP: 3
2026-07-22 23:14:12,620 [INFO ]  [4500/4586] | Loss: 0.102 | PSNR: 33.931 | MSE: 0.00040445 | BPP: 0.0364 | QP: 63
2026-07-22 23:14:21,857 [INFO ]  Train epoch 86: Loss: 0.102 | PSNR: 33.910 | MSE: 0.00040648 | BPP: 0.0365
2026-07-22 23:15:17,171 [INFO ]  Val epoch 86: Loss: 0.190 | PSNR: 37.652 | MSE: 0.00017172 | BPP: 0.0583
2026-07-22 23:15:17,966 [INFO ]  Checkpoint epoch 86: best model saved: no | current loss: 0.190194 | best loss: 0.188207
2026-07-22 23:15:17,966 [INFO ]  Global step updated to: 398982
2026-07-22 23:15:17,966 [INFO ]  ====== Current epoch 87 ======
2026-07-22 23:15:17,966 [INFO ]  Learning rate: 4e-05
2026-07-22 23:15:18,386 [INFO ]  [0/4586] | Loss: 0.291 | PSNR: 35.246 | MSE: 0.00029880 | BPP: 0.0615 | QP: 63
2026-07-22 23:16:14,307 [INFO ]  [500/4586] | Loss: 0.100 | PSNR: 33.930 | MSE: 0.00040456 | BPP: 0.0357 | QP: 4
2026-07-22 23:17:10,616 [INFO ]  [1000/4586] | Loss: 0.103 | PSNR: 34.042 | MSE: 0.00039430 | BPP: 0.0368 | QP: 58
2026-07-22 23:18:07,565 [INFO ]  [1500/4586] | Loss: 0.104 | PSNR: 34.051 | MSE: 0.00039347 | BPP: 0.0370 | QP: 63
2026-07-22 23:19:04,826 [INFO ]  [2000/4586] | Loss: 0.104 | PSNR: 34.023 | MSE: 0.00039599 | BPP: 0.0370 | QP: 59
2026-07-22 23:20:01,813 [INFO ]  [2500/4586] | Loss: 0.104 | PSNR: 33.975 | MSE: 0.00040045 | BPP: 0.0369 | QP: 30
2026-07-22 23:20:57,533 [INFO ]  [3000/4586] | Loss: 0.104 | PSNR: 33.954 | MSE: 0.00040232 | BPP: 0.0369 | QP: 63
2026-07-22 23:21:56,530 [INFO ]  [3500/4586] | Loss: 0.103 | PSNR: 33.948 | MSE: 0.00040291 | BPP: 0.0368 | QP: 56
2026-07-22 23:22:55,630 [INFO ]  [4000/4586] | Loss: 0.103 | PSNR: 33.952 | MSE: 0.00040249 | BPP: 0.0369 | QP: 57
2026-07-22 23:23:51,423 [INFO ]  [4500/4586] | Loss: 0.104 | PSNR: 33.939 | MSE: 0.00040375 | BPP: 0.0368 | QP: 63
2026-07-22 23:24:01,000 [INFO ]  Train epoch 87: Loss: 0.103 | PSNR: 33.922 | MSE: 0.00040533 | BPP: 0.0367
2026-07-22 23:24:53,705 [INFO ]  Val epoch 87: Loss: 0.191 | PSNR: 37.647 | MSE: 0.00017189 | BPP: 0.0586
2026-07-22 23:24:54,515 [INFO ]  Checkpoint epoch 87: best model saved: no | current loss: 0.190636 | best loss: 0.188207
2026-07-22 23:24:54,516 [INFO ]  Global step updated to: 403568
2026-07-22 23:24:54,516 [INFO ]  ====== Current epoch 88 ======
2026-07-22 23:24:54,516 [INFO ]  Learning rate: 4e-05
2026-07-22 23:24:55,031 [INFO ]  [0/4586] | Loss: 0.118 | PSNR: 40.346 | MSE: 0.00009235 | BPP: 0.0475 | QP: 63
2026-07-22 23:25:51,790 [INFO ]  [500/4586] | Loss: 0.102 | PSNR: 33.951 | MSE: 0.00040261 | BPP: 0.0365 | QP: 5
2026-07-22 23:26:48,832 [INFO ]  [1000/4586] | Loss: 0.104 | PSNR: 33.871 | MSE: 0.00041009 | BPP: 0.0371 | QP: 40
2026-07-22 23:27:45,473 [INFO ]  [1500/4586] | Loss: 0.103 | PSNR: 33.872 | MSE: 0.00041003 | BPP: 0.0369 | QP: 63
2026-07-22 23:28:41,040 [INFO ]  [2000/4586] | Loss: 0.103 | PSNR: 33.920 | MSE: 0.00040547 | BPP: 0.0368 | QP: 21
2026-07-22 23:29:37,794 [INFO ]  [2500/4586] | Loss: 0.103 | PSNR: 33.944 | MSE: 0.00040330 | BPP: 0.0368 | QP: 46
2026-07-22 23:30:38,894 [INFO ]  [3000/4586] | Loss: 0.103 | PSNR: 33.943 | MSE: 0.00040341 | BPP: 0.0368 | QP: 63
2026-07-22 23:31:35,218 [INFO ]  [3500/4586] | Loss: 0.102 | PSNR: 33.927 | MSE: 0.00040481 | BPP: 0.0367 | QP: 9
2026-07-22 23:32:31,488 [INFO ]  [4000/4586] | Loss: 0.102 | PSNR: 33.906 | MSE: 0.00040683 | BPP: 0.0365 | QP: 14
2026-07-22 23:33:30,465 [INFO ]  [4500/4586] | Loss: 0.102 | PSNR: 33.907 | MSE: 0.00040671 | BPP: 0.0365 | QP: 63
2026-07-22 23:33:40,068 [INFO ]  Train epoch 88: Loss: 0.102 | PSNR: 33.879 | MSE: 0.00040932 | BPP: 0.0364
2026-07-22 23:34:31,847 [INFO ]  Val epoch 88: Loss: 0.189 | PSNR: 37.699 | MSE: 0.00016984 | BPP: 0.0582
2026-07-22 23:34:32,680 [INFO ]  Checkpoint epoch 88: best model saved: no | current loss: 0.188641 | best loss: 0.188207
2026-07-22 23:34:32,680 [INFO ]  Global step updated to: 408154
2026-07-22 23:34:32,680 [INFO ]  ====== Current epoch 89 ======
2026-07-22 23:34:32,680 [INFO ]  Learning rate: 4e-05
2026-07-22 23:34:33,186 [INFO ]  [0/4586] | Loss: 0.196 | PSNR: 37.588 | MSE: 0.00017428 | BPP: 0.0620 | QP: 63
2026-07-22 23:35:31,775 [INFO ]  [500/4586] | Loss: 0.099 | PSNR: 33.727 | MSE: 0.00042393 | BPP: 0.0360 | QP: 46
2026-07-22 23:36:29,182 [INFO ]  [1000/4586] | Loss: 0.099 | PSNR: 33.783 | MSE: 0.00041851 | BPP: 0.0361 | QP: 19
2026-07-22 23:37:25,519 [INFO ]  [1500/4586] | Loss: 0.102 | PSNR: 33.826 | MSE: 0.00041436 | BPP: 0.0367 | QP: 63
2026-07-22 23:38:26,899 [INFO ]  [2000/4586] | Loss: 0.104 | PSNR: 33.880 | MSE: 0.00040930 | BPP: 0.0370 | QP: 33
2026-07-22 23:39:26,524 [INFO ]  [2500/4586] | Loss: 0.104 | PSNR: 33.917 | MSE: 0.00040583 | BPP: 0.0369 | QP: 42
2026-07-22 23:40:24,412 [INFO ]  [3000/4586] | Loss: 0.103 | PSNR: 33.917 | MSE: 0.00040581 | BPP: 0.0370 | QP: 63
2026-07-22 23:41:22,910 [INFO ]  [3500/4586] | Loss: 0.102 | PSNR: 33.909 | MSE: 0.00040653 | BPP: 0.0367 | QP: 47
2026-07-22 23:42:21,466 [INFO ]  [4000/4586] | Loss: 0.102 | PSNR: 33.902 | MSE: 0.00040724 | BPP: 0.0367 | QP: 8
2026-07-22 23:43:19,846 [INFO ]  [4500/4586] | Loss: 0.103 | PSNR: 33.880 | MSE: 0.00040923 | BPP: 0.0367 | QP: 63
2026-07-22 23:43:29,511 [INFO ]  Train epoch 89: Loss: 0.103 | PSNR: 33.884 | MSE: 0.00040884 | BPP: 0.0367
2026-07-22 23:44:24,067 [INFO ]  Val epoch 89: Loss: 0.187 | PSNR: 37.746 | MSE: 0.00016803 | BPP: 0.0583
2026-07-22 23:44:25,308 [INFO ]  Checkpoint epoch 89: best model saved: yes | current loss: 0.187349 | best loss: 0.187349
2026-07-22 23:44:25,308 [INFO ]  Global step updated to: 412740
2026-07-22 23:44:25,308 [INFO ]  ====== Current epoch 90 ======
2026-07-22 23:44:25,308 [INFO ]  Learning rate: 4e-05
2026-07-22 23:44:25,736 [INFO ]  [0/4586] | Loss: 0.096 | PSNR: 41.451 | MSE: 0.00007161 | BPP: 0.0413 | QP: 63
2026-07-22 23:45:23,327 [INFO ]  [500/4586] | Loss: 0.102 | PSNR: 34.121 | MSE: 0.00038716 | BPP: 0.0367 | QP: 5
2026-07-22 23:46:20,631 [INFO ]  [1000/4586] | Loss: 0.104 | PSNR: 33.979 | MSE: 0.00040000 | BPP: 0.0369 | QP: 3
2026-07-22 23:47:22,256 [INFO ]  [1500/4586] | Loss: 0.106 | PSNR: 33.981 | MSE: 0.00039988 | BPP: 0.0373 | QP: 63
2026-07-22 23:48:21,395 [INFO ]  [2000/4586] | Loss: 0.104 | PSNR: 33.968 | MSE: 0.00040105 | BPP: 0.0370 | QP: 2
2026-07-22 23:49:19,374 [INFO ]  [2500/4586] | Loss: 0.104 | PSNR: 33.935 | MSE: 0.00040414 | BPP: 0.0367 | QP: 52
2026-07-22 23:50:18,000 [INFO ]  [3000/4586] | Loss: 0.104 | PSNR: 33.928 | MSE: 0.00040480 | BPP: 0.0367 | QP: 63
2026-07-22 23:51:17,015 [INFO ]  [3500/4586] | Loss: 0.103 | PSNR: 33.922 | MSE: 0.00040529 | BPP: 0.0367 | QP: 43
2026-07-22 23:52:17,354 [INFO ]  [4000/4586] | Loss: 0.104 | PSNR: 33.925 | MSE: 0.00040502 | BPP: 0.0368 | QP: 56
2026-07-22 23:53:15,548 [INFO ]  [4500/4586] | Loss: 0.104 | PSNR: 33.935 | MSE: 0.00040413 | BPP: 0.0368 | QP: 63
2026-07-22 23:53:25,634 [INFO ]  Train epoch 90: Loss: 0.103 | PSNR: 33.914 | MSE: 0.00040607 | BPP: 0.0367
2026-07-22 23:54:20,235 [INFO ]  Val epoch 90: Loss: 0.189 | PSNR: 37.696 | MSE: 0.00016997 | BPP: 0.0583
2026-07-22 23:54:20,960 [INFO ]  Checkpoint epoch 90: best model saved: no | current loss: 0.188830 | best loss: 0.187349
2026-07-22 23:54:20,961 [INFO ]  Global step updated to: 417326
2026-07-22 23:54:20,961 [INFO ]  ====== Current epoch 91 ======
2026-07-22 23:54:20,961 [INFO ]  Learning rate: 4e-05
2026-07-22 23:54:21,375 [INFO ]  [0/4586] | Loss: 0.177 | PSNR: 38.131 | MSE: 0.00015377 | BPP: 0.0589 | QP: 63
2026-07-22 23:55:18,381 [INFO ]  [500/4586] | Loss: 0.104 | PSNR: 34.130 | MSE: 0.00038634 | BPP: 0.0366 | QP: 1
2026-07-22 23:56:22,060 [INFO ]  [1000/4586] | Loss: 0.104 | PSNR: 34.033 | MSE: 0.00039507 | BPP: 0.0367 | QP: 23
2026-07-22 23:57:29,176 [INFO ]  [1500/4586] | Loss: 0.104 | PSNR: 34.001 | MSE: 0.00039802 | BPP: 0.0368 | QP: 63
2026-07-22 23:58:33,900 [INFO ]  [2000/4586] | Loss: 0.103 | PSNR: 34.049 | MSE: 0.00039367 | BPP: 0.0368 | QP: 22
2026-07-22 23:59:36,966 [INFO ]  [2500/4586] | Loss: 0.103 | PSNR: 33.987 | MSE: 0.00039930 | BPP: 0.0368 | QP: 51
2026-07-23 00:00:42,756 [INFO ]  [3000/4586] | Loss: 0.103 | PSNR: 33.954 | MSE: 0.00040239 | BPP: 0.0366 | QP: 63
2026-07-23 00:01:48,776 [INFO ]  [3500/4586] | Loss: 0.103 | PSNR: 33.954 | MSE: 0.00040230 | BPP: 0.0366 | QP: 53
2026-07-23 00:02:53,359 [INFO ]  [4000/4586] | Loss: 0.102 | PSNR: 33.918 | MSE: 0.00040570 | BPP: 0.0365 | QP: 14
2026-07-23 00:03:59,277 [INFO ]  [4500/4586] | Loss: 0.103 | PSNR: 33.918 | MSE: 0.00040566 | BPP: 0.0366 | QP: 63
2026-07-23 00:04:10,061 [INFO ]  Train epoch 91: Loss: 0.103 | PSNR: 33.955 | MSE: 0.00040226 | BPP: 0.0366
2026-07-23 00:05:10,529 [INFO ]  Val epoch 91: Loss: 0.190 | PSNR: 37.666 | MSE: 0.00017117 | BPP: 0.0584
2026-07-23 00:05:11,400 [INFO ]  Checkpoint epoch 91: best model saved: no | current loss: 0.189906 | best loss: 0.187349
2026-07-23 00:05:11,400 [INFO ]  Global step updated to: 421912
2026-07-23 00:05:11,400 [INFO ]  ====== Current epoch 92 ======
2026-07-23 00:05:11,401 [INFO ]  Learning rate: 4e-05
2026-07-23 00:05:11,978 [INFO ]  [0/4586] | Loss: 0.171 | PSNR: 38.336 | MSE: 0.00014670 | BPP: 0.0584 | QP: 63
2026-07-23 00:06:16,731 [INFO ]  [500/4586] | Loss: 0.099 | PSNR: 33.853 | MSE: 0.00041178 | BPP: 0.0357 | QP: 9
2026-07-23 00:07:20,090 [INFO ]  [1000/4586] | Loss: 0.102 | PSNR: 33.891 | MSE: 0.00040822 | BPP: 0.0364 | QP: 0
2026-07-23 00:08:24,117 [INFO ]  [1500/4586] | Loss: 0.102 | PSNR: 33.934 | MSE: 0.00040421 | BPP: 0.0364 | QP: 63
2026-07-23 00:09:29,240 [INFO ]  [2000/4586] | Loss: 0.101 | PSNR: 33.943 | MSE: 0.00040339 | BPP: 0.0363 | QP: 15
2026-07-23 00:10:43,598 [INFO ]  [2500/4586] | Loss: 0.102 | PSNR: 33.950 | MSE: 0.00040272 | BPP: 0.0365 | QP: 63
2026-07-23 00:11:54,751 [INFO ]  [3000/4586] | Loss: 0.102 | PSNR: 33.893 | MSE: 0.00040802 | BPP: 0.0364 | QP: 63
2026-07-23 00:13:01,378 [INFO ]  [3500/4586] | Loss: 0.102 | PSNR: 33.892 | MSE: 0.00040812 | BPP: 0.0364 | QP: 63
2026-07-23 00:14:08,024 [INFO ]  [4000/4586] | Loss: 0.102 | PSNR: 33.905 | MSE: 0.00040691 | BPP: 0.0366 | QP: 37
2026-07-23 00:15:16,774 [INFO ]  [4500/4586] | Loss: 0.102 | PSNR: 33.913 | MSE: 0.00040616 | BPP: 0.0365 | QP: 63
2026-07-23 00:15:28,077 [INFO ]  Train epoch 92: Loss: 0.102 | PSNR: 33.934 | MSE: 0.00040421 | BPP: 0.0366
2026-07-23 00:16:27,119 [INFO ]  Val epoch 92: Loss: 0.188 | PSNR: 37.732 | MSE: 0.00016858 | BPP: 0.0583
2026-07-23 00:16:27,825 [INFO ]  Checkpoint epoch 92: best model saved: no | current loss: 0.187746 | best loss: 0.187349
2026-07-23 00:16:27,825 [INFO ]  Global step updated to: 426498
2026-07-23 00:16:27,825 [INFO ]  ====== Current epoch 93 ======
2026-07-23 00:16:27,825 [INFO ]  Learning rate: 4e-05
2026-07-23 00:16:28,303 [INFO ]  [0/4586] | Loss: 0.306 | PSNR: 35.369 | MSE: 0.00029048 | BPP: 0.0827 | QP: 63
2026-07-23 00:17:33,267 [INFO ]  [500/4586] | Loss: 0.100 | PSNR: 33.889 | MSE: 0.00040842 | BPP: 0.0359 | QP: 44
2026-07-23 00:18:38,405 [INFO ]  [1000/4586] | Loss: 0.103 | PSNR: 34.036 | MSE: 0.00039486 | BPP: 0.0368 | QP: 19
2026-07-23 00:19:41,439 [INFO ]  [1500/4586] | Loss: 0.104 | PSNR: 34.056 | MSE: 0.00039296 | BPP: 0.0370 | QP: 63
2026-07-23 00:20:46,557 [INFO ]  [2000/4586] | Loss: 0.103 | PSNR: 33.993 | MSE: 0.00039875 | BPP: 0.0367 | QP: 42
2026-07-23 00:21:54,679 [INFO ]  [2500/4586] | Loss: 0.103 | PSNR: 34.011 | MSE: 0.00039706 | BPP: 0.0368 | QP: 9
2026-07-23 00:23:01,630 [INFO ]  [3000/4586] | Loss: 0.103 | PSNR: 33.942 | MSE: 0.00040350 | BPP: 0.0366 | QP: 63
2026-07-23 00:24:09,985 [INFO ]  [3500/4586] | Loss: 0.103 | PSNR: 33.930 | MSE: 0.00040453 | BPP: 0.0366 | QP: 37
2026-07-23 00:25:19,936 [INFO ]  [4000/4586] | Loss: 0.103 | PSNR: 33.907 | MSE: 0.00040670 | BPP: 0.0366 | QP: 56
2026-07-23 00:26:29,277 [INFO ]  [4500/4586] | Loss: 0.102 | PSNR: 33.890 | MSE: 0.00040832 | BPP: 0.0365 | QP: 63
2026-07-23 00:26:40,117 [INFO ]  Train epoch 93: Loss: 0.102 | PSNR: 33.905 | MSE: 0.00040696 | BPP: 0.0364
2026-07-23 00:27:38,940 [INFO ]  Val epoch 93: Loss: 0.189 | PSNR: 37.667 | MSE: 0.00017112 | BPP: 0.0579
2026-07-23 00:27:39,626 [INFO ]  Checkpoint epoch 93: best model saved: no | current loss: 0.189314 | best loss: 0.187349
2026-07-23 00:27:39,626 [INFO ]  Global step updated to: 431084
2026-07-23 00:27:39,627 [INFO ]  ====== Current epoch 94 ======
2026-07-23 00:27:39,627 [INFO ]  Learning rate: 4e-05
2026-07-23 00:27:40,079 [INFO ]  [0/4586] | Loss: 0.192 | PSNR: 37.972 | MSE: 0.00015950 | BPP: 0.0699 | QP: 63
2026-07-23 00:28:48,218 [INFO ]  [500/4586] | Loss: 0.102 | PSNR: 34.148 | MSE: 0.00038475 | BPP: 0.0369 | QP: 55
2026-07-23 00:29:55,492 [INFO ]  [1000/4586] | Loss: 0.101 | PSNR: 34.063 | MSE: 0.00039240 | BPP: 0.0364 | QP: 29
2026-07-23 00:31:03,248 [INFO ]  [1500/4586] | Loss: 0.101 | PSNR: 33.994 | MSE: 0.00039862 | BPP: 0.0364 | QP: 63
2026-07-23 00:32:11,062 [INFO ]  [2000/4586] | Loss: 0.101 | PSNR: 33.946 | MSE: 0.00040305 | BPP: 0.0364 | QP: 30
2026-07-23 00:33:19,334 [INFO ]  [2500/4586] | Loss: 0.101 | PSNR: 33.986 | MSE: 0.00039935 | BPP: 0.0367 | QP: 30
2026-07-23 00:34:27,686 [INFO ]  [3000/4586] | Loss: 0.102 | PSNR: 33.987 | MSE: 0.00039929 | BPP: 0.0368 | QP: 63
2026-07-23 00:35:34,957 [INFO ]  [3500/4586] | Loss: 0.102 | PSNR: 33.945 | MSE: 0.00040317 | BPP: 0.0366 | QP: 57
2026-07-23 00:36:42,801 [INFO ]  [4000/4586] | Loss: 0.102 | PSNR: 33.957 | MSE: 0.00040203 | BPP: 0.0366 | QP: 39
2026-07-23 00:37:49,585 [INFO ]  [4500/4586] | Loss: 0.102 | PSNR: 33.936 | MSE: 0.00040401 | BPP: 0.0366 | QP: 63
2026-07-23 00:38:01,257 [INFO ]  Train epoch 94: Loss: 0.102 | PSNR: 33.913 | MSE: 0.00040616 | BPP: 0.0366
2026-07-23 00:39:03,378 [INFO ]  Val epoch 94: Loss: 0.191 | PSNR: 37.649 | MSE: 0.00017185 | BPP: 0.0585
2026-07-23 00:39:04,126 [INFO ]  Checkpoint epoch 94: best model saved: no | current loss: 0.190503 | best loss: 0.187349
2026-07-23 00:39:04,127 [INFO ]  Global step updated to: 435670
2026-07-23 00:39:04,127 [INFO ]  ====== Current epoch 95 ======
2026-07-23 00:39:04,127 [INFO ]  Learning rate: 4e-05
2026-07-23 00:39:04,654 [INFO ]  [0/4586] | Loss: 0.212 | PSNR: 37.068 | MSE: 0.00019645 | BPP: 0.0616 | QP: 63
2026-07-23 00:40:14,283 [INFO ]  [500/4586] | Loss: 0.100 | PSNR: 33.834 | MSE: 0.00041362 | BPP: 0.0357 | QP: 56
2026-07-23 00:41:23,367 [INFO ]  [1000/4586] | Loss: 0.099 | PSNR: 33.774 | MSE: 0.00041941 | BPP: 0.0354 | QP: 47
2026-07-23 00:42:31,662 [INFO ]  [1500/4586] | Loss: 0.100 | PSNR: 33.798 | MSE: 0.00041706 | BPP: 0.0357 | QP: 63
2026-07-23 00:43:38,485 [INFO ]  [2000/4586] | Loss: 0.102 | PSNR: 33.743 | MSE: 0.00042233 | BPP: 0.0361 | QP: 20
2026-07-23 00:44:45,937 [INFO ]  [2500/4586] | Loss: 0.102 | PSNR: 33.784 | MSE: 0.00041838 | BPP: 0.0362 | QP: 42
2026-07-23 00:45:51,410 [INFO ]  [3000/4586] | Loss: 0.102 | PSNR: 33.815 | MSE: 0.00041544 | BPP: 0.0363 | QP: 63
2026-07-23 00:46:58,584 [INFO ]  [3500/4586] | Loss: 0.103 | PSNR: 33.829 | MSE: 0.00041406 | BPP: 0.0364 | QP: 46
2026-07-23 00:48:06,182 [INFO ]  [4000/4586] | Loss: 0.103 | PSNR: 33.850 | MSE: 0.00041207 | BPP: 0.0365 | QP: 11
2026-07-23 00:49:14,041 [INFO ]  [4500/4586] | Loss: 0.102 | PSNR: 33.854 | MSE: 0.00041176 | BPP: 0.0365 | QP: 63
2026-07-23 00:49:25,202 [INFO ]  Train epoch 95: Loss: 0.102 | PSNR: 33.891 | MSE: 0.00040821 | BPP: 0.0364
2026-07-23 00:50:25,743 [INFO ]  Val epoch 95: Loss: 0.189 | PSNR: 37.680 | MSE: 0.00017062 | BPP: 0.0582
2026-07-23 00:50:26,545 [INFO ]  Checkpoint epoch 95: best model saved: no | current loss: 0.189227 | best loss: 0.187349
2026-07-23 00:50:26,545 [INFO ]  Global step updated to: 440256
2026-07-23 00:50:26,545 [INFO ]  ====== Current epoch 96 ======
2026-07-23 00:50:26,545 [INFO ]  Learning rate: 4e-05
2026-07-23 00:50:27,009 [INFO ]  [0/4586] | Loss: 0.191 | PSNR: 37.601 | MSE: 0.00017373 | BPP: 0.0572 | QP: 63
2026-07-23 00:51:33,295 [INFO ]  [500/4586] | Loss: 0.101 | PSNR: 33.773 | MSE: 0.00041951 | BPP: 0.0359 | QP: 1
2026-07-23 00:52:38,956 [INFO ]  [1000/4586] | Loss: 0.100 | PSNR: 33.842 | MSE: 0.00041290 | BPP: 0.0360 | QP: 62
2026-07-23 00:53:46,393 [INFO ]  [1500/4586] | Loss: 0.102 | PSNR: 33.942 | MSE: 0.00040344 | BPP: 0.0364 | QP: 63
2026-07-23 00:54:54,293 [INFO ]  [2000/4586] | Loss: 0.101 | PSNR: 33.908 | MSE: 0.00040661 | BPP: 0.0362 | QP: 1
2026-07-23 00:56:03,390 [INFO ]  [2500/4586] | Loss: 0.100 | PSNR: 33.885 | MSE: 0.00040877 | BPP: 0.0361 | QP: 18
2026-07-23 00:57:10,767 [INFO ]  [3000/4586] | Loss: 0.100 | PSNR: 33.882 | MSE: 0.00040907 | BPP: 0.0362 | QP: 63
2026-07-23 00:58:16,344 [INFO ]  [3500/4586] | Loss: 0.101 | PSNR: 33.836 | MSE: 0.00041339 | BPP: 0.0362 | QP: 39
2026-07-23 00:59:21,589 [INFO ]  [4000/4586] | Loss: 0.101 | PSNR: 33.870 | MSE: 0.00041024 | BPP: 0.0363 | QP: 53
2026-07-23 01:00:27,766 [INFO ]  [4500/4586] | Loss: 0.101 | PSNR: 33.886 | MSE: 0.00040872 | BPP: 0.0363 | QP: 63
2026-07-23 01:00:38,964 [INFO ]  Train epoch 96: Loss: 0.101 | PSNR: 33.896 | MSE: 0.00040777 | BPP: 0.0363
2026-07-23 01:01:38,543 [INFO ]  Val epoch 96: Loss: 0.189 | PSNR: 37.683 | MSE: 0.00017049 | BPP: 0.0580
2026-07-23 01:01:39,474 [INFO ]  Checkpoint epoch 96: best model saved: no | current loss: 0.188928 | best loss: 0.187349
2026-07-23 01:01:39,475 [INFO ]  Global step updated to: 444842
2026-07-23 01:01:39,475 [INFO ]  ====== Current epoch 97 ======
2026-07-23 01:01:39,475 [INFO ]  Learning rate: 4e-05
2026-07-23 01:01:40,060 [INFO ]  [0/4586] | Loss: 0.214 | PSNR: 37.129 | MSE: 0.00019367 | BPP: 0.0653 | QP: 63
2026-07-23 01:02:49,238 [INFO ]  [500/4586] | Loss: 0.101 | PSNR: 34.182 | MSE: 0.00038181 | BPP: 0.0371 | QP: 55
2026-07-23 01:03:55,093 [INFO ]  [1000/4586] | Loss: 0.101 | PSNR: 34.137 | MSE: 0.00038576 | BPP: 0.0370 | QP: 53
2026-07-23 01:05:01,073 [INFO ]  [1500/4586] | Loss: 0.102 | PSNR: 34.185 | MSE: 0.00038153 | BPP: 0.0371 | QP: 63
2026-07-23 01:06:00,514 [INFO ]  [2000/4586] | Loss: 0.102 | PSNR: 34.068 | MSE: 0.00039194 | BPP: 0.0367 | QP: 5
2026-07-23 01:07:04,577 [INFO ]  [2500/4586] | Loss: 0.101 | PSNR: 34.036 | MSE: 0.00039482 | BPP: 0.0366 | QP: 23
2026-07-23 01:08:05,999 [INFO ]  [3000/4586] | Loss: 0.102 | PSNR: 33.991 | MSE: 0.00039895 | BPP: 0.0366 | QP: 63
2026-07-23 01:09:09,099 [INFO ]  [3500/4586] | Loss: 0.101 | PSNR: 33.952 | MSE: 0.00040249 | BPP: 0.0364 | QP: 47
2026-07-23 01:10:11,860 [INFO ]  [4000/4586] | Loss: 0.101 | PSNR: 33.990 | MSE: 0.00039906 | BPP: 0.0365 | QP: 53
2026-07-23 01:11:11,657 [INFO ]  [4500/4586] | Loss: 0.101 | PSNR: 33.957 | MSE: 0.00040203 | BPP: 0.0365 | QP: 63
2026-07-23 01:11:21,468 [INFO ]  Train epoch 97: Loss: 0.102 | PSNR: 33.959 | MSE: 0.00040192 | BPP: 0.0366
2026-07-23 01:12:17,039 [INFO ]  Val epoch 97: Loss: 0.189 | PSNR: 37.672 | MSE: 0.00017093 | BPP: 0.0581
2026-07-23 01:12:17,881 [INFO ]  Checkpoint epoch 97: best model saved: no | current loss: 0.189335 | best loss: 0.187349
2026-07-23 01:12:17,882 [INFO ]  Global step updated to: 449428
2026-07-23 01:12:17,882 [INFO ]  ====== Current epoch 98 ======
2026-07-23 01:12:17,882 [INFO ]  Learning rate: 4e-05
2026-07-23 01:12:18,383 [INFO ]  [0/4586] | Loss: 0.077 | PSNR: 43.140 | MSE: 0.00004853 | BPP: 0.0399 | QP: 63
2026-07-23 01:13:21,979 [INFO ]  [500/4586] | Loss: 0.106 | PSNR: 33.938 | MSE: 0.00040382 | BPP: 0.0383 | QP: 63
2026-07-23 01:14:28,026 [INFO ]  [1000/4586] | Loss: 0.103 | PSNR: 33.980 | MSE: 0.00039996 | BPP: 0.0372 | QP: 56
2026-07-23 01:15:33,952 [INFO ]  [1500/4586] | Loss: 0.103 | PSNR: 33.986 | MSE: 0.00039944 | BPP: 0.0370 | QP: 63
2026-07-23 01:16:38,908 [INFO ]  [2000/4586] | Loss: 0.102 | PSNR: 33.879 | MSE: 0.00040931 | BPP: 0.0368 | QP: 48
2026-07-23 01:17:43,046 [INFO ]  [2500/4586] | Loss: 0.102 | PSNR: 33.875 | MSE: 0.00040973 | BPP: 0.0366 | QP: 60
2026-07-23 01:18:49,511 [INFO ]  [3000/4586] | Loss: 0.101 | PSNR: 33.892 | MSE: 0.00040815 | BPP: 0.0364 | QP: 63
2026-07-23 01:19:53,158 [INFO ]  [3500/4586] | Loss: 0.101 | PSNR: 33.904 | MSE: 0.00040700 | BPP: 0.0363 | QP: 32
2026-07-23 01:20:57,220 [INFO ]  [4000/4586] | Loss: 0.101 | PSNR: 33.915 | MSE: 0.00040601 | BPP: 0.0363 | QP: 8
2026-07-23 01:21:59,610 [INFO ]  [4500/4586] | Loss: 0.101 | PSNR: 33.904 | MSE: 0.00040698 | BPP: 0.0363 | QP: 63
2026-07-23 01:22:09,742 [INFO ]  Train epoch 98: Loss: 0.102 | PSNR: 33.909 | MSE: 0.00040658 | BPP: 0.0366
2026-07-23 01:23:06,373 [INFO ]  Val epoch 98: Loss: 0.195 | PSNR: 37.510 | MSE: 0.00017741 | BPP: 0.0584
2026-07-23 01:23:07,226 [INFO ]  Checkpoint epoch 98: best model saved: no | current loss: 0.194642 | best loss: 0.187349
2026-07-23 01:23:07,227 [INFO ]  Global step updated to: 454014
2026-07-23 01:23:07,227 [INFO ]  ====== Current epoch 99 ======
2026-07-23 01:23:07,227 [INFO ]  Learning rate: 4e-05
2026-07-23 01:23:07,757 [INFO ]  [0/4586] | Loss: 0.142 | PSNR: 39.238 | MSE: 0.00011919 | BPP: 0.0507 | QP: 63
2026-07-23 01:24:08,989 [INFO ]  [500/4586] | Loss: 0.103 | PSNR: 33.819 | MSE: 0.00041507 | BPP: 0.0369 | QP: 12
2026-07-23 01:25:10,621 [INFO ]  [1000/4586] | Loss: 0.101 | PSNR: 33.851 | MSE: 0.00041197 | BPP: 0.0365 | QP: 1
2026-07-23 01:26:11,523 [INFO ]  [1500/4586] | Loss: 0.101 | PSNR: 33.857 | MSE: 0.00041139 | BPP: 0.0363 | QP: 63
2026-07-23 01:27:10,856 [INFO ]  [2000/4586] | Loss: 0.101 | PSNR: 33.949 | MSE: 0.00040285 | BPP: 0.0364 | QP: 39
2026-07-23 01:28:07,788 [INFO ]  [2500/4586] | Loss: 0.102 | PSNR: 33.959 | MSE: 0.00040186 | BPP: 0.0365 | QP: 52
2026-07-23 01:29:05,627 [INFO ]  [3000/4586] | Loss: 0.102 | PSNR: 33.930 | MSE: 0.00040456 | BPP: 0.0365 | QP: 63
2026-07-23 01:30:02,186 [INFO ]  [3500/4586] | Loss: 0.102 | PSNR: 33.942 | MSE: 0.00040343 | BPP: 0.0365 | QP: 1
2026-07-23 01:30:59,876 [INFO ]  [4000/4586] | Loss: 0.102 | PSNR: 33.913 | MSE: 0.00040620 | BPP: 0.0365 | QP: 38
2026-07-23 01:31:55,723 [INFO ]  [4500/4586] | Loss: 0.102 | PSNR: 33.881 | MSE: 0.00040918 | BPP: 0.0365 | QP: 63
2026-07-23 01:32:05,496 [INFO ]  Train epoch 99: Loss: 0.102 | PSNR: 33.920 | MSE: 0.00040546 | BPP: 0.0365
2026-07-23 01:32:59,130 [INFO ]  Val epoch 99: Loss: 0.188 | PSNR: 37.730 | MSE: 0.00016865 | BPP: 0.0583
2026-07-23 01:32:59,923 [INFO ]  Checkpoint epoch 99: best model saved: no | current loss: 0.187844 | best loss: 0.187349
2026-07-23 01:32:59,923 [INFO ]  Global step updated to: 458600
2026-07-23 01:32:59,923 [INFO ]  ====== Current epoch 100 ======
2026-07-23 01:32:59,923 [INFO ]  Learning rate: 1e-05
2026-07-23 01:33:00,410 [INFO ]  [0/4586] | Loss: 0.164 | PSNR: 38.506 | MSE: 0.00014107 | BPP: 0.0558 | QP: 63
2026-07-23 01:33:59,231 [INFO ]  [500/4586] | Loss: 0.100 | PSNR: 33.987 | MSE: 0.00039926 | BPP: 0.0362 | QP: 11
2026-07-23 01:34:57,495 [INFO ]  [1000/4586] | Loss: 0.097 | PSNR: 33.927 | MSE: 0.00040484 | BPP: 0.0355 | QP: 62
2026-07-23 01:35:53,733 [INFO ]  [1500/4586] | Loss: 0.097 | PSNR: 33.952 | MSE: 0.00040251 | BPP: 0.0357 | QP: 63
2026-07-23 01:36:52,269 [INFO ]  [2000/4586] | Loss: 0.098 | PSNR: 34.000 | MSE: 0.00039806 | BPP: 0.0359 | QP: 56
2026-07-23 01:37:48,269 [INFO ]  [2500/4586] | Loss: 0.098 | PSNR: 34.000 | MSE: 0.00039811 | BPP: 0.0359 | QP: 55
2026-07-23 01:38:46,254 [INFO ]  [3000/4586] | Loss: 0.098 | PSNR: 33.989 | MSE: 0.00039910 | BPP: 0.0360 | QP: 63
2026-07-23 01:39:42,200 [INFO ]  [3500/4586] | Loss: 0.099 | PSNR: 33.998 | MSE: 0.00039830 | BPP: 0.0362 | QP: 30
2026-07-23 01:40:38,885 [INFO ]  [4000/4586] | Loss: 0.099 | PSNR: 33.975 | MSE: 0.00040036 | BPP: 0.0362 | QP: 53
2026-07-23 01:41:36,347 [INFO ]  [4500/4586] | Loss: 0.099 | PSNR: 33.995 | MSE: 0.00039854 | BPP: 0.0363 | QP: 63
2026-07-23 01:41:46,225 [INFO ]  Train epoch 100: Loss: 0.099 | PSNR: 34.020 | MSE: 0.00039630 | BPP: 0.0363
2026-07-23 01:42:38,214 [INFO ]  Val epoch 100: Loss: 0.182 | PSNR: 37.917 | MSE: 0.00016155 | BPP: 0.0582
2026-07-23 01:42:39,398 [INFO ]  Checkpoint epoch 100: best model saved: yes | current loss: 0.182253 | best loss: 0.182253
2026-07-23 01:42:39,399 [INFO ]  Global step updated to: 463186
2026-07-23 01:42:39,399 [INFO ]  ====== Current epoch 101 ======
2026-07-23 01:42:39,399 [INFO ]  Learning rate: 1e-05
2026-07-23 01:42:39,893 [INFO ]  [0/4586] | Loss: 0.211 | PSNR: 37.439 | MSE: 0.00018036 | BPP: 0.0728 | QP: 63
2026-07-23 01:43:37,451 [INFO ]  [500/4586] | Loss: 0.097 | PSNR: 34.072 | MSE: 0.00039155 | BPP: 0.0359 | QP: 46
2026-07-23 01:44:37,865 [INFO ]  [1000/4586] | Loss: 0.099 | PSNR: 34.166 | MSE: 0.00038316 | BPP: 0.0365 | QP: 30
2026-07-23 01:45:46,351 [INFO ]  [1500/4586] | Loss: 0.097 | PSNR: 34.043 | MSE: 0.00039419 | BPP: 0.0360 | QP: 63
2026-07-23 01:46:47,185 [INFO ]  [2000/4586] | Loss: 0.097 | PSNR: 34.023 | MSE: 0.00039604 | BPP: 0.0360 | QP: 27
2026-07-23 01:47:47,489 [INFO ]  [2500/4586] | Loss: 0.097 | PSNR: 34.062 | MSE: 0.00039251 | BPP: 0.0361 | QP: 54
2026-07-23 01:48:46,513 [INFO ]  [3000/4586] | Loss: 0.097 | PSNR: 34.043 | MSE: 0.00039423 | BPP: 0.0360 | QP: 63
2026-07-23 01:49:45,701 [INFO ]  [3500/4586] | Loss: 0.097 | PSNR: 34.001 | MSE: 0.00039801 | BPP: 0.0359 | QP: 26
2026-07-23 01:50:44,658 [INFO ]  [4000/4586] | Loss: 0.097 | PSNR: 34.012 | MSE: 0.00039701 | BPP: 0.0358 | QP: 40
2026-07-23 01:51:43,654 [INFO ]  [4500/4586] | Loss: 0.097 | PSNR: 33.998 | MSE: 0.00039833 | BPP: 0.0358 | QP: 63
2026-07-23 01:51:53,123 [INFO ]  Train epoch 101: Loss: 0.098 | PSNR: 34.014 | MSE: 0.00039683 | BPP: 0.0360
2026-07-23 01:52:48,287 [INFO ]  Val epoch 101: Loss: 0.182 | PSNR: 37.918 | MSE: 0.00016149 | BPP: 0.0583
2026-07-23 01:52:49,274 [INFO ]  Checkpoint epoch 101: best model saved: no | current loss: 0.182306 | best loss: 0.182253
2026-07-23 01:52:49,274 [INFO ]  Global step updated to: 467772
2026-07-23 01:52:49,274 [INFO ]  ====== Current epoch 102 ======
2026-07-23 01:52:49,274 [INFO ]  Learning rate: 1e-05
2026-07-23 01:52:49,763 [INFO ]  [0/4586] | Loss: 0.130 | PSNR: 39.970 | MSE: 0.00010069 | BPP: 0.0529 | QP: 63
2026-07-23 01:53:48,070 [INFO ]  [500/4586] | Loss: 0.098 | PSNR: 33.946 | MSE: 0.00040308 | BPP: 0.0360 | QP: 52
2026-07-23 01:54:49,051 [INFO ]  [1000/4586] | Loss: 0.098 | PSNR: 33.839 | MSE: 0.00041316 | BPP: 0.0361 | QP: 13
2026-07-23 01:55:49,495 [INFO ]  [1500/4586] | Loss: 0.097 | PSNR: 33.723 | MSE: 0.00042428 | BPP: 0.0356 | QP: 63
2026-07-23 01:56:50,434 [INFO ]  [2000/4586] | Loss: 0.096 | PSNR: 33.780 | MSE: 0.00041878 | BPP: 0.0354 | QP: 17
2026-07-23 01:57:54,014 [INFO ]  [2500/4586] | Loss: 0.096 | PSNR: 33.824 | MSE: 0.00041461 | BPP: 0.0355 | QP: 16
2026-07-23 01:58:54,584 [INFO ]  [3000/4586] | Loss: 0.097 | PSNR: 33.876 | MSE: 0.00040967 | BPP: 0.0356 | QP: 63
2026-07-23 01:59:58,668 [INFO ]  [3500/4586] | Loss: 0.097 | PSNR: 33.904 | MSE: 0.00040702 | BPP: 0.0357 | QP: 22
2026-07-23 02:01:05,900 [INFO ]  [4000/4586] | Loss: 0.097 | PSNR: 33.875 | MSE: 0.00040976 | BPP: 0.0357 | QP: 6
2026-07-23 02:02:14,035 [INFO ]  [4500/4586] | Loss: 0.097 | PSNR: 33.914 | MSE: 0.00040606 | BPP: 0.0357 | QP: 63
2026-07-23 02:02:25,360 [INFO ]  Train epoch 102: Loss: 0.097 | PSNR: 33.927 | MSE: 0.00040486 | BPP: 0.0358
2026-07-23 02:03:25,310 [INFO ]  Val epoch 102: Loss: 0.182 | PSNR: 37.932 | MSE: 0.00016098 | BPP: 0.0583
2026-07-23 02:03:26,563 [INFO ]  Checkpoint epoch 102: best model saved: yes | current loss: 0.181960 | best loss: 0.181960
2026-07-23 02:03:26,563 [INFO ]  Global step updated to: 472358
2026-07-23 02:03:26,563 [INFO ]  ====== Current epoch 103 ======
2026-07-23 02:03:26,563 [INFO ]  Learning rate: 1e-05
2026-07-23 02:03:27,120 [INFO ]  [0/4586] | Loss: 0.266 | PSNR: 35.698 | MSE: 0.00026925 | BPP: 0.0595 | QP: 63
2026-07-23 02:04:33,390 [INFO ]  [500/4586] | Loss: 0.101 | PSNR: 34.041 | MSE: 0.00039437 | BPP: 0.0369 | QP: 10
2026-07-23 02:05:40,169 [INFO ]  [1000/4586] | Loss: 0.101 | PSNR: 34.019 | MSE: 0.00039641 | BPP: 0.0369 | QP: 23
2026-07-23 02:06:49,617 [INFO ]  [1500/4586] | Loss: 0.100 | PSNR: 34.035 | MSE: 0.00039490 | BPP: 0.0369 | QP: 63
2026-07-23 02:07:59,364 [INFO ]  [2000/4586] | Loss: 0.100 | PSNR: 34.075 | MSE: 0.00039126 | BPP: 0.0368 | QP: 43
2026-07-23 02:09:07,303 [INFO ]  [2500/4586] | Loss: 0.099 | PSNR: 34.046 | MSE: 0.00039396 | BPP: 0.0365 | QP: 62
2026-07-23 02:10:15,621 [INFO ]  [3000/4586] | Loss: 0.100 | PSNR: 34.049 | MSE: 0.00039369 | BPP: 0.0367 | QP: 63
2026-07-23 02:11:21,778 [INFO ]  [3500/4586] | Loss: 0.100 | PSNR: 34.076 | MSE: 0.00039123 | BPP: 0.0368 | QP: 30
2026-07-23 02:12:29,105 [INFO ]  [4000/4586] | Loss: 0.100 | PSNR: 34.085 | MSE: 0.00039037 | BPP: 0.0368 | QP: 62
2026-07-23 02:13:35,216 [INFO ]  [4500/4586] | Loss: 0.100 | PSNR: 34.091 | MSE: 0.00038989 | BPP: 0.0368 | QP: 63
2026-07-23 02:13:45,707 [INFO ]  Train epoch 103: Loss: 0.100 | PSNR: 34.095 | MSE: 0.00038953 | BPP: 0.0367
2026-07-23 02:14:42,757 [INFO ]  Val epoch 103: Loss: 0.182 | PSNR: 37.939 | MSE: 0.00016073 | BPP: 0.0583
2026-07-23 02:14:44,056 [INFO ]  Checkpoint epoch 103: best model saved: yes | current loss: 0.181773 | best loss: 0.181773
2026-07-23 02:14:44,056 [INFO ]  Global step updated to: 476944
2026-07-23 02:14:44,056 [INFO ]  ====== Current epoch 104 ======
2026-07-23 02:14:44,056 [INFO ]  Learning rate: 1e-05
2026-07-23 02:14:44,595 [INFO ]  [0/4586] | Loss: 0.130 | PSNR: 39.963 | MSE: 0.00010086 | BPP: 0.0527 | QP: 63
2026-07-23 02:15:48,850 [INFO ]  [500/4586] | Loss: 0.095 | PSNR: 33.878 | MSE: 0.00040945 | BPP: 0.0352 | QP: 59
2026-07-23 02:16:56,667 [INFO ]  [1000/4586] | Loss: 0.098 | PSNR: 34.016 | MSE: 0.00039667 | BPP: 0.0362 | QP: 17
2026-07-23 02:18:04,020 [INFO ]  [1500/4586] | Loss: 0.100 | PSNR: 33.882 | MSE: 0.00040912 | BPP: 0.0366 | QP: 63
2026-07-23 02:19:10,641 [INFO ]  [2000/4586] | Loss: 0.101 | PSNR: 33.928 | MSE: 0.00040476 | BPP: 0.0367 | QP: 46
2026-07-23 02:20:14,977 [INFO ]  [2500/4586] | Loss: 0.101 | PSNR: 33.981 | MSE: 0.00039984 | BPP: 0.0368 | QP: 53
2026-07-23 02:21:21,601 [INFO ]  [3000/4586] | Loss: 0.102 | PSNR: 34.019 | MSE: 0.00039641 | BPP: 0.0370 | QP: 63
2026-07-23 02:22:28,639 [INFO ]  [3500/4586] | Loss: 0.102 | PSNR: 33.991 | MSE: 0.00039893 | BPP: 0.0370 | QP: 24
2026-07-23 02:23:35,751 [INFO ]  [4000/4586] | Loss: 0.101 | PSNR: 33.991 | MSE: 0.00039891 | BPP: 0.0368 | QP: 30
2026-07-23 02:24:43,207 [INFO ]  [4500/4586] | Loss: 0.100 | PSNR: 33.998 | MSE: 0.00039825 | BPP: 0.0367 | QP: 63
2026-07-23 02:24:53,894 [INFO ]  Train epoch 104: Loss: 0.099 | PSNR: 34.039 | MSE: 0.00039451 | BPP: 0.0366
2026-07-23 02:25:53,678 [INFO ]  Val epoch 104: Loss: 0.182 | PSNR: 37.940 | MSE: 0.00016069 | BPP: 0.0583
2026-07-23 02:25:54,859 [INFO ]  Checkpoint epoch 104: best model saved: yes | current loss: 0.181716 | best loss: 0.181716
2026-07-23 02:25:54,860 [INFO ]  Global step updated to: 481530
2026-07-23 02:25:54,860 [INFO ]  ====== Current epoch 105 ======
2026-07-23 02:25:54,860 [INFO ]  Learning rate: 1e-05
2026-07-23 02:25:55,341 [INFO ]  [0/4586] | Loss: 0.099 | PSNR: 41.303 | MSE: 0.00007408 | BPP: 0.0422 | QP: 63
2026-07-23 02:27:03,764 [INFO ]  [500/4586] | Loss: 0.093 | PSNR: 33.921 | MSE: 0.00040537 | BPP: 0.0349 | QP: 35
2026-07-23 02:28:13,024 [INFO ]  [1000/4586] | Loss: 0.094 | PSNR: 34.000 | MSE: 0.00039815 | BPP: 0.0352 | QP: 57
2026-07-23 02:29:22,439 [INFO ]  [1500/4586] | Loss: 0.096 | PSNR: 33.894 | MSE: 0.00040793 | BPP: 0.0354 | QP: 63
2026-07-23 02:30:32,899 [INFO ]  [2000/4586] | Loss: 0.097 | PSNR: 33.967 | MSE: 0.00040111 | BPP: 0.0359 | QP: 38
2026-07-23 02:31:43,136 [INFO ]  [2500/4586] | Loss: 0.096 | PSNR: 33.930 | MSE: 0.00040458 | BPP: 0.0356 | QP: 28
2026-07-23 02:32:50,726 [INFO ]  [3000/4586] | Loss: 0.096 | PSNR: 33.945 | MSE: 0.00040314 | BPP: 0.0357 | QP: 63
2026-07-23 02:34:00,589 [INFO ]  [3500/4586] | Loss: 0.097 | PSNR: 33.929 | MSE: 0.00040469 | BPP: 0.0358 | QP: 57
2026-07-23 02:35:09,039 [INFO ]  [4000/4586] | Loss: 0.097 | PSNR: 33.942 | MSE: 0.00040342 | BPP: 0.0360 | QP: 3
2026-07-23 02:36:18,920 [INFO ]  [4500/4586] | Loss: 0.097 | PSNR: 33.946 | MSE: 0.00040310 | BPP: 0.0360 | QP: 63
2026-07-23 02:36:30,005 [INFO ]  Train epoch 105: Loss: 0.098 | PSNR: 33.943 | MSE: 0.00040340 | BPP: 0.0359
2026-07-23 02:37:30,396 [INFO ]  Val epoch 105: Loss: 0.182 | PSNR: 37.949 | MSE: 0.00016036 | BPP: 0.0583
2026-07-23 02:37:31,622 [INFO ]  Checkpoint epoch 105: best model saved: yes | current loss: 0.181506 | best loss: 0.181506
2026-07-23 02:37:31,622 [INFO ]  Global step updated to: 486116
2026-07-23 02:37:31,622 [INFO ]  ====== Current epoch 106 ======
2026-07-23 02:37:31,622 [INFO ]  Learning rate: 1e-05
2026-07-23 02:37:32,101 [INFO ]  [0/4586] | Loss: 0.143 | PSNR: 39.329 | MSE: 0.00011671 | BPP: 0.0531 | QP: 63
2026-07-23 02:38:39,448 [INFO ]  [500/4586] | Loss: 0.092 | PSNR: 34.026 | MSE: 0.00039571 | BPP: 0.0350 | QP: 21
2026-07-23 02:39:45,984 [INFO ]  [1000/4586] | Loss: 0.096 | PSNR: 34.089 | MSE: 0.00039005 | BPP: 0.0357 | QP: 7
2026-07-23 02:40:50,318 [INFO ]  [1500/4586] | Loss: 0.096 | PSNR: 34.064 | MSE: 0.00039226 | BPP: 0.0356 | QP: 63
2026-07-23 02:42:00,085 [INFO ]  [2000/4586] | Loss: 0.097 | PSNR: 34.119 | MSE: 0.00038732 | BPP: 0.0359 | QP: 27
2026-07-23 02:43:07,910 [INFO ]  [2500/4586] | Loss: 0.097 | PSNR: 34.125 | MSE: 0.00038682 | BPP: 0.0360 | QP: 6
2026-07-23 02:44:14,146 [INFO ]  [3000/4586] | Loss: 0.097 | PSNR: 34.115 | MSE: 0.00038769 | BPP: 0.0361 | QP: 63
2026-07-23 02:45:21,735 [INFO ]  [3500/4586] | Loss: 0.097 | PSNR: 34.101 | MSE: 0.00038895 | BPP: 0.0360 | QP: 44
2026-07-23 02:46:26,067 [INFO ]  [4000/4586] | Loss: 0.097 | PSNR: 34.096 | MSE: 0.00038942 | BPP: 0.0361 | QP: 39
2026-07-23 02:47:29,832 [INFO ]  [4500/4586] | Loss: 0.098 | PSNR: 34.073 | MSE: 0.00039147 | BPP: 0.0361 | QP: 63
2026-07-23 02:47:40,660 [INFO ]  Train epoch 106: Loss: 0.097 | PSNR: 34.026 | MSE: 0.00039574 | BPP: 0.0361
2026-07-23 02:48:37,667 [INFO ]  Val epoch 106: Loss: 0.181 | PSNR: 37.950 | MSE: 0.00016033 | BPP: 0.0584
2026-07-23 02:48:38,843 [INFO ]  Checkpoint epoch 106: best model saved: yes | current loss: 0.181487 | best loss: 0.181487
2026-07-23 02:48:38,843 [INFO ]  Global step updated to: 490702
2026-07-23 02:48:38,843 [INFO ]  ====== Current epoch 107 ======
2026-07-23 02:48:38,843 [INFO ]  Learning rate: 1e-05
2026-07-23 02:48:39,347 [INFO ]  [0/4586] | Loss: 0.102 | PSNR: 41.202 | MSE: 0.00007582 | BPP: 0.0440 | QP: 63
2026-07-23 02:49:44,200 [INFO ]  [500/4586] | Loss: 0.100 | PSNR: 33.895 | MSE: 0.00040789 | BPP: 0.0367 | QP: 61
2026-07-23 02:50:51,540 [INFO ]  [1000/4586] | Loss: 0.099 | PSNR: 33.862 | MSE: 0.00041095 | BPP: 0.0363 | QP: 30
2026-07-23 02:51:55,883 [INFO ]  [1500/4586] | Loss: 0.099 | PSNR: 34.016 | MSE: 0.00039663 | BPP: 0.0366 | QP: 63
2026-07-23 02:52:59,348 [INFO ]  [2000/4586] | Loss: 0.099 | PSNR: 34.007 | MSE: 0.00039746 | BPP: 0.0366 | QP: 15
2026-07-23 02:54:03,738 [INFO ]  [2500/4586] | Loss: 0.098 | PSNR: 34.034 | MSE: 0.00039497 | BPP: 0.0365 | QP: 27
2026-07-23 02:55:08,069 [INFO ]  [3000/4586] | Loss: 0.098 | PSNR: 33.993 | MSE: 0.00039878 | BPP: 0.0364 | QP: 63
2026-07-23 02:56:12,932 [INFO ]  [3500/4586] | Loss: 0.098 | PSNR: 33.986 | MSE: 0.00039941 | BPP: 0.0365 | QP: 13
2026-07-23 02:57:13,460 [INFO ]  [4000/4586] | Loss: 0.099 | PSNR: 34.024 | MSE: 0.00039589 | BPP: 0.0367 | QP: 3
2026-07-23 02:58:11,568 [INFO ]  [4500/4586] | Loss: 0.098 | PSNR: 34.023 | MSE: 0.00039600 | BPP: 0.0366 | QP: 63
2026-07-23 02:58:21,212 [INFO ]  Train epoch 107: Loss: 0.098 | PSNR: 34.020 | MSE: 0.00039632 | BPP: 0.0364
2026-07-23 02:59:11,321 [INFO ]  Val epoch 107: Loss: 0.181 | PSNR: 37.954 | MSE: 0.00016019 | BPP: 0.0583
2026-07-23 02:59:12,441 [INFO ]  Checkpoint epoch 107: best model saved: yes | current loss: 0.181374 | best loss: 0.181374
2026-07-23 02:59:12,442 [INFO ]  Global step updated to: 495288
2026-07-23 02:59:12,442 [INFO ]  ====== Current epoch 108 ======
2026-07-23 02:59:12,442 [INFO ]  Learning rate: 1e-05
2026-07-23 02:59:12,919 [INFO ]  [0/4586] | Loss: 0.216 | PSNR: 37.368 | MSE: 0.00018333 | BPP: 0.0751 | QP: 63
2026-07-23 03:00:10,113 [INFO ]  [500/4586] | Loss: 0.097 | PSNR: 33.737 | MSE: 0.00042291 | BPP: 0.0359 | QP: 4
2026-07-23 03:01:12,865 [INFO ]  [1000/4586] | Loss: 0.096 | PSNR: 33.925 | MSE: 0.00040506 | BPP: 0.0357 | QP: 34
2026-07-23 03:02:11,439 [INFO ]  [1500/4586] | Loss: 0.097 | PSNR: 33.987 | MSE: 0.00039926 | BPP: 0.0360 | QP: 63
2026-07-23 03:03:08,665 [INFO ]  [2000/4586] | Loss: 0.097 | PSNR: 33.993 | MSE: 0.00039875 | BPP: 0.0361 | QP: 41
2026-07-23 03:04:06,915 [INFO ]  [2500/4586] | Loss: 0.098 | PSNR: 33.877 | MSE: 0.00040953 | BPP: 0.0360 | QP: 31
2026-07-23 03:05:09,731 [INFO ]  [3000/4586] | Loss: 0.097 | PSNR: 33.888 | MSE: 0.00040849 | BPP: 0.0360 | QP: 63
2026-07-23 03:06:10,706 [INFO ]  [3500/4586] | Loss: 0.097 | PSNR: 33.896 | MSE: 0.00040780 | BPP: 0.0359 | QP: 24
2026-07-23 03:07:12,493 [INFO ]  [4000/4586] | Loss: 0.097 | PSNR: 33.904 | MSE: 0.00040704 | BPP: 0.0359 | QP: 52
2026-07-23 03:08:15,285 [INFO ]  [4500/4586] | Loss: 0.097 | PSNR: 33.911 | MSE: 0.00040637 | BPP: 0.0358 | QP: 63
2026-07-23 03:08:25,442 [INFO ]  Train epoch 108: Loss: 0.097 | PSNR: 33.899 | MSE: 0.00040747 | BPP: 0.0358
2026-07-23 03:09:21,513 [INFO ]  Val epoch 108: Loss: 0.181 | PSNR: 37.955 | MSE: 0.00016015 | BPP: 0.0583
2026-07-23 03:09:22,574 [INFO ]  Checkpoint epoch 108: best model saved: yes | current loss: 0.181310 | best loss: 0.181310
2026-07-23 03:09:22,574 [INFO ]  Global step updated to: 499874
2026-07-23 03:09:22,574 [INFO ]  ====== Current epoch 109 ======
2026-07-23 03:09:22,574 [INFO ]  Learning rate: 1e-05
2026-07-23 03:09:23,049 [INFO ]  [0/4586] | Loss: 0.285 | PSNR: 35.511 | MSE: 0.00028113 | BPP: 0.0695 | QP: 63
2026-07-23 03:10:25,153 [INFO ]  [500/4586] | Loss: 0.096 | PSNR: 33.986 | MSE: 0.00039940 | BPP: 0.0356 | QP: 21
2026-07-23 03:11:28,060 [INFO ]  [1000/4586] | Loss: 0.098 | PSNR: 33.918 | MSE: 0.00040570 | BPP: 0.0362 | QP: 53
2026-07-23 03:12:33,652 [INFO ]  [1500/4586] | Loss: 0.098 | PSNR: 33.918 | MSE: 0.00040565 | BPP: 0.0361 | QP: 63
2026-07-23 03:13:35,280 [INFO ]  [2000/4586] | Loss: 0.098 | PSNR: 33.994 | MSE: 0.00039866 | BPP: 0.0362 | QP: 22
2026-07-23 03:14:38,937 [INFO ]  [2500/4586] | Loss: 0.099 | PSNR: 34.001 | MSE: 0.00039800 | BPP: 0.0364 | QP: 40
2026-07-23 03:15:43,587 [INFO ]  [3000/4586] | Loss: 0.099 | PSNR: 34.029 | MSE: 0.00039544 | BPP: 0.0365 | QP: 63
2026-07-23 03:16:47,605 [INFO ]  [3500/4586] | Loss: 0.098 | PSNR: 34.026 | MSE: 0.00039571 | BPP: 0.0364 | QP: 31
2026-07-23 03:17:50,831 [INFO ]  [4000/4586] | Loss: 0.099 | PSNR: 34.024 | MSE: 0.00039595 | BPP: 0.0365 | QP: 49
2026-07-23 03:18:54,320 [INFO ]  [4500/4586] | Loss: 0.099 | PSNR: 34.016 | MSE: 0.00039664 | BPP: 0.0365 | QP: 63
2026-07-23 03:19:05,234 [INFO ]  Train epoch 109: Loss: 0.099 | PSNR: 34.030 | MSE: 0.00039535 | BPP: 0.0365
2026-07-23 03:20:03,654 [INFO ]  Val epoch 109: Loss: 0.181 | PSNR: 37.961 | MSE: 0.00015991 | BPP: 0.0584
2026-07-23 03:20:04,776 [INFO ]  Checkpoint epoch 109: best model saved: yes | current loss: 0.181181 | best loss: 0.181181
2026-07-23 03:20:04,776 [INFO ]  Global step updated to: 504460
2026-07-23 03:20:04,776 [INFO ]  ====== Current epoch 110 ======
2026-07-23 03:20:04,776 [INFO ]  Learning rate: 4.000000000000001e-06
2026-07-23 03:20:05,282 [INFO ]  [0/4586] | Loss: 0.217 | PSNR: 36.973 | MSE: 0.00020078 | BPP: 0.0624 | QP: 63
2026-07-23 03:21:09,484 [INFO ]  [500/4586] | Loss: 0.099 | PSNR: 33.872 | MSE: 0.00041005 | BPP: 0.0359 | QP: 60
2026-07-23 03:22:15,887 [INFO ]  [1000/4586] | Loss: 0.100 | PSNR: 33.852 | MSE: 0.00041187 | BPP: 0.0364 | QP: 4
2026-07-23 03:23:22,321 [INFO ]  [1500/4586] | Loss: 0.100 | PSNR: 33.911 | MSE: 0.00040632 | BPP: 0.0366 | QP: 63
2026-07-23 03:24:26,133 [INFO ]  [2000/4586] | Loss: 0.100 | PSNR: 33.958 | MSE: 0.00040202 | BPP: 0.0366 | QP: 42
2026-07-23 03:25:32,162 [INFO ]  [2500/4586] | Loss: 0.099 | PSNR: 33.977 | MSE: 0.00040025 | BPP: 0.0364 | QP: 42
2026-07-23 03:26:37,602 [INFO ]  [3000/4586] | Loss: 0.098 | PSNR: 34.021 | MSE: 0.00039616 | BPP: 0.0362 | QP: 63
2026-07-23 03:27:43,364 [INFO ]  [3500/4586] | Loss: 0.098 | PSNR: 34.042 | MSE: 0.00039423 | BPP: 0.0362 | QP: 42
2026-07-23 03:28:47,015 [INFO ]  [4000/4586] | Loss: 0.098 | PSNR: 34.054 | MSE: 0.00039315 | BPP: 0.0362 | QP: 60
2026-07-23 03:29:51,546 [INFO ]  [4500/4586] | Loss: 0.098 | PSNR: 34.067 | MSE: 0.00039201 | BPP: 0.0363 | QP: 63
2026-07-23 03:30:02,676 [INFO ]  Train epoch 110: Loss: 0.098 | PSNR: 34.047 | MSE: 0.00039384 | BPP: 0.0364
2026-07-23 03:30:59,718 [INFO ]  Val epoch 110: Loss: 0.181 | PSNR: 37.977 | MSE: 0.00015932 | BPP: 0.0583
2026-07-23 03:31:00,963 [INFO ]  Checkpoint epoch 110: best model saved: yes | current loss: 0.180663 | best loss: 0.180663
2026-07-23 03:31:00,963 [INFO ]  Global step updated to: 509046
2026-07-23 03:31:00,964 [INFO ]  ====== Current epoch 111 ======
2026-07-23 03:31:00,964 [INFO ]  Learning rate: 4.000000000000001e-06
2026-07-23 03:31:01,436 [INFO ]  [0/4586] | Loss: 0.319 | PSNR: 34.826 | MSE: 0.00032917 | BPP: 0.0663 | QP: 63
2026-07-23 03:32:05,942 [INFO ]  [500/4586] | Loss: 0.094 | PSNR: 33.971 | MSE: 0.00040081 | BPP: 0.0352 | QP: 37
2026-07-23 03:33:13,777 [INFO ]  [1000/4586] | Loss: 0.095 | PSNR: 34.171 | MSE: 0.00038273 | BPP: 0.0358 | QP: 6
2026-07-23 03:34:19,618 [INFO ]  [1500/4586] | Loss: 0.096 | PSNR: 34.104 | MSE: 0.00038867 | BPP: 0.0360 | QP: 63
2026-07-23 03:35:23,264 [INFO ]  [2000/4586] | Loss: 0.096 | PSNR: 34.051 | MSE: 0.00039349 | BPP: 0.0358 | QP: 21
2026-07-23 03:36:28,407 [INFO ]  [2500/4586] | Loss: 0.096 | PSNR: 34.061 | MSE: 0.00039256 | BPP: 0.0358 | QP: 21
2026-07-23 03:37:28,014 [INFO ]  [3000/4586] | Loss: 0.096 | PSNR: 34.047 | MSE: 0.00039378 | BPP: 0.0360 | QP: 63
2026-07-23 03:38:26,964 [INFO ]  [3500/4586] | Loss: 0.096 | PSNR: 34.057 | MSE: 0.00039289 | BPP: 0.0360 | QP: 38
2026-07-23 03:39:26,885 [INFO ]  [4000/4586] | Loss: 0.097 | PSNR: 34.047 | MSE: 0.00039381 | BPP: 0.0361 | QP: 63
2026-07-23 03:40:29,176 [INFO ]  [4500/4586] | Loss: 0.097 | PSNR: 34.033 | MSE: 0.00039510 | BPP: 0.0361 | QP: 63
2026-07-23 03:40:40,710 [INFO ]  Train epoch 111: Loss: 0.097 | PSNR: 34.028 | MSE: 0.00039554 | BPP: 0.0362
2026-07-23 03:41:37,488 [INFO ]  Val epoch 111: Loss: 0.181 | PSNR: 37.982 | MSE: 0.00015913 | BPP: 0.0583
2026-07-23 03:41:38,590 [INFO ]  Checkpoint epoch 111: best model saved: yes | current loss: 0.180559 | best loss: 0.180559
2026-07-23 03:41:38,590 [INFO ]  Global step updated to: 513632
2026-07-23 03:41:38,591 [INFO ]  ====== Current epoch 112 ======
2026-07-23 03:41:38,591 [INFO ]  Learning rate: 4.000000000000001e-06
2026-07-23 03:41:39,066 [INFO ]  [0/4586] | Loss: 0.189 | PSNR: 37.726 | MSE: 0.00016880 | BPP: 0.0598 | QP: 63
2026-07-23 03:42:40,989 [INFO ]  [500/4586] | Loss: 0.097 | PSNR: 34.131 | MSE: 0.00038626 | BPP: 0.0363 | QP: 30
2026-07-23 03:43:43,302 [INFO ]  [1000/4586] | Loss: 0.098 | PSNR: 34.066 | MSE: 0.00039207 | BPP: 0.0366 | QP: 57
2026-07-23 03:44:46,323 [INFO ]  [1500/4586] | Loss: 0.098 | PSNR: 34.066 | MSE: 0.00039212 | BPP: 0.0366 | QP: 63
2026-07-23 03:45:45,800 [INFO ]  [2000/4586] | Loss: 0.098 | PSNR: 34.070 | MSE: 0.00039174 | BPP: 0.0366 | QP: 28
2026-07-23 03:46:46,892 [INFO ]  [2500/4586] | Loss: 0.098 | PSNR: 34.082 | MSE: 0.00039070 | BPP: 0.0366 | QP: 29
2026-07-23 03:47:51,648 [INFO ]  [3000/4586] | Loss: 0.098 | PSNR: 34.033 | MSE: 0.00039512 | BPP: 0.0364 | QP: 63
2026-07-23 03:48:59,194 [INFO ]  [3500/4586] | Loss: 0.098 | PSNR: 34.015 | MSE: 0.00039671 | BPP: 0.0364 | QP: 54
2026-07-23 03:50:05,367 [INFO ]  [4000/4586] | Loss: 0.098 | PSNR: 33.994 | MSE: 0.00039870 | BPP: 0.0364 | QP: 11
2026-07-23 03:51:09,023 [INFO ]  [4500/4586] | Loss: 0.098 | PSNR: 33.979 | MSE: 0.00040002 | BPP: 0.0364 | QP: 63
2026-07-23 03:51:19,133 [INFO ]  Train epoch 112: Loss: 0.098 | PSNR: 33.994 | MSE: 0.00039863 | BPP: 0.0363
2026-07-23 03:52:17,183 [INFO ]  Val epoch 112: Loss: 0.180 | PSNR: 37.982 | MSE: 0.00015915 | BPP: 0.0582
2026-07-23 03:52:18,224 [INFO ]  Checkpoint epoch 112: best model saved: yes | current loss: 0.180473 | best loss: 0.180473
2026-07-23 03:52:18,224 [INFO ]  Global step updated to: 518218
2026-07-23 03:52:18,224 [INFO ]  ====== Current epoch 113 ======
2026-07-23 03:52:18,224 [INFO ]  Learning rate: 4.000000000000001e-06
2026-07-23 03:52:18,746 [INFO ]  [0/4586] | Loss: 0.268 | PSNR: 35.677 | MSE: 0.00027059 | BPP: 0.0600 | QP: 63
2026-07-23 03:53:27,476 [INFO ]  [500/4586] | Loss: 0.096 | PSNR: 33.791 | MSE: 0.00041774 | BPP: 0.0354 | QP: 42
2026-07-23 03:54:33,111 [INFO ]  [1000/4586] | Loss: 0.098 | PSNR: 34.019 | MSE: 0.00039636 | BPP: 0.0363 | QP: 48
2026-07-23 03:55:38,255 [INFO ]  [1500/4586] | Loss: 0.098 | PSNR: 34.039 | MSE: 0.00039456 | BPP: 0.0364 | QP: 63
2026-07-23 03:56:43,607 [INFO ]  [2000/4586] | Loss: 0.099 | PSNR: 34.025 | MSE: 0.00039584 | BPP: 0.0366 | QP: 5
2026-07-23 03:57:48,845 [INFO ]  [2500/4586] | Loss: 0.099 | PSNR: 34.067 | MSE: 0.00039200 | BPP: 0.0366 | QP: 25
2026-07-23 03:58:53,199 [INFO ]  [3000/4586] | Loss: 0.098 | PSNR: 34.085 | MSE: 0.00039039 | BPP: 0.0366 | QP: 63
2026-07-23 03:59:52,949 [INFO ]  [3500/4586] | Loss: 0.099 | PSNR: 34.061 | MSE: 0.00039258 | BPP: 0.0366 | QP: 40
2026-07-23 04:00:55,417 [INFO ]  [4000/4586] | Loss: 0.098 | PSNR: 34.056 | MSE: 0.00039301 | BPP: 0.0365 | QP: 51
2026-07-23 04:01:55,150 [INFO ]  [4500/4586] | Loss: 0.098 | PSNR: 34.051 | MSE: 0.00039348 | BPP: 0.0364 | QP: 63
2026-07-23 04:02:04,836 [INFO ]  Train epoch 113: Loss: 0.098 | PSNR: 34.036 | MSE: 0.00039480 | BPP: 0.0365
2026-07-23 04:02:56,027 [INFO ]  Val epoch 113: Loss: 0.180 | PSNR: 37.984 | MSE: 0.00015906 | BPP: 0.0583
2026-07-23 04:02:57,283 [INFO ]  Checkpoint epoch 113: best model saved: yes | current loss: 0.180447 | best loss: 0.180447
2026-07-23 04:02:57,283 [INFO ]  Global step updated to: 522804
2026-07-23 04:02:57,283 [INFO ]  ====== Current epoch 114 ======
2026-07-23 04:02:57,283 [INFO ]  Learning rate: 4.000000000000001e-06
2026-07-23 04:02:57,828 [INFO ]  [0/4586] | Loss: 0.150 | PSNR: 38.921 | MSE: 0.00012819 | BPP: 0.0518 | QP: 63
2026-07-23 04:03:55,724 [INFO ]  [500/4586] | Loss: 0.096 | PSNR: 34.062 | MSE: 0.00039245 | BPP: 0.0355 | QP: 57
2026-07-23 04:04:56,468 [INFO ]  [1000/4586] | Loss: 0.093 | PSNR: 34.067 | MSE: 0.00039202 | BPP: 0.0352 | QP: 30
2026-07-23 04:05:57,272 [INFO ]  [1500/4586] | Loss: 0.096 | PSNR: 34.057 | MSE: 0.00039294 | BPP: 0.0359 | QP: 63
2026-07-23 04:06:57,412 [INFO ]  [2000/4586] | Loss: 0.097 | PSNR: 34.091 | MSE: 0.00038989 | BPP: 0.0361 | QP: 46
2026-07-23 04:07:55,700 [INFO ]  [2500/4586] | Loss: 0.097 | PSNR: 34.036 | MSE: 0.00039480 | BPP: 0.0362 | QP: 52
2026-07-23 04:08:56,086 [INFO ]  [3000/4586] | Loss: 0.097 | PSNR: 34.003 | MSE: 0.00039783 | BPP: 0.0362 | QP: 63
2026-07-23 04:09:56,737 [INFO ]  [3500/4586] | Loss: 0.097 | PSNR: 33.994 | MSE: 0.00039866 | BPP: 0.0361 | QP: 43
2026-07-23 04:10:56,603 [INFO ]  [4000/4586] | Loss: 0.097 | PSNR: 33.980 | MSE: 0.00039992 | BPP: 0.0360 | QP: 62
2026-07-23 04:11:53,289 [INFO ]  [4500/4586] | Loss: 0.097 | PSNR: 33.999 | MSE: 0.00039819 | BPP: 0.0360 | QP: 63
2026-07-23 04:12:02,736 [INFO ]  Train epoch 114: Loss: 0.097 | PSNR: 33.996 | MSE: 0.00039848 | BPP: 0.0361
2026-07-23 04:12:53,268 [INFO ]  Val epoch 114: Loss: 0.180 | PSNR: 37.988 | MSE: 0.00015893 | BPP: 0.0584
2026-07-23 04:12:54,446 [INFO ]  Checkpoint epoch 114: best model saved: yes | current loss: 0.180425 | best loss: 0.180425
2026-07-23 04:12:54,446 [INFO ]  Global step updated to: 527390
2026-07-23 04:12:54,446 [INFO ]  ====== Current epoch 115 ======
2026-07-23 04:12:54,446 [INFO ]  Learning rate: 1.0000000000000002e-06
2026-07-23 04:12:54,954 [INFO ]  [0/4586] | Loss: 0.113 | PSNR: 40.530 | MSE: 0.00008850 | BPP: 0.0449 | QP: 63
2026-07-23 04:13:53,363 [INFO ]  [500/4586] | Loss: 0.091 | PSNR: 34.024 | MSE: 0.00039594 | BPP: 0.0348 | QP: 45
2026-07-23 04:14:50,459 [INFO ]  [1000/4586] | Loss: 0.094 | PSNR: 33.982 | MSE: 0.00039974 | BPP: 0.0353 | QP: 32
2026-07-23 04:15:48,892 [INFO ]  [1500/4586] | Loss: 0.095 | PSNR: 33.886 | MSE: 0.00040869 | BPP: 0.0354 | QP: 63
2026-07-23 04:16:46,547 [INFO ]  [2000/4586] | Loss: 0.095 | PSNR: 33.892 | MSE: 0.00040817 | BPP: 0.0357 | QP: 23
2026-07-23 04:17:44,213 [INFO ]  [2500/4586] | Loss: 0.096 | PSNR: 33.909 | MSE: 0.00040652 | BPP: 0.0358 | QP: 34
2026-07-23 04:18:43,663 [INFO ]  [3000/4586] | Loss: 0.096 | PSNR: 33.914 | MSE: 0.00040608 | BPP: 0.0357 | QP: 63
2026-07-23 04:19:42,468 [INFO ]  [3500/4586] | Loss: 0.097 | PSNR: 33.937 | MSE: 0.00040393 | BPP: 0.0360 | QP: 28
2026-07-23 04:20:38,449 [INFO ]  [4000/4586] | Loss: 0.096 | PSNR: 33.956 | MSE: 0.00040218 | BPP: 0.0359 | QP: 54
2026-07-23 04:21:35,499 [INFO ]  [4500/4586] | Loss: 0.096 | PSNR: 33.976 | MSE: 0.00040028 | BPP: 0.0359 | QP: 63
2026-07-23 04:21:44,975 [INFO ]  Train epoch 115: Loss: 0.097 | PSNR: 34.020 | MSE: 0.00039629 | BPP: 0.0361
2026-07-23 04:22:39,279 [INFO ]  Val epoch 115: Loss: 0.180 | PSNR: 37.996 | MSE: 0.00015865 | BPP: 0.0583
2026-07-23 04:22:40,389 [INFO ]  Checkpoint epoch 115: best model saved: yes | current loss: 0.180161 | best loss: 0.180161
2026-07-23 04:22:40,389 [INFO ]  Global step updated to: 531976
2026-07-23 04:22:40,389 [INFO ]  ====== Current epoch 116 ======
2026-07-23 04:22:40,389 [INFO ]  Learning rate: 1.0000000000000002e-06
2026-07-23 04:22:40,882 [INFO ]  [0/4586] | Loss: 0.186 | PSNR: 37.872 | MSE: 0.00016322 | BPP: 0.0610 | QP: 63
2026-07-23 04:23:38,153 [INFO ]  [500/4586] | Loss: 0.099 | PSNR: 34.153 | MSE: 0.00038432 | BPP: 0.0370 | QP: 57
2026-07-23 04:24:34,835 [INFO ]  [1000/4586] | Loss: 0.100 | PSNR: 34.193 | MSE: 0.00038079 | BPP: 0.0371 | QP: 42
2026-07-23 04:25:31,369 [INFO ]  [1500/4586] | Loss: 0.098 | PSNR: 34.120 | MSE: 0.00038723 | BPP: 0.0367 | QP: 63
2026-07-23 04:26:28,129 [INFO ]  [2000/4586] | Loss: 0.098 | PSNR: 34.127 | MSE: 0.00038660 | BPP: 0.0366 | QP: 8
2026-07-23 04:27:28,065 [INFO ]  [2500/4586] | Loss: 0.098 | PSNR: 34.064 | MSE: 0.00039230 | BPP: 0.0365 | QP: 36
2026-07-23 04:28:23,942 [INFO ]  [3000/4586] | Loss: 0.098 | PSNR: 34.059 | MSE: 0.00039275 | BPP: 0.0365 | QP: 63
2026-07-23 04:29:20,711 [INFO ]  [3500/4586] | Loss: 0.097 | PSNR: 34.067 | MSE: 0.00039202 | BPP: 0.0363 | QP: 41
2026-07-23 04:30:19,207 [INFO ]  [4000/4586] | Loss: 0.097 | PSNR: 34.077 | MSE: 0.00039113 | BPP: 0.0363 | QP: 16
2026-07-23 04:31:18,863 [INFO ]  [4500/4586] | Loss: 0.097 | PSNR: 34.058 | MSE: 0.00039283 | BPP: 0.0363 | QP: 63
2026-07-23 04:31:28,393 [INFO ]  Train epoch 116: Loss: 0.098 | PSNR: 34.054 | MSE: 0.00039321 | BPP: 0.0364
2026-07-23 04:32:19,431 [INFO ]  Val epoch 116: Loss: 0.180 | PSNR: 37.996 | MSE: 0.00015863 | BPP: 0.0583
2026-07-23 04:32:20,583 [INFO ]  Checkpoint epoch 116: best model saved: yes | current loss: 0.180123 | best loss: 0.180123
2026-07-23 04:32:20,584 [INFO ]  Global step updated to: 536562
2026-07-23 04:32:20,584 [INFO ]  ====== Current epoch 117 ======
2026-07-23 04:32:20,584 [INFO ]  Learning rate: 1.0000000000000002e-06
2026-07-23 04:32:21,070 [INFO ]  [0/4586] | Loss: 0.140 | PSNR: 39.441 | MSE: 0.00011372 | BPP: 0.0527 | QP: 63
2026-07-23 04:33:18,437 [INFO ]  [500/4586] | Loss: 0.100 | PSNR: 34.119 | MSE: 0.00038735 | BPP: 0.0367 | QP: 21
2026-07-23 04:34:14,801 [INFO ]  [1000/4586] | Loss: 0.096 | PSNR: 34.049 | MSE: 0.00039369 | BPP: 0.0359 | QP: 49
2026-07-23 04:35:13,553 [INFO ]  [1500/4586] | Loss: 0.098 | PSNR: 34.092 | MSE: 0.00038977 | BPP: 0.0363 | QP: 63
2026-07-23 04:36:11,524 [INFO ]  [2000/4586] | Loss: 0.097 | PSNR: 34.061 | MSE: 0.00039256 | BPP: 0.0362 | QP: 49
2026-07-23 04:37:07,771 [INFO ]  [2500/4586] | Loss: 0.097 | PSNR: 34.037 | MSE: 0.00039472 | BPP: 0.0362 | QP: 47
2026-07-23 04:38:04,263 [INFO ]  [3000/4586] | Loss: 0.097 | PSNR: 34.048 | MSE: 0.00039377 | BPP: 0.0363 | QP: 63
2026-07-23 04:39:02,685 [INFO ]  [3500/4586] | Loss: 0.097 | PSNR: 34.074 | MSE: 0.00039134 | BPP: 0.0362 | QP: 23
2026-07-23 04:40:00,103 [INFO ]  [4000/4586] | Loss: 0.097 | PSNR: 34.094 | MSE: 0.00038958 | BPP: 0.0363 | QP: 45
2026-07-23 04:40:57,396 [INFO ]  [4500/4586] | Loss: 0.097 | PSNR: 34.070 | MSE: 0.00039173 | BPP: 0.0363 | QP: 63
2026-07-23 04:41:06,823 [INFO ]  Train epoch 117: Loss: 0.098 | PSNR: 34.050 | MSE: 0.00039355 | BPP: 0.0364
2026-07-23 04:41:57,525 [INFO ]  Val epoch 117: Loss: 0.180 | PSNR: 37.998 | MSE: 0.00015856 | BPP: 0.0583
2026-07-23 04:41:58,608 [INFO ]  Checkpoint epoch 117: best model saved: yes | current loss: 0.180112 | best loss: 0.180112
2026-07-23 04:41:58,608 [INFO ]  Global step updated to: 541148
2026-07-23 04:41:58,608 [INFO ]  ====== Current epoch 118 ======
2026-07-23 04:41:58,608 [INFO ]  Learning rate: 1.0000000000000002e-06
2026-07-23 04:41:59,088 [INFO ]  [0/4586] | Loss: 0.099 | PSNR: 41.374 | MSE: 0.00007288 | BPP: 0.0429 | QP: 63
2026-07-23 04:42:56,202 [INFO ]  [500/4586] | Loss: 0.097 | PSNR: 34.083 | MSE: 0.00039057 | BPP: 0.0362 | QP: 6
2026-07-23 04:43:55,915 [INFO ]  [1000/4586] | Loss: 0.098 | PSNR: 33.932 | MSE: 0.00040435 | BPP: 0.0361 | QP: 39
2026-07-23 04:44:52,595 [INFO ]  [1500/4586] | Loss: 0.098 | PSNR: 34.006 | MSE: 0.00039756 | BPP: 0.0362 | QP: 63
2026-07-23 04:45:48,202 [INFO ]  [2000/4586] | Loss: 0.097 | PSNR: 33.908 | MSE: 0.00040660 | BPP: 0.0359 | QP: 2
2026-07-23 04:46:44,079 [INFO ]  [2500/4586] | Loss: 0.096 | PSNR: 33.957 | MSE: 0.00040206 | BPP: 0.0360 | QP: 49
2026-07-23 04:47:44,431 [INFO ]  [3000/4586] | Loss: 0.097 | PSNR: 34.010 | MSE: 0.00039722 | BPP: 0.0361 | QP: 63
2026-07-23 04:48:41,628 [INFO ]  [3500/4586] | Loss: 0.097 | PSNR: 34.041 | MSE: 0.00039434 | BPP: 0.0362 | QP: 32
2026-07-23 04:49:38,034 [INFO ]  [4000/4586] | Loss: 0.098 | PSNR: 34.034 | MSE: 0.00039500 | BPP: 0.0363 | QP: 54
2026-07-23 04:50:34,346 [INFO ]  [4500/4586] | Loss: 0.098 | PSNR: 34.044 | MSE: 0.00039407 | BPP: 0.0363 | QP: 63
2026-07-23 04:50:43,740 [INFO ]  Train epoch 118: Loss: 0.098 | PSNR: 34.036 | MSE: 0.00039484 | BPP: 0.0364
2026-07-23 04:51:37,693 [INFO ]  Val epoch 118: Loss: 0.180 | PSNR: 37.999 | MSE: 0.00015853 | BPP: 0.0583
2026-07-23 04:51:38,971 [INFO ]  Checkpoint epoch 118: best model saved: yes | current loss: 0.180072 | best loss: 0.180072
2026-07-23 04:51:38,971 [INFO ]  Global step updated to: 545734
2026-07-23 04:51:38,971 [INFO ]  ====== Current epoch 119 ======
2026-07-23 04:51:38,971 [INFO ]  Learning rate: 1.0000000000000002e-06
2026-07-23 04:51:39,455 [INFO ]  [0/4586] | Loss: 0.332 | PSNR: 34.971 | MSE: 0.00031833 | BPP: 0.0872 | QP: 63
2026-07-23 04:52:36,164 [INFO ]  [500/4586] | Loss: 0.095 | PSNR: 33.866 | MSE: 0.00041060 | BPP: 0.0350 | QP: 44
2026-07-23 04:53:31,825 [INFO ]  [1000/4586] | Loss: 0.097 | PSNR: 34.006 | MSE: 0.00039754 | BPP: 0.0361 | QP: 30
2026-07-23 04:54:27,779 [INFO ]  [1500/4586] | Loss: 0.098 | PSNR: 33.973 | MSE: 0.00040059 | BPP: 0.0363 | QP: 63
2026-07-23 04:55:27,593 [INFO ]  [2000/4586] | Loss: 0.097 | PSNR: 33.972 | MSE: 0.00040068 | BPP: 0.0361 | QP: 23
2026-07-23 04:56:27,000 [INFO ]  [2500/4586] | Loss: 0.097 | PSNR: 33.953 | MSE: 0.00040240 | BPP: 0.0359 | QP: 59
2026-07-23 04:57:23,255 [INFO ]  [3000/4586] | Loss: 0.097 | PSNR: 33.993 | MSE: 0.00039879 | BPP: 0.0361 | QP: 63
2026-07-23 04:58:19,907 [INFO ]  [3500/4586] | Loss: 0.097 | PSNR: 33.973 | MSE: 0.00040062 | BPP: 0.0361 | QP: 56
2026-07-23 04:59:16,242 [INFO ]  [4000/4586] | Loss: 0.097 | PSNR: 33.983 | MSE: 0.00039964 | BPP: 0.0361 | QP: 34
2026-07-23 05:00:14,794 [INFO ]  [4500/4586] | Loss: 0.097 | PSNR: 33.982 | MSE: 0.00039974 | BPP: 0.0361 | QP: 63
2026-07-23 05:00:24,115 [INFO ]  Train epoch 119: Loss: 0.097 | PSNR: 33.984 | MSE: 0.00039960 | BPP: 0.0361
2026-07-23 05:01:15,481 [INFO ]  Val epoch 119: Loss: 0.180 | PSNR: 37.999 | MSE: 0.00015852 | BPP: 0.0583
2026-07-23 05:01:16,324 [INFO ]  Checkpoint epoch 119: best model saved: no | current loss: 0.180083 | best loss: 0.180072
2026-07-23 05:01:16,324 [INFO ]  Global step updated to: 550320
